故障编码,故障域,故障名称,故障表现（验证方法）,故障原因,解决办法
urma_001,用户,初始化URMA资源所需输入对象无效导致初始化端口失败,关键日志：匹配`init_active_indices`，匹配`Invalid port_count:`；日志路径：系统日志文件（URMA_LOG_PATH）,函数用于初始化端口，调用方传入的初始化URMA资源所需输入对象不满足接口前置条件，无法继续完成本次URMA操作。,无
urma_002,用户,初始化URMA资源所需输入对象无效导致激活端口失败,"关键日志：匹配`init_active_indices`，匹配`Invalid active port id, value: 0x`，匹配`x.`；日志路径：系统日志文件（URMA_LOG_PATH）",函数用于激活端口，调用方传入的初始化URMA资源所需输入对象不满足接口前置条件，无法继续完成本次URMA操作。,无
urma_003,URMA,未找到可用于初始化端口的有效对象或路由,关键日志：匹配`init_target_active_indices`，匹配`Failed to find connected port`；日志路径：系统日志文件（URMA_LOG_PATH）,函数在初始化端口过程中需要查找已建立的资源、端口或路由映射，但当前表项缺失或状态不可用，导致后续操作无法定位目标。,无
urma_004,URMA,初始化JFS过程中依赖步骤失败,关键日志：匹配`bondp_del_jfs_p_vjetty_info`，匹配`Failed to init active indices`；日志路径：系统日志文件（URMA_LOG_PATH）,函数用于初始化JFS，执行过程中依赖的参数校验、状态转换、下层provider调用或系统资源处理未成功，导致本次URMA操作失败。,无
urma_005,URMA,JFS数据通路处理失败,关键日志：匹配`bondp_del_jfs_p_vjetty_info`，匹配`Failed to init jfs wr buf`；日志路径：系统日志文件（URMA_LOG_PATH）,函数处理URMA数据收发路径，需要完成WR转换、投递、完成事件处理或重传，相关对象状态或下层操作失败导致数据通路中断。,无
urma_006,URMA,初始化JFR过程中依赖步骤失败,关键日志：匹配`bondp_create_vjfr`，匹配`bondp init jfr fail:`；日志路径：系统日志文件（URMA_LOG_PATH）,函数用于初始化JFR，执行过程中依赖的参数校验、状态转换、下层provider调用或系统资源处理未成功，导致本次URMA操作失败。,无
urma_007,URMA,初始化JFR过程中依赖步骤失败,关键日志：匹配`bondp_del_jfr_p_vjetty_info`，匹配`Failed to init active indices`；日志路径：系统日志文件（URMA_LOG_PATH）,函数用于初始化JFR，执行过程中依赖的参数校验、状态转换、下层provider调用或系统资源处理未成功，导致本次URMA操作失败。,无
urma_008,URMA,JFR数据通路处理失败,关键日志：匹配`bondp_del_jfr_p_vjetty_info`，匹配`Failed to init jfr wr buf`；日志路径：系统日志文件（URMA_LOG_PATH）,函数处理URMA数据收发路径，需要完成WR转换、投递、完成事件处理或重传，相关对象状态或下层操作失败导致数据通路中断。,无
urma_009,URMA,初始化Jetty过程中依赖步骤失败,关键日志：匹配`bondp_del_jetty_p_vjetty_info`，匹配`Failed to init active indices`；日志路径：系统日志文件（URMA_LOG_PATH）,函数用于初始化Jetty，执行过程中依赖的参数校验、状态转换、下层provider调用或系统资源处理未成功，导致本次URMA操作失败。,无
urma_010,URMA,Jetty数据通路处理失败,关键日志：匹配`bondp_del_jetty_p_vjetty_info`，匹配`Failed to init jetty send wr buf`；日志路径：系统日志文件（URMA_LOG_PATH）,函数处理URMA数据收发路径，需要完成WR转换、投递、完成事件处理或重传，相关对象状态或下层操作失败导致数据通路中断。,无
urma_011,URMA,Jetty数据通路处理失败,关键日志：匹配`bondp_del_jetty_p_vjetty_info`，匹配`Failed to init jetty recv wr buf`；日志路径：系统日志文件（URMA_LOG_PATH）,函数处理URMA数据收发路径，需要完成WR转换、投递、完成事件处理或重传，相关对象状态或下层操作失败导致数据通路中断。,无
urma_012,URMA,初始化物理 Jetty过程中依赖步骤失败,关键日志：匹配`bondp_unimport_pjetty`，匹配`Failed to init active indices`；日志路径：系统日志文件（URMA_LOG_PATH）,函数用于初始化物理 Jetty，执行过程中依赖的参数校验、状态转换、下层provider调用或系统资源处理未成功，导致本次URMA操作失败。,无
urma_013,URMA,初始化物理 Jetty过程中依赖步骤失败,关键日志：匹配`bondp_unimport_pjetty`，匹配`Failed to init target active indices`；日志路径：系统日志文件（URMA_LOG_PATH）,函数用于初始化物理 Jetty，执行过程中依赖的参数校验、状态转换、下层provider调用或系统资源处理未成功，导致本次URMA操作失败。,无
urma_014,URMA,初始化物理 JFR过程中依赖步骤失败,关键日志：匹配`bondp_unimport_pjfr`，匹配`Failed to init active indices`；日志路径：系统日志文件（URMA_LOG_PATH）,函数用于初始化物理 JFR，执行过程中依赖的参数校验、状态转换、下层provider调用或系统资源处理未成功，导致本次URMA操作失败。,无
urma_015,URMA,初始化物理 JFR过程中依赖步骤失败,关键日志：匹配`bondp_unimport_pjfr`，匹配`Failed to init target active indices`；日志路径：系统日志文件（URMA_LOG_PATH）,函数用于初始化物理 JFR，执行过程中依赖的参数校验、状态转换、下层provider调用或系统资源处理未成功，导致本次URMA操作失败。,无
urma_016,URMA,初始化URMA资源过程中依赖步骤失败,关键日志：匹配`bdp_v_conn_init`，匹配`Failed to init slide window in bdp_v_conn_table_add`；日志路径：系统日志文件（URMA_LOG_PATH）,函数用于初始化URMA资源，执行过程中依赖的参数校验、状态转换、下层provider调用或系统资源处理未成功，导致本次URMA操作失败。,无
urma_017,用户,URMA context、provider操作表、JFS对象无效导致投递JFS失败,关键日志：匹配`urma_write_affinity`，匹配`Invalid parameter.`；日志路径：系统日志文件（URMA_LOG_PATH）,函数用于投递JFS，调用方传入的URMA context、provider操作表、JFS对象不满足接口前置条件，无法继续完成本次URMA操作。,无
urma_018,URMA,初始化健康检查过程中依赖步骤失败,关键日志：匹配`bondp_create_health_check_ctx`，匹配`Failed to init health event lock`；日志路径：系统日志文件（URMA_LOG_PATH）,函数用于初始化健康检查，执行过程中依赖的参数校验、状态转换、下层provider调用或系统资源处理未成功，导致本次URMA操作失败。,无
urma_019,硬件,设备注册时下层资源准备失败,关键日志：匹配`urma_provider_bond_init`，匹配`Provider Bond register ops failed.`；日志路径：系统日志文件（URMA_LOG_PATH）,函数负责注册设备，依赖的provider接口、驱动命令、子资源或路由信息未成功返回，导致资源无法建立。,无
urma_020,硬件,URMA资源注册时下层资源准备失败,关键日志：匹配`urma_provider_bond_uninit`，匹配`Provider Bond register ops not registered.`；日志路径：系统日志文件（URMA_LOG_PATH）,函数负责注册URMA资源，依赖的provider接口、驱动命令、子资源或路由信息未成功返回，导致资源无法建立。,无
urma_021,OS,context相关临时结构或命令参数分配失败,关键日志：匹配`bondp_global_ctx_init`，匹配`Failed to alloc global context`；日志路径：系统日志文件（URMA_LOG_PATH）,函数在分配context前需要申请命令参数、资源描述或临时缓存，内存分配失败会阻断后续URMA资源处理。,无
urma_022,硬件,context创建时下层资源准备失败,关键日志：匹配`bondp_init`，匹配`Failed to create global context.`；日志路径：系统日志文件（URMA_LOG_PATH）,函数负责创建context，依赖的provider接口、驱动命令、子资源或路由信息未成功返回，导致资源无法建立。,无
urma_023,URMA,初始化context过程中依赖步骤失败,关键日志：匹配`bondp_init`，匹配`Failed to init bondp netlink context.`；日志路径：系统日志文件（URMA_LOG_PATH）,函数用于初始化context，执行过程中依赖的参数校验、状态转换、下层provider调用或系统资源处理未成功，导致本次URMA操作失败。,无
urma_024,OS,设备、EID、端口、能力或字符设备路径信息的sysfs读取或解析失败,关键日志：匹配`bondp_init`，匹配`Failed to start health check thread.`；日志路径：系统日志文件（URMA_LOG_PATH）,函数需要从sysfs获取设备、EID、端口、能力或字符设备路径信息来构建设备上下文，文件打开、读取或内容解析失败导致URMA无法完成设备发现或能力初始化。,无
urma_025,URMA,context清理阶段下层释放操作失败,关键日志：匹配`bondp_uninit`，匹配`Failed to delete global context.`；日志路径：系统日志文件（URMA_LOG_PATH）,函数负责释放或撤销context相关资源，下层provider、驱动或引用状态返回失败，可能残留已创建的URMA资源。,无
urma_026,URMA,获取设备过程中依赖步骤失败,关键日志：匹配`bondp_init_member_eid_info_list`，匹配`Failed to get slave device info`；日志路径：系统日志文件（URMA_LOG_PATH）,函数用于获取设备，执行过程中依赖的参数校验、状态转换、下层provider调用或系统资源处理未成功，导致本次URMA操作失败。,无
urma_027,用户,设备对象无效导致初始化设备失败,关键日志：匹配`bondp_init_member_eid_info_list`，匹配`Invalid slave device number`，匹配`of device`；日志路径：系统日志文件（URMA_LOG_PATH）,函数用于初始化设备，调用方传入的设备对象不满足接口前置条件，无法继续完成本次URMA操作。,无
urma_028,URMA,获取设备过程中依赖步骤失败,关键日志：匹配`bondp_init_member_eid_info_list`，匹配`Failed to get device by name`；日志路径：系统日志文件（URMA_LOG_PATH）,函数用于获取设备，执行过程中依赖的参数校验、状态转换、下层provider调用或系统资源处理未成功，导致本次URMA操作失败。,无
urma_029,URMA,初始化端口过程中依赖步骤失败,关键日志：匹配`bondp_create_pcontext`，匹配`Failed to init port info list`；日志路径：系统日志文件（URMA_LOG_PATH）,函数用于初始化端口，执行过程中依赖的参数校验、状态转换、下层provider调用或系统资源处理未成功，导致本次URMA操作失败。,无
urma_030,URMA,删除context过程中依赖步骤失败,关键日志：匹配`bondp_delete_pcontext`，匹配`Uninitialized variables`；日志路径：系统日志文件（URMA_LOG_PATH）,函数用于删除context，执行过程中依赖的参数校验、状态转换、下层provider调用或系统资源处理未成功，导致本次URMA操作失败。,无
urma_031,用户,初始化URMA资源所需输入对象无效导致初始化URMA资源失败,关键日志：匹配`bdp_slide_wnd_init`，匹配`Invalid param wnd`；日志路径：系统日志文件（URMA_LOG_PATH）,函数用于初始化URMA资源，调用方传入的初始化URMA资源所需输入对象不满足接口前置条件，无法继续完成本次URMA操作。,无
urma_032,用户,初始化URMA资源所需输入对象无效导致初始化URMA资源失败,关键日志：匹配`bdp_slide_wnd_init`，匹配`Invalid param: total_size <= window_size`；日志路径：系统日志文件（URMA_LOG_PATH）,函数用于初始化URMA资源，调用方传入的初始化URMA资源所需输入对象不满足接口前置条件，无法继续完成本次URMA操作。,无
urma_033,URMA,初始化URMA资源过程中依赖步骤失败,关键日志：匹配`bdp_slide_wnd_init`，匹配`Failed to init bitmap`；日志路径：系统日志文件（URMA_LOG_PATH）,函数用于初始化URMA资源，执行过程中依赖的参数校验、状态转换、下层provider调用或系统资源处理未成功，导致本次URMA操作失败。,无
urma_034,用户,执行URMA资源所需输入对象无效导致释放URMA资源失败,关键日志：匹配`bdp_slide_wnd_uninit`，匹配`Invalid param wnd`；日志路径：系统日志文件（URMA_LOG_PATH）,函数用于释放URMA资源，调用方传入的执行URMA资源所需输入对象不满足接口前置条件，无法继续完成本次URMA操作。,无
urma_035,用户,初始化Jetty所需输入对象无效导致初始化Jetty失败,关键日志：匹配`init_create_jetty_cmd`，匹配`Invalid parameter`；日志路径：系统日志文件（URMA_LOG_PATH）,函数用于初始化Jetty，调用方传入的初始化Jetty所需输入对象不满足接口前置条件，无法继续完成本次URMA操作。,无
urma_036,用户,JFR对象无效导致初始化Jetty失败,关键日志：匹配`init_create_jetty_cmd`，匹配`Invalid parameter`；日志路径：系统日志文件（URMA_LOG_PATH）,函数用于初始化Jetty，调用方传入的JFR对象不满足接口前置条件，无法继续完成本次URMA操作。,无
urma_037,硬件,Jetty初始化时下层资源准备失败,关键日志：匹配`urma_cmd_create_jetty`，匹配`failed to init create jetty cmd`；日志路径：系统日志文件（URMA_LOG_PATH）,函数负责初始化Jetty，依赖的provider接口、驱动命令、子资源或路由信息未成功返回，导致资源无法建立。,无
urma_038,OS,Jetty相关临时结构或命令参数分配失败,关键日志：匹配`urma_cmd_alloc_jetty`，匹配`failed to init alloc jetty cmd`；日志路径：系统日志文件（URMA_LOG_PATH）,函数在初始化Jetty前需要申请命令参数、资源描述或临时缓存，内存分配失败会阻断后续URMA资源处理。,无
urma_039,URMA,执行URMA资源过程中依赖步骤失败,"关键日志：匹配`urma_close_provider`，匹配`close failed, err:`；日志路径：系统日志文件（URMA_LOG_PATH）",函数用于执行URMA资源，执行过程中依赖的参数校验、状态转换、下层provider调用或系统资源处理未成功，导致本次URMA操作失败。,无
urma_040,URMA,打开URMA资源过程中依赖步骤失败,关键日志：匹配`urma_open_provider`，匹配`doesn't exist or doesn't have permission.`；日志路径：系统日志文件（URMA_LOG_PATH）,函数用于打开URMA资源，执行过程中依赖的参数校验、状态转换、下层provider调用或系统资源处理未成功，导致本次URMA操作失败。,无
urma_041,URMA,打开URMA资源过程中依赖步骤失败,关键日志：匹配`urma_open_provider`，匹配`realpath failed.`；日志路径：系统日志文件（URMA_LOG_PATH）,函数用于打开URMA资源，执行过程中依赖的参数校验、状态转换、下层provider调用或系统资源处理未成功，导致本次URMA操作失败。,无
urma_042,OS,设备、EID、端口、能力或字符设备路径信息的sysfs读取或解析失败,"关键日志：匹配`urma_open_provider`，匹配`open failed, err:`；日志路径：系统日志文件（URMA_LOG_PATH）",函数需要从sysfs获取设备、EID、端口、能力或字符设备路径信息来构建设备上下文，文件打开、读取或内容解析失败导致URMA无法完成设备发现或能力初始化。,无
urma_043,用户,注册URMA资源所需输入对象无效导致注册URMA资源失败,关键日志：匹配`urma_register_provider_ops`，匹配`Invalid parameter.`；日志路径：系统日志文件（URMA_LOG_PATH）,函数用于注册URMA资源，调用方传入的注册URMA资源所需输入对象不满足接口前置条件，无法继续完成本次URMA操作。,无
urma_044,用户,provider操作表无效导致注销URMA资源失败,关键日志：匹配`urma_unregister_provider_ops`，匹配`Invalid parameter.`；日志路径：系统日志文件（URMA_LOG_PATH）,函数用于注销URMA资源，调用方传入的provider操作表不满足接口前置条件，无法继续完成本次URMA操作。,无
urma_045,OS,设备、EID、端口、能力或字符设备路径信息的sysfs读取或解析失败,关键日志：匹配`urma_open_drivers`，匹配`Failed to open provider`；日志路径：系统日志文件（URMA_LOG_PATH）,函数需要从sysfs获取设备、EID、端口、能力或字符设备路径信息来构建设备上下文，文件打开、读取或内容解析失败导致URMA无法完成设备发现或能力初始化。,无
urma_046,URMA,初始化URMA资源过程中依赖步骤失败,关键日志：匹配`urma_init`，匹配`urma_init has been called before.`；日志路径：系统日志文件（URMA_LOG_PATH）,函数用于初始化URMA资源，执行过程中依赖的参数校验、状态转换、下层provider调用或系统资源处理未成功，导致本次URMA操作失败。,查看/usr/lib64/urma目录下，是否存在liburma_udma.so等驱动文件，或查看文件是否具备x权限，完成正确部署后重试
urma_047,硬件,URMA资源初始化时下层资源准备失败,关键日志：匹配`urma_init`，匹配`None of the providers registered.`；日志路径：系统日志文件（URMA_LOG_PATH）,函数负责初始化URMA资源，依赖的provider接口、驱动命令、子资源或路由信息未成功返回，导致资源无法建立。,查看/usr/lib64/urma目录下，是否存在liburma_udma.so等驱动文件，或查看文件是否具备x权限，完成正确部署后重试
urma_048,用户,执行URMA资源所需输入对象无效导致释放设备失败,关键日志：匹配`urma_uninit`，匹配`Invalid parameter.`；日志路径：系统日志文件（URMA_LOG_PATH）,函数用于释放设备，调用方传入的执行URMA资源所需输入对象不满足接口前置条件，无法继续完成本次URMA操作。,无
urma_049,URMA,初始化context过程中依赖步骤失败,关键日志：匹配`urma_start_perf`，匹配`Urma perf failed to initialize performance record context`；日志路径：系统日志文件（URMA_LOG_PATH）,函数用于初始化context，执行过程中依赖的参数校验、状态转换、下层provider调用或系统资源处理未成功，导致本次URMA操作失败。,无
urma_050,URMA,执行context过程中依赖步骤失败,关键日志：匹配`urma_stop_perf`，匹配`Urma perf failed to uninitialize performance record context`；日志路径：系统日志文件（URMA_LOG_PATH）；向下级匹配。,向下级匹配。,向下级匹配。
urma_051,URMA,执行虚拟 JFS过程中依赖步骤失败,"关键日志：匹配`bondp_add_jfs_p_vjetty_id_info`，匹配`Failed to add p_vjfs_id[`，匹配`]: ret:`，匹配`, p_jfs_id:`，匹配`, v_jfs_id:`；日志路径：系统日志文件（URMA_LOG_PATH）",函数用于执行虚拟 JFS，执行过程中依赖的参数校验、状态转换、下层provider调用或系统资源处理未成功，导致本次URMA操作失败。,无
urma_052,URMA,虚拟 JFS清理阶段下层释放操作失败,关键日志：匹配`bondp_del_jfs_p_vjetty_info_without_lock`，匹配`Failed to delete p_vjfs_id node[`，匹配`]: ret:`，匹配`pjfs_id:`；日志路径：系统日志文件（URMA_LOG_PATH）,函数负责释放或撤销虚拟 JFS相关资源，下层provider、驱动或引用状态返回失败，可能残留已创建的URMA资源。,无
urma_053,硬件,组件创建时下层资源准备失败,关键日志：匹配`bondp_del_jfs_p_vjetty_info`，匹配`Failed to create bondp comp`；日志路径：系统日志文件（URMA_LOG_PATH）,函数负责创建组件，依赖的provider接口、驱动命令、子资源或路由信息未成功返回，导致资源无法建立。,无
urma_054,硬件,物理 JFS创建时下层资源准备失败,关键日志：匹配`bondp_del_jfs_p_vjetty_info`，匹配`Failed to create pjfs`；日志路径：系统日志文件（URMA_LOG_PATH）,函数负责创建物理 JFS，依赖的provider接口、驱动命令、子资源或路由信息未成功返回，导致资源无法建立。,无
urma_055,硬件,虚拟 JFS创建时下层资源准备失败,关键日志：匹配`bondp_del_jfs_p_vjetty_info`，匹配`Failed to create vjfs`；日志路径：系统日志文件（URMA_LOG_PATH）,函数负责创建虚拟 JFS，依赖的provider接口、驱动命令、子资源或路由信息未成功返回，导致资源无法建立。,无
urma_056,URMA,创建JFS过程中依赖步骤失败,关键日志：匹配`bondp_del_jfs_p_vjetty_info`，匹配`Failed to add jfs p_vjetty_id info`；日志路径：系统日志文件（URMA_LOG_PATH）,函数用于创建JFS，执行过程中依赖的参数校验、状态转换、下层provider调用或系统资源处理未成功，导致本次URMA操作失败。,无
urma_057,硬件,JFS创建时下层资源准备失败,关键日志：匹配`bondp_del_jfs_p_vjetty_info`，匹配`Failed to create jfs datapath ctx`；日志路径：系统日志文件（URMA_LOG_PATH）,函数负责创建JFS，依赖的provider接口、驱动命令、子资源或路由信息未成功返回，导致资源无法建立。,无
urma_058,URMA,执行虚拟 JFR过程中依赖步骤失败,"关键日志：匹配`bondp_add_jfr_p_vjetty_id_info`，匹配`Failed to add p_vjfr_id[`，匹配`]: ret:`，匹配`, p_jfr_id:`，匹配`, v_jfr_id:`；日志路径：系统日志文件（URMA_LOG_PATH）",函数用于执行虚拟 JFR，执行过程中依赖的参数校验、状态转换、下层provider调用或系统资源处理未成功，导致本次URMA操作失败。,无
urma_059,URMA,虚拟 JFR清理阶段下层释放操作失败,关键日志：匹配`bondp_del_jfr_p_vjetty_info_without_lock`，匹配`Failed to delete p_vjfr_id node[`，匹配`]: ret`，匹配`pjfr_id:`；日志路径：系统日志文件（URMA_LOG_PATH）,函数负责释放或撤销虚拟 JFR相关资源，下层provider、驱动或引用状态返回失败，可能残留已创建的URMA资源。,无
urma_060,硬件,物理 JFR创建时下层资源准备失败,关键日志：匹配`bondp_del_jfr_p_vjetty_info`，匹配`Failed to create pjfr`；日志路径：系统日志文件（URMA_LOG_PATH）,函数负责创建物理 JFR，依赖的provider接口、驱动命令、子资源或路由信息未成功返回，导致资源无法建立。,无
urma_061,硬件,虚拟 JFR创建时下层资源准备失败,关键日志：匹配`bondp_del_jfr_p_vjetty_info`，匹配`Failed to create vjfr`；日志路径：系统日志文件（URMA_LOG_PATH）,函数负责创建虚拟 JFR，依赖的provider接口、驱动命令、子资源或路由信息未成功返回，导致资源无法建立。,无
urma_062,硬件,JFR创建时下层资源准备失败,关键日志：匹配`bondp_del_jfr_p_vjetty_info`，匹配`Failed to create jfr datapath ctx`；日志路径：系统日志文件（URMA_LOG_PATH）,函数负责创建JFR，依赖的provider接口、驱动命令、子资源或路由信息未成功返回，导致资源无法建立。,无
urma_063,URMA,创建健康检查过程中依赖步骤失败,关键日志：匹配`bondp_create_vjetty`，匹配`Failed to fill health check seg info for vjetty`；日志路径：系统日志文件（URMA_LOG_PATH）,函数用于创建健康检查，执行过程中依赖的参数校验、状态转换、下层provider调用或系统资源处理未成功，导致本次URMA操作失败。,无
urma_064,硬件,物理 Jetty创建时下层资源准备失败,关键日志：匹配`bondp_create_pjetty`，匹配`Failed to create pjetty`；日志路径：系统日志文件（URMA_LOG_PATH）,函数负责创建物理 Jetty，依赖的provider接口、驱动命令、子资源或路由信息未成功返回，导致资源无法建立。,无
urma_065,URMA,物理 Jetty清理阶段下层释放操作失败,"关键日志：匹配`bondp_delete_pjetty`，匹配`Failed to delete pjetty`，匹配`, ret:`；日志路径：系统日志文件（URMA_LOG_PATH）",函数负责释放或撤销物理 Jetty相关资源，下层provider、驱动或引用状态返回失败，可能残留已创建的URMA资源。,无
urma_066,URMA,执行虚拟 Jetty过程中依赖步骤失败,"关键日志：匹配`bondp_add_jetty_p_vjetty_id_info`，匹配`Failed to add p_vjetty_id[`，匹配`]: ret:`，匹配`, p_jetty_id:`，匹配`, v_jetty_id:`；日志路径：系统日志文件（URMA_LOG_PATH）",函数用于执行虚拟 Jetty，执行过程中依赖的参数校验、状态转换、下层provider调用或系统资源处理未成功，导致本次URMA操作失败。,无
urma_067,URMA,虚拟 Jetty清理阶段下层释放操作失败,关键日志：匹配`bondp_del_jetty_p_vjetty_info_without_lock`，匹配`Failed to delete p_vjetty_id node: ret:`，匹配`pjetty_id:`；日志路径：系统日志文件（URMA_LOG_PATH）,函数负责释放或撤销虚拟 Jetty相关资源，下层provider、驱动或引用状态返回失败，可能残留已创建的URMA资源。,无
urma_068,硬件,设备创建时下层资源准备失败,关键日志：匹配`bondp_del_jetty_p_vjetty_info`，匹配`UB device must use shared jfr when create jetty.`；日志路径：系统日志文件（URMA_LOG_PATH）,函数负责创建设备，依赖的provider接口、驱动命令、子资源或路由信息未成功返回，导致资源无法建立。,无
urma_069,用户,URMA context、JFR对象、Jetty对象无效导致创建Jetty失败,"关键日志：匹配`bondp_del_jetty_p_vjetty_info`，匹配`Invalid well known jetty id:`，匹配`, should be in (0, 1024)`；日志路径：系统日志文件（URMA_LOG_PATH）",函数用于创建Jetty，调用方传入的URMA context、JFR对象、Jetty对象不满足接口前置条件，无法继续完成本次URMA操作。,无
urma_070,硬件,组件创建时下层资源准备失败,关键日志：匹配`bondp_del_jetty_p_vjetty_info`，匹配`Failed to create bondp comp`；日志路径：系统日志文件（URMA_LOG_PATH）,函数负责创建组件，依赖的provider接口、驱动命令、子资源或路由信息未成功返回，导致资源无法建立。,无
urma_071,硬件,物理 Jetty创建时下层资源准备失败,关键日志：匹配`bondp_del_jetty_p_vjetty_info`，匹配`Failed to create pjetty`；日志路径：系统日志文件（URMA_LOG_PATH）,函数负责创建物理 Jetty，依赖的provider接口、驱动命令、子资源或路由信息未成功返回，导致资源无法建立。,无
urma_072,硬件,健康检查注册时下层资源准备失败,关键日志：匹配`bondp_del_jetty_p_vjetty_info`，匹配`Failed to register health check seg for jetty creation`；日志路径：系统日志文件（URMA_LOG_PATH）,函数负责注册健康检查，依赖的provider接口、驱动命令、子资源或路由信息未成功返回，导致资源无法建立。,无
urma_073,硬件,虚拟 Jetty创建时下层资源准备失败,"关键日志：匹配`bondp_del_jetty_p_vjetty_info`，匹配`Failed to create vjetty,`；日志路径：系统日志文件（URMA_LOG_PATH）",函数负责创建虚拟 Jetty，依赖的provider接口、驱动命令、子资源或路由信息未成功返回，导致资源无法建立。,无
urma_074,URMA,注册Jetty过程中依赖步骤失败,关键日志：匹配`bondp_del_jetty_p_vjetty_info`，匹配`Failed to add jetty id to p_vjetty_id table`；日志路径：系统日志文件（URMA_LOG_PATH）,函数用于注册Jetty，执行过程中依赖的参数校验、状态转换、下层provider调用或系统资源处理未成功，导致本次URMA操作失败。,无
urma_075,硬件,Jetty创建时下层资源准备失败,关键日志：匹配`bondp_del_jetty_p_vjetty_info`，匹配`Failed to create jetty ctx`；日志路径：系统日志文件（URMA_LOG_PATH）,函数负责创建Jetty，依赖的provider接口、驱动命令、子资源或路由信息未成功返回，导致资源无法建立。,无
urma_076,URMA,Jetty清理阶段下层释放操作失败,"关键日志：匹配`bondp_delete_jetty`，匹配`Failed to delete jetty[`，匹配`], still in use. use_cnt:`，匹配`u`；日志路径：系统日志文件（URMA_LOG_PATH）",函数负责释放或撤销Jetty相关资源，下层provider、驱动或引用状态返回失败，可能残留已创建的URMA资源。,无
urma_077,URMA,虚拟 Jetty清理阶段下层释放操作失败,关键日志：匹配`bondp_delete_jetty`，匹配`Failed to delete vjetty`；日志路径：系统日志文件（URMA_LOG_PATH）,函数负责释放或撤销虚拟 Jetty相关资源，下层provider、驱动或引用状态返回失败，可能残留已创建的URMA资源。,无
urma_078,URMA,物理 Jetty清理阶段下层释放操作失败,关键日志：匹配`bondp_delete_jetty`，匹配`Failed to delete pjetty`；日志路径：系统日志文件（URMA_LOG_PATH）,函数负责释放或撤销物理 Jetty相关资源，下层provider、驱动或引用状态返回失败，可能残留已创建的URMA资源。,无
urma_079,URMA,修改物理 Jetty过程中依赖步骤失败,"关键日志：匹配`bondp_modify_jetty`，匹配`modify pjetty fail, index:`，匹配`, ret:`；日志路径：系统日志文件（URMA_LOG_PATH）",函数用于修改物理 Jetty，执行过程中依赖的参数校验、状态转换、下层provider调用或系统资源处理未成功，导致本次URMA操作失败。,无
urma_080,硬件,物理 Jetty导入时下层资源准备失败,关键日志：匹配`bondp_import_pjetty`，匹配`Failed to import tjetty`；日志路径：系统日志文件（URMA_LOG_PATH）,函数负责导入物理 Jetty，依赖的provider接口、驱动命令、子资源或路由信息未成功返回，导致资源无法建立。,无
urma_081,OS,Jetty相关临时结构或命令参数分配失败,关键日志：匹配`bondp_unimport_pjetty`，匹配`Failed to alloc target jetty`；日志路径：系统日志文件（URMA_LOG_PATH）,函数在分配Jetty前需要申请命令参数、资源描述或临时缓存，内存分配失败会阻断后续URMA资源处理。,无
urma_082,硬件,虚拟 Jetty导入时下层资源准备失败,"关键日志：匹配`bondp_unimport_pjetty`，匹配`Failed to import vjetty, []:`；日志路径：系统日志文件（URMA_LOG_PATH）",函数负责导入虚拟 Jetty，依赖的provider接口、驱动命令、子资源或路由信息未成功返回，导致资源无法建立。,无
urma_083,硬件,Jetty导入时下层资源准备失败,关键日志：匹配`bondp_unimport_pjetty`，匹配`RM jetty import requires drv_ext.vjetty.`；日志路径：系统日志文件（URMA_LOG_PATH）,函数负责导入Jetty，依赖的provider接口、驱动命令、子资源或路由信息未成功返回，导致资源无法建立。,无
urma_084,硬件,物理 Jetty导入时下层资源准备失败,关键日志：匹配`bondp_unimport_pjetty`，匹配`Failed to import pjetty`；日志路径：系统日志文件（URMA_LOG_PATH）,函数负责导入物理 Jetty，依赖的provider接口、驱动命令、子资源或路由信息未成功返回，导致资源无法建立。,无
urma_085,硬件,健康检查导入时下层资源准备失败,关键日志：匹配`bondp_unimport_pjetty`，匹配`Failed to import health check seg for jetty`；日志路径：系统日志文件（URMA_LOG_PATH）,函数负责导入健康检查，依赖的provider接口、驱动命令、子资源或路由信息未成功返回，导致资源无法建立。,无
urma_086,硬件,健康检查注册时下层资源准备失败,关键日志：匹配`bondp_unimport_pjetty`，匹配`Failed to register health check task`；日志路径：系统日志文件（URMA_LOG_PATH）,函数负责注册健康检查，依赖的provider接口、驱动命令、子资源或路由信息未成功返回，导致资源无法建立。,无
urma_087,OS,设备、EID、端口、能力或字符设备路径信息的sysfs读取或解析失败,关键日志：匹配`bondp_bind_jetty`，匹配`Jetty already has a binded target jetty`；日志路径：系统日志文件（URMA_LOG_PATH）,函数需要从sysfs获取设备、EID、端口、能力或字符设备路径信息来构建设备上下文，文件打开、读取或内容解析失败导致URMA无法完成设备发现或能力初始化。,无
urma_088,URMA,未找到可用于激活Jetty的有效对象或路由,关键日志：匹配`bondp_bind_jetty`，匹配`No valid active slice to bind`；日志路径：系统日志文件（URMA_LOG_PATH）,函数在激活Jetty过程中需要查找已建立的资源、端口或路由映射，但当前表项缺失或状态不可用，导致后续操作无法定位目标。,无
urma_089,URMA,解绑Jetty过程中依赖步骤失败,关键日志：匹配`bondp_unbind_jetty`，匹配`Failed to unbind tjetty [`；日志路径：系统日志文件（URMA_LOG_PATH）,函数用于解绑Jetty，执行过程中依赖的参数校验、状态转换、下层provider调用或系统资源处理未成功，导致本次URMA操作失败。,无
urma_090,OS,Jetty相关临时结构或命令参数分配失败,关键日志：匹配`bondp_unimport_pjfr`，匹配`Failed to alloc target jetty`；日志路径：系统日志文件（URMA_LOG_PATH）,函数在分配Jetty前需要申请命令参数、资源描述或临时缓存，内存分配失败会阻断后续URMA资源处理。,无
urma_091,硬件,虚拟 Jetty导入时下层资源准备失败,"关键日志：匹配`bondp_unimport_pjfr`，匹配`Failed to import vjetty, []:`；日志路径：系统日志文件（URMA_LOG_PATH）",函数负责导入虚拟 Jetty，依赖的provider接口、驱动命令、子资源或路由信息未成功返回，导致资源无法建立。,无
urma_092,用户,URMA context、Jetty对象无效导致获取Jetty失败,关键日志：匹配`bondp_get_async_event`，匹配`failed to get invalid jetty.`；日志路径：系统日志文件（URMA_LOG_PATH）,函数用于获取Jetty，调用方传入的URMA context、Jetty对象不满足接口前置条件，无法继续完成本次URMA操作。,无
urma_093,用户,获取组件所需输入对象无效导致获取组件失败,"关键日志：匹配`get_comp_urma_jetty_id`，匹配`Failed to get_comp_urma_jetty, Invalid type:`；日志路径：系统日志文件（URMA_LOG_PATH）",函数用于获取组件，调用方传入的获取组件所需输入对象不满足接口前置条件，无法继续完成本次URMA操作。,无
urma_094,URMA,WR数据通路处理失败,关键日志：匹配`bondp_post_send_wr_no_store`，匹配`WR->tjetty is NULL`；日志路径：系统日志文件（URMA_LOG_PATH）,函数处理URMA数据收发路径，需要完成WR转换、投递、完成事件处理或重传，相关对象状态或下层操作失败导致数据通路中断。,无
urma_095,URMA,WR数据通路处理失败,关键日志：匹配`bondp_post_send_wr_and_store`，匹配`WR->tjetty is NULL`；日志路径：系统日志文件（URMA_LOG_PATH）,函数处理URMA数据收发路径，需要完成WR转换、投递、完成事件处理或重传，相关对象状态或下层操作失败导致数据通路中断。,无
urma_096,URMA,未找到可用于获取虚拟 Jetty的有效对象或路由,"关键日志：匹配`handle_fake_cr_with_store`，匹配`Skip fake cr because vjetty is not found, idx:`，匹配`, local_id:`；日志路径：系统日志文件（URMA_LOG_PATH）",函数在获取虚拟 Jetty过程中需要查找已建立的资源、端口或路由映射，但当前表项缺失或状态不可用，导致后续操作无法定位目标。,无
urma_097,URMA,未找到可用于获取Jetty的有效对象或路由,"关键日志：匹配`handle_send_cr_with_store`，匹配`Failed find jetty when handle send cr, cr.local_id:`；日志路径：系统日志文件（URMA_LOG_PATH）",函数在获取Jetty过程中需要查找已建立的资源、端口或路由映射，但当前表项缺失或状态不可用，导致后续操作无法定位目标。,无
urma_098,URMA,未找到可用于获取Jetty的有效对象或路由,"关键日志：匹配`handle_recv_cr_with_store`，匹配`Failed to find local jetty, idx:`，匹配`, id:`；日志路径：系统日志文件（URMA_LOG_PATH）",函数在获取Jetty过程中需要查找已建立的资源、端口或路由映射，但当前表项缺失或状态不可用，导致后续操作无法定位目标。,无
urma_099,URMA,物理 Jetty数据通路处理失败,关键日志：匹配`bondp_flush_jetty`，匹配`Failed to flush pjetty[`；日志路径：系统日志文件（URMA_LOG_PATH）,函数处理URMA数据收发路径，需要完成WR转换、投递、完成事件处理或重传，相关对象状态或下层操作失败导致数据通路中断。,无
urma_100,用户,WR对象、目标Jetty对象无效导致激活WR失败,关键日志：匹配`schedule_send`，匹配`Invalid wr->tjetty: NULL`；日志路径：系统日志文件（URMA_LOG_PATH）,函数用于激活WR，调用方传入的WR对象、目标Jetty对象不满足接口前置条件，无法继续完成本次URMA操作。,无
urma_101,URMA,健康检查清理阶段下层释放操作失败,关键日志：匹配`bondp_unregister_health_check_seg_for_jetty`，匹配`Failed to unregister health check segment`；日志路径：系统日志文件（URMA_LOG_PATH）,函数负责释放或撤销健康检查相关资源，下层provider、驱动或引用状态返回失败，可能残留已创建的URMA资源。,无
urma_102,OS,健康检查相关临时结构或命令参数分配失败,关键日志：匹配`bondp_register_health_check_seg_for_jetty`，匹配`Failed to alloc health check buffer`；日志路径：系统日志文件（URMA_LOG_PATH）,函数在分配健康检查前需要申请命令参数、资源描述或临时缓存，内存分配失败会阻断后续URMA资源处理。,无
urma_103,硬件,健康检查注册时下层资源准备失败,关键日志：匹配`bondp_register_health_check_seg_for_jetty`，匹配`Failed to register health check segment`；日志路径：系统日志文件（URMA_LOG_PATH）,函数负责注册健康检查，依赖的provider接口、驱动命令、子资源或路由信息未成功返回，导致资源无法建立。,无
urma_104,URMA,未找到可用于导入路由的有效对象或路由,关键日志：匹配`import_check_tseg_by_import_result`，匹配`No valid imported route for health check seg`；日志路径：系统日志文件（URMA_LOG_PATH）,函数在导入路由过程中需要查找已建立的资源、端口或路由映射，但当前表项缺失或状态不可用，导致后续操作无法定位目标。,无
urma_105,用户,Jetty对象、Segment对象无效导致导入健康检查失败,"关键日志：匹配`bondp_import_health_check_tseg`，匹配`Invalid rjetty for health check seg import, health check disabled`；日志路径：系统日志文件（URMA_LOG_PATH）",函数用于导入健康检查，调用方传入的Jetty对象、Segment对象不满足接口前置条件，无法继续完成本次URMA操作。,无
urma_106,URMA,Jetty清理阶段下层释放操作失败,"关键日志：匹配`bondp_relink_primary_import`，匹配`Failed to unimport old primary ptjetty, lidx:`，匹配`tidx:`；日志路径：系统日志文件（URMA_LOG_PATH）",函数负责释放或撤销Jetty相关资源，下层provider、驱动或引用状态返回失败，可能残留已创建的URMA资源。,无
urma_107,硬件,物理 Jetty导入时下层资源准备失败,"关键日志：匹配`bondp_relink_primary_import`，匹配`Failed to import recreated primary ptjetty, local_idx:`，匹配`target_idx:`，匹配`pjetty_id:`；日志路径：系统日志文件（URMA_LOG_PATH）",函数负责导入物理 Jetty，依赖的provider接口、驱动命令、子资源或路由信息未成功返回，导致资源无法建立。,无
urma_108,URMA,未找到可用于注册健康检查的有效对象或路由,关键日志：匹配`bondp_register_health_check_task`，匹配`Failed to register health task: no valid route`；日志路径：系统日志文件（URMA_LOG_PATH）,函数在注册健康检查过程中需要查找已建立的资源、端口或路由映射，但当前表项缺失或状态不可用，导致后续操作无法定位目标。,无
urma_109,URMA,物理 Jetty清理阶段下层释放操作失败,"关键日志：匹配`bondp_update_pjetty_id_mapping`，匹配`Failed to delete stale pjetty id mapping: , ret:`；日志路径：系统日志文件（URMA_LOG_PATH）",函数负责释放或撤销物理 Jetty相关资源，下层provider、驱动或引用状态返回失败，可能残留已创建的URMA资源。,无
urma_110,硬件,物理 Jetty删除时下层资源准备失败,"关键日志：匹配`bondp_update_pjetty_id_mapping`，匹配`Failed to add recreated pjetty id mapping: , ret:`；日志路径：系统日志文件（URMA_LOG_PATH）",函数负责删除物理 Jetty，依赖的provider接口、驱动命令、子资源或路由信息未成功返回，导致资源无法建立。,无
urma_111,URMA,物理 Jetty清理阶段下层释放操作失败,关键日志：匹配`bondp_rebuild_local_pjetty`，匹配`Failed to delete pjetty at idx:`；日志路径：系统日志文件（URMA_LOG_PATH）,函数负责释放或撤销物理 Jetty相关资源，下层provider、驱动或引用状态返回失败，可能残留已创建的URMA资源。,无
urma_112,硬件,物理 Jetty删除时下层资源准备失败,关键日志：匹配`bondp_rebuild_local_pjetty`，匹配`Failed to recreate pjetty at idx:`；日志路径：系统日志文件（URMA_LOG_PATH）,函数负责删除物理 Jetty，依赖的provider接口、驱动命令、子资源或路由信息未成功返回，导致资源无法建立。,无
urma_113,硬件,虚拟 Jetty创建时下层资源准备失败,关键日志：匹配`bondp_create_vcontext`，匹配`Failed to create p_vjetty_id_table`；日志路径：系统日志文件（URMA_LOG_PATH）,函数负责创建虚拟 Jetty，依赖的provider接口、驱动命令、子资源或路由信息未成功返回，导致资源无法建立。,无
urma_114,URMA,未找到可用于导入路由的有效对象或路由,关键日志：匹配`bondp_import_pseg`，匹配`No valid direct route`；日志路径：系统日志文件（URMA_LOG_PATH）,函数在导入路由过程中需要查找已建立的资源、端口或路由映射，但当前表项缺失或状态不可用，导致后续操作无法定位目标。,无
urma_115,URMA,获取JFS过程中依赖步骤失败,"关键日志：匹配`urma_cmd_get_jfs_opt`，匹配`output length too large, out.len=`，匹配`, buf.len=`；日志路径：系统日志文件（URMA_LOG_PATH）",函数用于获取JFS，执行过程中依赖的参数校验、状态转换、下层provider调用或系统资源处理未成功，导致本次URMA操作失败。,无
urma_116,URMA,获取JFC过程中依赖步骤失败,"关键日志：匹配`urma_cmd_get_jfc_opt`，匹配`output length too large, out.len=`，匹配`, buf.len=`；日志路径：系统日志文件（URMA_LOG_PATH）",函数用于获取JFC，执行过程中依赖的参数校验、状态转换、下层provider调用或系统资源处理未成功，导致本次URMA操作失败。,无
urma_117,用户,URMA context无效导致导入JFR失败,关键日志：匹配`urma_cmd_import_jfr`，匹配`Invalid parameter`；日志路径：系统日志文件（URMA_LOG_PATH）,函数用于导入JFR，调用方传入的URMA context不满足接口前置条件，无法继续完成本次URMA操作。,无
urma_118,用户,URMA context无效导致导入JFR失败,关键日志：匹配`urma_cmd_import_jfr_ex`，匹配`Invalid parameter.`；日志路径：系统日志文件（URMA_LOG_PATH）,函数用于导入JFR，调用方传入的URMA context不满足接口前置条件，无法继续完成本次URMA操作。,无
urma_119,用户,URMA context无效导致解除导入JFR失败,关键日志：匹配`urma_cmd_unimport_jfr`，匹配`Invalid parameter`；日志路径：系统日志文件（URMA_LOG_PATH）,函数用于解除导入JFR，调用方传入的URMA context不满足接口前置条件，无法继续完成本次URMA操作。,无
urma_120,用户,URMA context、JFS对象、Jetty对象、目标Jetty对象无效导致执行Jetty失败,关键日志：匹配`urma_cmd_advise_jetty`，匹配`Invalid parameter`；日志路径：系统日志文件（URMA_LOG_PATH）,函数用于执行Jetty，调用方传入的URMA context、JFS对象、Jetty对象、目标Jetty对象不满足接口前置条件，无法继续完成本次URMA操作。,无
urma_121,URMA,获取JFR过程中依赖步骤失败,"关键日志：匹配`urma_cmd_get_jfr_opt`，匹配`output length too large, out.len=`，匹配`, buf.len=`；日志路径：系统日志文件（URMA_LOG_PATH）",函数用于获取JFR，执行过程中依赖的参数校验、状态转换、下层provider调用或系统资源处理未成功，导致本次URMA操作失败。,无
urma_122,用户,URMA context、JFR对象、Jetty对象、目标Jetty对象无效导致去激活Jetty失败,关键日志：匹配`urma_cmd_unadvise_jetty`，匹配`Invalid parameter`；日志路径：系统日志文件（URMA_LOG_PATH）,函数用于去激活Jetty，调用方传入的URMA context、JFR对象、Jetty对象、目标Jetty对象不满足接口前置条件，无法继续完成本次URMA操作。,无
urma_123,用户,URMA context、Jetty对象、目标Jetty对象无效导致绑定Jetty失败,关键日志：匹配`urma_cmd_bind_jetty`，匹配`Invalid parameter`；日志路径：系统日志文件（URMA_LOG_PATH）,函数用于绑定Jetty，调用方传入的URMA context、Jetty对象、目标Jetty对象不满足接口前置条件，无法继续完成本次URMA操作。,无
urma_124,用户,URMA context、Jetty对象、目标Jetty对象无效导致绑定Jetty失败,关键日志：匹配`urma_cmd_bind_jetty_ex`，匹配`Invalid parameter.`；日志路径：系统日志文件（URMA_LOG_PATH）,函数用于绑定Jetty，调用方传入的URMA context、Jetty对象、目标Jetty对象不满足接口前置条件，无法继续完成本次URMA操作。,无
urma_125,用户,URMA context、Jetty对象、目标Jetty对象无效导致解绑Jetty失败,关键日志：匹配`urma_cmd_unbind_jetty`，匹配`Invalid parameter`；日志路径：系统日志文件（URMA_LOG_PATH）,函数用于解绑Jetty，调用方传入的URMA context、Jetty对象、目标Jetty对象不满足接口前置条件，无法继续完成本次URMA操作。,无
urma_126,用户,URMA context、Jetty对象无效导致创建Jetty失败,关键日志：匹配`urma_cmd_create_jetty`，匹配`Invalid parameter`；日志路径：系统日志文件（URMA_LOG_PATH）,函数用于创建Jetty，调用方传入的URMA context、Jetty对象不满足接口前置条件，无法继续完成本次URMA操作。,无
urma_127,URMA,创建Jetty过程中依赖步骤失败,关键日志：匹配`urma_cmd_create_jetty`，匹配`failed to fill jetty cfg`；日志路径：系统日志文件（URMA_LOG_PATH）,函数用于创建Jetty，执行过程中依赖的参数校验、状态转换、下层provider调用或系统资源处理未成功，导致本次URMA操作失败。,无
urma_128,用户,URMA context、Jetty对象无效导致修改Jetty失败,关键日志：匹配`urma_cmd_modify_jetty`，匹配`Invalid parameter`；日志路径：系统日志文件（URMA_LOG_PATH）,函数用于修改Jetty，调用方传入的URMA context、Jetty对象不满足接口前置条件，无法继续完成本次URMA操作。,无
urma_129,用户,URMA context、Jetty对象无效导致查询Jetty失败,关键日志：匹配`urma_cmd_query_jetty`，匹配`Invalid parameter`；日志路径：系统日志文件（URMA_LOG_PATH）,函数用于查询Jetty，调用方传入的URMA context、Jetty对象不满足接口前置条件，无法继续完成本次URMA操作。,无
urma_130,用户,Jetty对象无效导致查询Jetty失败,关键日志：匹配`urma_cmd_query_jetty`，匹配`Invalid parameter`；日志路径：系统日志文件（URMA_LOG_PATH）,函数用于查询Jetty，调用方传入的Jetty对象不满足接口前置条件，无法继续完成本次URMA操作。,无
urma_131,用户,URMA context、Jetty对象无效导致删除Jetty失败,关键日志：匹配`urma_cmd_delete_jetty`，匹配`Invalid parameter`；日志路径：系统日志文件（URMA_LOG_PATH）,函数用于删除Jetty，调用方传入的URMA context、Jetty对象不满足接口前置条件，无法继续完成本次URMA操作。,无
urma_132,硬件,删除ioctl的ioctl调用返回失败,"关键日志：匹配`urma_cmd_delete_jetty`，匹配`ioctl failed, ret:`，匹配`, errno:`；日志路径：系统日志文件（URMA_LOG_PATH）",函数通过ioctl向URMA内核驱动提交删除ioctl请求，驱动返回错误或系统调用失败，用户态无法获得预期的驱动处理结果。,无
urma_133,用户,Jetty对象无效导致删除Jetty失败,关键日志：匹配`urma_cmd_delete_jetty_batch`，匹配`Invalid parameter`；日志路径：系统日志文件（URMA_LOG_PATH）,函数用于删除Jetty，调用方传入的Jetty对象不满足接口前置条件，无法继续完成本次URMA操作。,无
urma_134,用户,URMA context、Jetty对象无效导致删除Jetty失败,"关键日志：匹配`urma_cmd_delete_jetty_batch`，匹配`Invalid parameter, index:`；日志路径：系统日志文件（URMA_LOG_PATH）",函数用于删除Jetty，调用方传入的URMA context、Jetty对象不满足接口前置条件，无法继续完成本次URMA操作。,无
urma_135,用户,URMA context、Jetty对象无效导致删除Jetty失败,关键日志：匹配`urma_cmd_delete_jetty_batch`，匹配`Invalid parameter`；日志路径：系统日志文件（URMA_LOG_PATH）,函数用于删除Jetty，调用方传入的URMA context、Jetty对象不满足接口前置条件，无法继续完成本次URMA操作。,无
urma_136,URMA,Jetty清理阶段下层释放操作失败,"关键日志：匹配`urma_cmd_delete_jetty_batch`，匹配`jetty not from the same dev, cannot delete in a batch, index:`；日志路径：系统日志文件（URMA_LOG_PATH）",函数负责释放或撤销Jetty相关资源，下层provider、驱动或引用状态返回失败，可能残留已创建的URMA资源。,无
urma_137,OS,Jetty相关临时结构或命令参数分配失败,关键日志：匹配`urma_cmd_delete_jetty_batch`，匹配`Failed to malloc buffer.`；日志路径：系统日志文件（URMA_LOG_PATH）,函数在删除Jetty前需要申请命令参数、资源描述或临时缓存，内存分配失败会阻断后续URMA资源处理。,无
urma_138,硬件,删除ioctl的ioctl调用返回失败,"关键日志：匹配`urma_cmd_delete_jetty_batch`，匹配`ioctl failed in urma_cmd_delete_jetty_batch , ret:`，匹配`, errno:`；日志路径：系统日志文件（URMA_LOG_PATH）",函数通过ioctl向URMA内核驱动提交删除ioctl请求，驱动返回错误或系统调用失败，用户态无法获得预期的驱动处理结果。,无
urma_139,URMA,删除Jetty过程中依赖步骤失败,"关键日志：匹配`urma_cmd_delete_jetty_batch`，匹配`bad jetty index exceed array length, bad_jetty_index:`；日志路径：系统日志文件（URMA_LOG_PATH）",函数用于删除Jetty，执行过程中依赖的参数校验、状态转换、下层provider调用或系统资源处理未成功，导致本次URMA操作失败。,无
urma_140,用户,URMA context、目标Jetty对象无效导致导入Jetty失败,关键日志：匹配`urma_cmd_import_jetty`，匹配`Invalid parameter`；日志路径：系统日志文件（URMA_LOG_PATH）,函数用于导入Jetty，调用方传入的URMA context、目标Jetty对象不满足接口前置条件，无法继续完成本次URMA操作。,无
urma_141,用户,URMA context、目标Jetty对象无效导致导入Jetty失败,关键日志：匹配`urma_cmd_import_jetty_ex`，匹配`Invalid parameter`；日志路径：系统日志文件（URMA_LOG_PATH）,函数用于导入Jetty，调用方传入的URMA context、目标Jetty对象不满足接口前置条件，无法继续完成本次URMA操作。,无
urma_142,用户,URMA context、目标Jetty对象无效导致解除导入Jetty失败,关键日志：匹配`urma_cmd_unimport_jetty`，匹配`Invalid parameter`；日志路径：系统日志文件（URMA_LOG_PATH）,函数用于解除导入Jetty，调用方传入的URMA context、目标Jetty对象不满足接口前置条件，无法继续完成本次URMA操作。,无
urma_143,用户,URMA context、目标Jetty对象无效导致创建Jetty失败,关键日志：匹配`urma_cmd_create_jetty_grp`，匹配`Invalid parameter`；日志路径：系统日志文件（URMA_LOG_PATH）,函数用于创建Jetty，调用方传入的URMA context、目标Jetty对象不满足接口前置条件，无法继续完成本次URMA操作。,无
urma_144,用户,URMA context无效导致删除Jetty失败,关键日志：匹配`urma_cmd_delete_jetty_grp`，匹配`Invalid parameter`；日志路径：系统日志文件（URMA_LOG_PATH）,函数用于删除Jetty，调用方传入的URMA context不满足接口前置条件，无法继续完成本次URMA操作。,无
urma_145,用户,URMA context、Jetty对象无效导致分配Jetty失败,关键日志：匹配`urma_cmd_alloc_jetty`，匹配`Invalid parameter`；日志路径：系统日志文件（URMA_LOG_PATH）,函数用于分配Jetty，调用方传入的URMA context、Jetty对象不满足接口前置条件，无法继续完成本次URMA操作。,无
urma_146,URMA,分配Jetty过程中依赖步骤失败,关键日志：匹配`urma_cmd_alloc_jetty`，匹配`failed to fill jetty cfg`；日志路径：系统日志文件（URMA_LOG_PATH）,函数用于分配Jetty，执行过程中依赖的参数校验、状态转换、下层provider调用或系统资源处理未成功，导致本次URMA操作失败。,无
urma_147,用户,URMA context、Jetty对象无效导致释放Jetty失败,关键日志：匹配`urma_cmd_free_jetty`，匹配`Invalid parameter`；日志路径：系统日志文件（URMA_LOG_PATH）,函数用于释放Jetty，调用方传入的URMA context、Jetty对象不满足接口前置条件，无法继续完成本次URMA操作。,无
urma_148,硬件,释放ioctl的ioctl调用返回失败,"关键日志：匹配`urma_cmd_free_jetty`，匹配`ioctl failed, ret:`，匹配`, errno:`；日志路径：系统日志文件（URMA_LOG_PATH）",函数通过ioctl向URMA内核驱动提交释放ioctl请求，驱动返回错误或系统调用失败，用户态无法获得预期的驱动处理结果。,无
urma_149,用户,URMA context、Jetty对象无效导致设置Jetty失败,关键日志：匹配`urma_cmd_set_jetty_opt`，匹配`Invalid parameter.`；日志路径：系统日志文件（URMA_LOG_PATH）,函数用于设置Jetty，调用方传入的URMA context、Jetty对象不满足接口前置条件，无法继续完成本次URMA操作。,无
urma_150,用户,URMA context、Jetty对象无效导致设置Jetty失败,关键日志：匹配`urma_cmd_set_jetty_opt`，匹配`Invalid parameter.`；日志路径：系统日志文件（URMA_LOG_PATH）,函数用于设置Jetty，调用方传入的URMA context、Jetty对象不满足接口前置条件，无法继续完成本次URMA操作。,无
urma_151,URMA,设置Jetty过程中依赖步骤失败,关键日志：匹配`urma_cmd_set_jetty_opt`，匹配`jetty->jetty_cfg.shared.jfc is not exist`；日志路径：系统日志文件（URMA_LOG_PATH）,函数用于设置Jetty，执行过程中依赖的参数校验、状态转换、下层provider调用或系统资源处理未成功，导致本次URMA操作失败。,无
urma_152,URMA,设置Jetty过程中依赖步骤失败,关键日志：匹配`urma_cmd_set_jetty_opt`，匹配`jetty->jetty_cfg.shared.jfr is not exist`；日志路径：系统日志文件（URMA_LOG_PATH）,函数用于设置Jetty，执行过程中依赖的参数校验、状态转换、下层provider调用或系统资源处理未成功，导致本次URMA操作失败。,无
urma_153,URMA,设置Jetty过程中依赖步骤失败,关键日志：匹配`urma_cmd_set_jetty_opt`，匹配`jetty->jetty_cfg.jetty_grp is not exist`；日志路径：系统日志文件（URMA_LOG_PATH）,函数用于设置Jetty，执行过程中依赖的参数校验、状态转换、下层provider调用或系统资源处理未成功，导致本次URMA操作失败。,无
urma_154,URMA,设置Jetty过程中依赖步骤失败,关键日志：匹配`urma_cmd_set_jetty_opt`，匹配`jetty->jetty_cfg.jfs_cfg.jfc is not exist`；日志路径：系统日志文件（URMA_LOG_PATH）,函数用于设置Jetty，执行过程中依赖的参数校验、状态转换、下层provider调用或系统资源处理未成功，导致本次URMA操作失败。,无
urma_155,硬件,设置ioctl的ioctl调用返回失败,"关键日志：匹配`urma_cmd_set_jetty_opt`，匹配`ioctl failed in urma_cmd_set_jetty_opt, ret:`，匹配`, errno:`；日志路径：系统日志文件（URMA_LOG_PATH）",函数通过ioctl向URMA内核驱动提交设置ioctl请求，驱动返回错误或系统调用失败，用户态无法获得预期的驱动处理结果。,无
urma_156,用户,URMA context、Jetty对象无效导致获取Jetty失败,关键日志：匹配`urma_cmd_get_jetty_opt`，匹配`Invalid parameter.`；日志路径：系统日志文件（URMA_LOG_PATH）,函数用于获取Jetty，调用方传入的URMA context、Jetty对象不满足接口前置条件，无法继续完成本次URMA操作。,无
urma_157,用户,URMA context、Jetty对象无效导致获取Jetty失败,关键日志：匹配`urma_cmd_get_jetty_opt`，匹配`Invalid parameter.`；日志路径：系统日志文件（URMA_LOG_PATH）,函数用于获取Jetty，调用方传入的URMA context、Jetty对象不满足接口前置条件，无法继续完成本次URMA操作。,无
urma_158,硬件,获取ioctl的ioctl调用返回失败,"关键日志：匹配`urma_cmd_get_jetty_opt`，匹配`ioctl failed in urma_cmd_get_jetty_opt, ret:`，匹配`, errno:`；日志路径：系统日志文件（URMA_LOG_PATH）",函数通过ioctl向URMA内核驱动提交获取ioctl请求，驱动返回错误或系统调用失败，用户态无法获得预期的驱动处理结果。,无
urma_159,用户,URMA context无效导致获取Jetty失败,关键日志：匹配`urma_cmd_get_jetty_opt`，匹配`Invalid out buffer from kernel.`；日志路径：系统日志文件（URMA_LOG_PATH）,函数用于获取Jetty，调用方传入的URMA context不满足接口前置条件，无法继续完成本次URMA操作。,无
urma_160,用户,URMA context、Jetty对象无效导致激活Jetty失败,关键日志：匹配`urma_cmd_active_jetty`，匹配`Invalid parameter`；日志路径：系统日志文件（URMA_LOG_PATH）,函数用于激活Jetty，调用方传入的URMA context、Jetty对象不满足接口前置条件，无法继续完成本次URMA操作。,无
urma_161,用户,JFR对象、Jetty对象无效导致激活Jetty失败,关键日志：匹配`urma_cmd_active_jetty`，匹配`Invalid flag.`；日志路径：系统日志文件（URMA_LOG_PATH）,函数用于激活Jetty，调用方传入的JFR对象、Jetty对象不满足接口前置条件，无法继续完成本次URMA操作。,无
urma_162,硬件,激活ioctl的ioctl调用返回失败,"关键日志：匹配`urma_cmd_active_jetty`，匹配`ioctl failed in urma_cmd_active_jetty, ret:`；日志路径：系统日志文件（URMA_LOG_PATH）",函数通过ioctl向URMA内核驱动提交激活ioctl请求，驱动返回错误或系统调用失败，用户态无法获得预期的驱动处理结果。,无
urma_163,用户,URMA context、Jetty对象无效导致去激活Jetty失败,关键日志：匹配`urma_cmd_deactive_jetty`，匹配`Invalid parameter`；日志路径：系统日志文件（URMA_LOG_PATH）,函数用于去激活Jetty，调用方传入的URMA context、Jetty对象不满足接口前置条件，无法继续完成本次URMA操作。,无
urma_164,硬件,去激活ioctl的ioctl调用返回失败,"关键日志：匹配`urma_cmd_deactive_jetty`，匹配`ioctl failed in urma_cmd_deactive_jetty, ret:`，匹配`, errno:`；日志路径：系统日志文件（URMA_LOG_PATH）",函数通过ioctl向URMA内核驱动提交去激活ioctl请求，驱动返回错误或系统调用失败，用户态无法获得预期的驱动处理结果。,无
urma_165,用户,URMA context无效导致修改TP失败,关键日志：匹配`urma_cmd_modify_tp`，匹配`Invalid parameter.`；日志路径：系统日志文件（URMA_LOG_PATH）,函数用于修改TP，调用方传入的URMA context不满足接口前置条件，无法继续完成本次URMA操作。,无
urma_166,用户,URMA context、sysfs设备信息、目标Jetty对象无效导致导入Jetty失败,关键日志：匹配`urma_cmd_import_jetty_async`，匹配`Invalid parameter`；日志路径：系统日志文件（URMA_LOG_PATH）,函数用于导入Jetty，调用方传入的URMA context、sysfs设备信息、目标Jetty对象不满足接口前置条件，无法继续完成本次URMA操作。,无
urma_167,用户,URMA context、目标Jetty对象无效导致解除导入Jetty失败,关键日志：匹配`urma_cmd_unimport_jetty_async`，匹配`Invalid parameter`；日志路径：系统日志文件（URMA_LOG_PATH）,函数用于解除导入Jetty，调用方传入的URMA context、目标Jetty对象不满足接口前置条件，无法继续完成本次URMA操作。,无
urma_168,用户,URMA context、Jetty对象、目标Jetty对象无效导致绑定Jetty失败,关键日志：匹配`urma_cmd_bind_jetty_async`，匹配`Invalid parameter`；日志路径：系统日志文件（URMA_LOG_PATH）,函数用于绑定Jetty，调用方传入的URMA context、Jetty对象、目标Jetty对象不满足接口前置条件，无法继续完成本次URMA操作。,无
urma_169,用户,URMA context、Jetty对象、目标Jetty对象无效导致解绑Jetty失败,关键日志：匹配`urma_cmd_unbind_jetty_async`，匹配`Invalid parameter`；日志路径：系统日志文件（URMA_LOG_PATH）,函数用于解绑Jetty，调用方传入的URMA context、Jetty对象、目标Jetty对象不满足接口前置条件，无法继续完成本次URMA操作。,无
urma_170,用户,URMA context、Jetty对象无效导致获取TP失败,关键日志：匹配`urma_cmd_get_tp_list`，匹配`Invalid parameter.`；日志路径：系统日志文件（URMA_LOG_PATH）,函数用于获取TP，调用方传入的URMA context、Jetty对象不满足接口前置条件，无法继续完成本次URMA操作。,无
urma_171,用户,URMA context无效导致设置TP失败,关键日志：匹配`urma_cmd_set_tp_attr`，匹配`Invalid parameter.`；日志路径：系统日志文件（URMA_LOG_PATH）,函数用于设置TP，调用方传入的URMA context不满足接口前置条件，无法继续完成本次URMA操作。,无
urma_172,用户,URMA context无效导致设置TP失败,关键日志：匹配`urma_cmd_set_tp_attr`，匹配`Invalid tp_attr bytes.`；日志路径：系统日志文件（URMA_LOG_PATH）,函数用于设置TP，调用方传入的URMA context不满足接口前置条件，无法继续完成本次URMA操作。,无
urma_173,硬件,设置ioctl的ioctl调用返回失败,"关键日志：匹配`urma_cmd_set_tp_attr`，匹配`Failed in ioctl set_tp_attr, ret:`；日志路径：系统日志文件（URMA_LOG_PATH）",函数通过ioctl向URMA内核驱动提交设置ioctl请求，驱动返回错误或系统调用失败，用户态无法获得预期的驱动处理结果。,无
urma_174,用户,URMA context无效导致获取TP失败,关键日志：匹配`urma_cmd_get_tp_attr`，匹配`Invalid parameter.`；日志路径：系统日志文件（URMA_LOG_PATH）,函数用于获取TP，调用方传入的URMA context不满足接口前置条件，无法继续完成本次URMA操作。,无
urma_175,用户,URMA context无效导致获取TP失败,关键日志：匹配`urma_cmd_get_tp_attr`，匹配`Invalid tp_attr bytes.`；日志路径：系统日志文件（URMA_LOG_PATH）,函数用于获取TP，调用方传入的URMA context不满足接口前置条件，无法继续完成本次URMA操作。,无
urma_176,硬件,获取ioctl的ioctl调用返回失败,"关键日志：匹配`urma_cmd_get_tp_attr`，匹配`Failed in ioctl get_tp_attr, ret:`；日志路径：系统日志文件（URMA_LOG_PATH）",函数通过ioctl向URMA内核驱动提交获取ioctl请求，驱动返回错误或系统调用失败，用户态无法获得预期的驱动处理结果。,无
urma_177,用户,URMA context无效导致获取TP失败,关键日志：匹配`urma_cmd_exchange_tp_info`，匹配`Invalid parameter.`；日志路径：系统日志文件（URMA_LOG_PATH）,函数用于获取TP，调用方传入的URMA context不满足接口前置条件，无法继续完成本次URMA操作。,无
urma_178,用户,URMA context、provider操作表无效导致解除导入JFR失败,关键日志：匹配`urma_unimport_jfr`，匹配`Invalid parameter.`；日志路径：系统日志文件（URMA_LOG_PATH）,函数用于解除导入JFR，调用方传入的URMA context、provider操作表不满足接口前置条件，无法继续完成本次URMA操作。,无
urma_179,用户,URMA context、provider操作表、provider未提供unimport_jfr操作实现无效导致解除导入JFR失败,关键日志：匹配`urma_unimport_jfr`，匹配`Invalid parameter.`；日志路径：系统日志文件（URMA_LOG_PATH）,函数用于解除导入JFR，调用方传入的URMA context、provider操作表、provider未提供unimport_jfr操作实现不满足接口前置条件，无法继续完成本次URMA操作。,无
urma_180,用户,URMA context、设备对象、JFR对象无效导致创建Jetty失败,"关键日志：匹配`urma_create_jetty_check_trans_mode`，匹配`Invalid parameter, trans_mode:`；日志路径：系统日志文件（URMA_LOG_PATH）",函数用于创建Jetty，调用方传入的URMA context、设备对象、JFR对象不满足接口前置条件，无法继续完成本次URMA操作。,无
urma_181,URMA,创建设备过程中依赖步骤失败,关键日志：匹配`urma_create_jetty_check_trans_mode`，匹配`UB dev should use share jfr!`；日志路径：系统日志文件（URMA_LOG_PATH）,函数用于创建设备，执行过程中依赖的参数校验、状态转换、下层provider调用或系统资源处理未成功，导致本次URMA操作失败。,无
urma_182,用户,URMA context、设备对象、JFR对象无效导致创建Jetty失败,"关键日志：匹配`urma_create_jetty_check_trans_mode`，匹配`Invalid parameter, trans_mode:`，匹配`, order_type:`；日志路径：系统日志文件（URMA_LOG_PATH）",函数用于创建Jetty，调用方传入的URMA context、设备对象、JFR对象不满足接口前置条件，无法继续完成本次URMA操作。,无
urma_183,用户,JFR对象无效导致创建JFR失败,关键日志：匹配`urma_create_jetty_check_trans_mode`，匹配`jfr cfg is null or trans_mode or order_type invalid with non shared jfr flag.`；日志路径：系统日志文件（URMA_LOG_PATH）,函数用于创建JFR，调用方传入的JFR对象不满足接口前置条件，无法继续完成本次URMA操作。,无
urma_184,用户,JFR对象无效导致创建JFR失败,关键日志：匹配`urma_create_jetty_check_trans_mode`，匹配`jfr is null or trans_mode or order_type invalid with shared jfr flag.`；日志路径：系统日志文件（URMA_LOG_PATH）,函数用于创建JFR，调用方传入的JFR对象不满足接口前置条件，无法继续完成本次URMA操作。,无
urma_185,URMA,创建Jetty过程中依赖步骤失败,"关键日志：匹配`urma_create_jetty_check_dev_cap`，匹配`jetty_grp jetty cnt:`，匹配`, max_jetty in grp:`；日志路径：系统日志文件（URMA_LOG_PATH）",函数用于创建Jetty，执行过程中依赖的参数校验、状态转换、下层provider调用或系统资源处理未成功，导致本次URMA操作失败。,无
urma_186,URMA,创建Jetty过程中依赖步骤失败,"关键日志：匹配`urma_create_jetty_check_dev_cap`，匹配`jetty cfg out of range, jfs_depth:`，匹配`, max_jfs_depth:`，匹配`, inline_data:`，匹配`, max_jfs_inline_len:`，匹配`, jfr_depth:`，匹配`, max_jfr_depth:`，匹配`, jfs_sge:`，匹配`hu, max_jfs_sge:`，匹配`, jfs_rsge:`，匹配`hu, max_jfs_rsge:`，匹配`, jfr_sge:`，匹配`hu, max_jfr_sge:`；日志路径：系统日志文件（URMA_LOG_PATH）",函数用于创建Jetty，执行过程中依赖的参数校验、状态转换、下层provider调用或系统资源处理未成功，导致本次URMA操作失败。,无
urma_187,用户,JFR对象无效导致执行Token失败,关键日志：匹配`urma_check_jetty_cfg_with_jetty_grp`，匹配`Invalid token with share_jfr.`；日志路径：系统日志文件（URMA_LOG_PATH）,函数用于执行Token，调用方传入的JFR对象不满足接口前置条件，无法继续完成本次URMA操作。,无
urma_188,用户,JFR对象无效导致执行Token失败,关键日志：匹配`urma_check_jetty_cfg_with_jetty_grp`，匹配`Invalid token with unshared jfr.`；日志路径：系统日志文件（URMA_LOG_PATH）,函数用于执行Token，调用方传入的JFR对象不满足接口前置条件，无法继续完成本次URMA操作。,无
urma_189,URMA,删除Jetty过程中依赖步骤失败,关键日志：匹配`urma_add_jetty_to_jetty_grp`，匹配`failed to add jetty to jetty_grp.`；日志路径：系统日志文件（URMA_LOG_PATH）,函数用于删除Jetty，执行过程中依赖的参数校验、状态转换、下层provider调用或系统资源处理未成功，导致本次URMA操作失败。,无
urma_190,URMA,Jetty清理阶段下层释放操作失败,关键日志：匹配`urma_delete_jetty_to_jetty_grp`，匹配`failed to delete jetty to jetty_grp.`；日志路径：系统日志文件（URMA_LOG_PATH）,函数负责释放或撤销Jetty相关资源，下层provider、驱动或引用状态返回失败，可能残留已创建的URMA资源。,无
urma_191,用户,Jetty对象无效导致创建JFC失败,"关键日志：匹配`urma_create_jetty_check_jfc`，匹配`Invalid parameter, jfc is NULL in jfs_cfg.`；日志路径：系统日志文件（URMA_LOG_PATH）",函数用于创建JFC，调用方传入的Jetty对象不满足接口前置条件，无法继续完成本次URMA操作。,无
urma_192,用户,JFR对象无效导致创建JFR失败,"关键日志：匹配`urma_create_jetty_check_jfc`，匹配`Invalid parameter, jfr cfg is null or jfc is NULL with non shared jfr flag.`；日志路径：系统日志文件（URMA_LOG_PATH）",函数用于创建JFR，调用方传入的JFR对象不满足接口前置条件，无法继续完成本次URMA操作。,无
urma_193,用户,JFR对象无效导致创建JFR失败,"关键日志：匹配`urma_create_jetty_check_jfc`，匹配`Invalid parameter, jfr is null or jfc is NULL with shared jfr flag.`；日志路径：系统日志文件（URMA_LOG_PATH）",函数用于创建JFR，调用方传入的JFR对象不满足接口前置条件，无法继续完成本次URMA操作。,无
urma_194,用户,URMA context、设备对象、JFR对象无效导致创建Jetty失败,关键日志：匹配`urma_create_jetty_check_jfc`，匹配`Invalid parameter.`；日志路径：系统日志文件（URMA_LOG_PATH）,函数用于创建Jetty，调用方传入的URMA context、设备对象、JFR对象不满足接口前置条件，无法继续完成本次URMA操作。,无
urma_195,用户,URMA context、provider操作表、provider未提供create_jetty操作实现无效导致创建Jetty失败,关键日志：匹配`urma_create_jetty_check_jfc`，匹配`Invalid parameter.`；日志路径：系统日志文件（URMA_LOG_PATH）,函数用于创建Jetty，调用方传入的URMA context、provider操作表、provider未提供create_jetty操作实现不满足接口前置条件，无法继续完成本次URMA操作。,无
urma_196,硬件,Jetty创建时下层资源准备失败,"关键日志：匹配`urma_create_jetty_check_jfc`，匹配`[DRV_ERR]create_jetty failed, dev_name:`，匹配`, eid_idx:`；日志路径：系统日志文件（URMA_LOG_PATH）",函数负责创建Jetty，依赖的provider接口、驱动命令、子资源或路由信息未成功返回，导致资源无法建立。,无
urma_197,用户,URMA context、Jetty对象无效导致修改Jetty失败,关键日志：匹配`urma_modify_jetty`，匹配`Invalid parameter.`；日志路径：系统日志文件（URMA_LOG_PATH）,函数用于修改Jetty，调用方传入的URMA context、Jetty对象不满足接口前置条件，无法继续完成本次URMA操作。,无
urma_198,用户,URMA context、provider操作表、Jetty对象、provider未提供modify_jetty操作实现无效导致修改Jetty失败,关键日志：匹配`urma_modify_jetty`，匹配`Invalid parameter.`；日志路径：系统日志文件（URMA_LOG_PATH）,函数用于修改Jetty，调用方传入的URMA context、provider操作表、Jetty对象、provider未提供modify_jetty操作实现不满足接口前置条件，无法继续完成本次URMA操作。,无
urma_199,用户,URMA context、provider操作表、Jetty对象无效导致查询Jetty失败,关键日志：匹配`urma_query_jetty`，匹配`Invalid parameter.`；日志路径：系统日志文件（URMA_LOG_PATH）,函数用于查询Jetty，调用方传入的URMA context、provider操作表、Jetty对象不满足接口前置条件，无法继续完成本次URMA操作。,无
urma_200,用户,URMA context、provider操作表、Jetty对象、provider未提供query_jetty操作实现无效导致查询Jetty失败,关键日志：匹配`urma_query_jetty`，匹配`Invalid parameter.`；日志路径：系统日志文件（URMA_LOG_PATH）,函数用于查询Jetty，调用方传入的URMA context、provider操作表、Jetty对象、provider未提供query_jetty操作实现不满足接口前置条件，无法继续完成本次URMA操作。,无
urma_201,用户,URMA context、provider操作表、Jetty对象无效导致释放Jetty失败,关键日志：匹配`urma_free_jetty`，匹配`Invalid parameter.`；日志路径：系统日志文件（URMA_LOG_PATH）,函数用于释放Jetty，调用方传入的URMA context、provider操作表、Jetty对象不满足接口前置条件，无法继续完成本次URMA操作。,无
urma_202,URMA,释放Jetty过程中依赖步骤失败,"关键日志：匹配`urma_free_jetty`，匹配`jetty still actived, please deactived first`；日志路径：系统日志文件（URMA_LOG_PATH）",函数用于释放Jetty，执行过程中依赖的参数校验、状态转换、下层provider调用或系统资源处理未成功，导致本次URMA操作失败。,无
urma_203,URMA,Jetty清理阶段下层释放操作失败,"关键日志：匹配`urma_free_jetty`，匹配`Failed to delete jetty because it has remote jetty, try unbind first`；日志路径：系统日志文件（URMA_LOG_PATH）",函数负责释放或撤销Jetty相关资源，下层provider、驱动或引用状态返回失败，可能残留已创建的URMA资源。,无
urma_204,用户,URMA context、provider操作表、Jetty对象、provider未提供free_jetty操作实现无效导致释放Jetty失败,关键日志：匹配`urma_free_jetty`，匹配`Invalid parameter.`；日志路径：系统日志文件（URMA_LOG_PATH）,函数用于释放Jetty，调用方传入的URMA context、provider操作表、Jetty对象、provider未提供free_jetty操作实现不满足接口前置条件，无法继续完成本次URMA操作。,无
urma_205,用户,URMA context、provider操作表、Jetty对象无效导致删除Jetty失败,关键日志：匹配`urma_delete_jetty`，匹配`Invalid parameter.`；日志路径：系统日志文件（URMA_LOG_PATH）,函数用于删除Jetty，调用方传入的URMA context、provider操作表、Jetty对象不满足接口前置条件，无法继续完成本次URMA操作。,无
urma_206,URMA,Jetty清理阶段下层释放操作失败,"关键日志：匹配`urma_delete_jetty`，匹配`jetty still deactived, can not delete.`；日志路径：系统日志文件（URMA_LOG_PATH）",函数负责释放或撤销Jetty相关资源，下层provider、驱动或引用状态返回失败，可能残留已创建的URMA资源。,无
urma_207,URMA,Jetty清理阶段下层释放操作失败,"关键日志：匹配`urma_delete_jetty`，匹配`Failed to delete jetty because it has remote jetty, try unbind first`；日志路径：系统日志文件（URMA_LOG_PATH）",函数负责释放或撤销Jetty相关资源，下层provider、驱动或引用状态返回失败，可能残留已创建的URMA资源。,无
urma_208,用户,URMA context、provider操作表、Jetty对象、provider未提供delete_jetty操作实现无效导致删除Jetty失败,关键日志：匹配`urma_delete_jetty`，匹配`Invalid parameter.`；日志路径：系统日志文件（URMA_LOG_PATH）,函数用于删除Jetty，调用方传入的URMA context、provider操作表、Jetty对象、provider未提供delete_jetty操作实现不满足接口前置条件，无法继续完成本次URMA操作。,无
urma_209,URMA,Jetty清理阶段下层释放操作失败,"关键日志：匹配`urma_delete_jetty`，匹配`[DRV_ERR]Failed to delete jetty, dev_name:`，匹配`, eid_idx:`，匹配`, id:`，匹配`, ret:`；日志路径：系统日志文件（URMA_LOG_PATH）",函数负责释放或撤销Jetty相关资源，下层provider、驱动或引用状态返回失败，可能残留已创建的URMA资源。,无
urma_210,用户,URMA context、provider操作表、Jetty对象无效导致删除Jetty失败,关键日志：匹配`urma_delete_jetty_batch`，匹配`Invalid parameter.`；日志路径：系统日志文件（URMA_LOG_PATH）,函数用于删除Jetty，调用方传入的URMA context、provider操作表、Jetty对象不满足接口前置条件，无法继续完成本次URMA操作。,无
urma_211,OS,Jetty相关临时结构或命令参数分配失败,关键日志：匹配`urma_delete_jetty_batch`，匹配`Failed to alloc memory.`；日志路径：系统日志文件（URMA_LOG_PATH）,函数在分配Jetty前需要申请命令参数、资源描述或临时缓存，内存分配失败会阻断后续URMA资源处理。,无
urma_212,用户,Jetty对象无效导致删除Jetty失败,"关键日志：匹配`urma_delete_jetty_batch`，匹配`Invalid parameter, index`，匹配`jetty in the array is NULL.`；日志路径：系统日志文件（URMA_LOG_PATH）",函数用于删除Jetty，调用方传入的Jetty对象不满足接口前置条件，无法继续完成本次URMA操作。,无
urma_213,URMA,Jetty清理阶段下层释放操作失败,"关键日志：匹配`urma_delete_jetty_batch`，匹配`Failed to delete as jetty has remote jetty, try unbind, index:`；日志路径：系统日志文件（URMA_LOG_PATH）",函数负责释放或撤销Jetty相关资源，下层provider、驱动或引用状态返回失败，可能残留已创建的URMA资源。,无
urma_214,用户,URMA context、设备对象、sysfs设备信息、provider操作表、Jetty对象无效导致删除Jetty失败,"关键日志：匹配`urma_delete_jetty_batch`，匹配`Invalid parameter, index:`；日志路径：系统日志文件（URMA_LOG_PATH）",函数用于删除Jetty，调用方传入的URMA context、设备对象、sysfs设备信息、provider操作表、Jetty对象不满足接口前置条件，无法继续完成本次URMA操作。,无
urma_215,URMA,Jetty清理阶段下层释放操作失败,"关键日志：匹配`urma_delete_jetty_batch`，匹配`Failed to delete jetty batch, ret:`；日志路径：系统日志文件（URMA_LOG_PATH）",函数负责释放或撤销Jetty相关资源，下层provider、驱动或引用状态返回失败，可能残留已创建的URMA资源。,无
urma_216,用户,URMA context、Jetty对象无效导致刷出Jetty失败,关键日志：匹配`urma_flush_jetty`，匹配`Invalid parameter.`；日志路径：系统日志文件（URMA_LOG_PATH）,函数用于刷出Jetty，调用方传入的URMA context、Jetty对象不满足接口前置条件，无法继续完成本次URMA操作。,无
urma_217,用户,URMA context、provider操作表、Jetty对象、provider未提供flush_jetty操作实现无效导致刷出Jetty失败,关键日志：匹配`urma_flush_jetty`，匹配`Invalid parameter.`；日志路径：系统日志文件（URMA_LOG_PATH）,函数用于刷出Jetty，调用方传入的URMA context、provider操作表、Jetty对象、provider未提供flush_jetty操作实现不满足接口前置条件，无法继续完成本次URMA操作。,无
urma_218,用户,URMA context、provider操作表、目标Jetty对象、provider未提供import_jetty_ex操作实现无效导致刷出Jetty失败,关键日志：匹配`urma_flush_jetty`，匹配`Invalid parameter.`；日志路径：系统日志文件（URMA_LOG_PATH）,函数用于刷出Jetty，调用方传入的URMA context、provider操作表、目标Jetty对象、provider未提供import_jetty_ex操作实现不满足接口前置条件，无法继续完成本次URMA操作。,无
urma_219,用户,URMA context、设备对象、sysfs设备信息、provider操作表、目标Jetty对象无效导致刷出Jetty失败,关键日志：匹配`urma_flush_jetty`，匹配`Invalid parameter.`；日志路径：系统日志文件（URMA_LOG_PATH）,函数用于刷出Jetty，调用方传入的URMA context、设备对象、sysfs设备信息、provider操作表、目标Jetty对象不满足接口前置条件，无法继续完成本次URMA操作。,无
urma_220,用户,URMA context、设备对象、sysfs设备信息、provider操作表无效导致刷出Jetty失败,关键日志：匹配`urma_flush_jetty`，匹配`Invalid parameter.`；日志路径：系统日志文件（URMA_LOG_PATH）,函数用于刷出Jetty，调用方传入的URMA context、设备对象、sysfs设备信息、provider操作表不满足接口前置条件，无法继续完成本次URMA操作。,无
urma_221,用户,URMA context、provider操作表无效导致刷出Jetty失败,关键日志：匹配`urma_flush_jetty`，匹配`Invalid parameter.`；日志路径：系统日志文件（URMA_LOG_PATH）,函数用于刷出Jetty，调用方传入的URMA context、provider操作表不满足接口前置条件，无法继续完成本次URMA操作。,无
urma_222,用户,URMA context、provider操作表、目标Jetty对象无效导致刷出Jetty失败,关键日志：匹配`urma_flush_jetty`，匹配`Invalid parameter.`；日志路径：系统日志文件（URMA_LOG_PATH）,函数用于刷出Jetty，调用方传入的URMA context、provider操作表、目标Jetty对象不满足接口前置条件，无法继续完成本次URMA操作。,无
urma_223,用户,URMA context、provider操作表、目标Jetty对象、provider未提供import_jetty_ex操作实现无效导致刷出Jetty失败,关键日志：匹配`urma_flush_jetty`，匹配`Invalid parameter.`；日志路径：系统日志文件（URMA_LOG_PATH）,函数用于刷出Jetty，调用方传入的URMA context、provider操作表、目标Jetty对象、provider未提供import_jetty_ex操作实现不满足接口前置条件，无法继续完成本次URMA操作。,无
urma_224,用户,URMA context、provider操作表、目标Jetty对象无效导致解除导入Jetty失败,关键日志：匹配`urma_unimport_jetty`，匹配`Invalid parameter.`；日志路径：系统日志文件（URMA_LOG_PATH）,函数用于解除导入Jetty，调用方传入的URMA context、provider操作表、目标Jetty对象不满足接口前置条件，无法继续完成本次URMA操作。,无
urma_225,用户,URMA context、provider操作表、目标Jetty对象、provider未提供unimport_jetty操作实现无效导致解除导入Jetty失败,关键日志：匹配`urma_unimport_jetty`，匹配`Invalid parameter.`；日志路径：系统日志文件（URMA_LOG_PATH）,函数用于解除导入Jetty，调用方传入的URMA context、provider操作表、目标Jetty对象、provider未提供unimport_jetty操作实现不满足接口前置条件，无法继续完成本次URMA操作。,无
urma_226,用户,URMA context、provider操作表、Jetty对象、目标Jetty对象无效导致绑定Jetty失败,关键日志：匹配`urma_bind_jetty`，匹配`Invalid parameter.`；日志路径：系统日志文件（URMA_LOG_PATH）,函数用于绑定Jetty，调用方传入的URMA context、provider操作表、Jetty对象、目标Jetty对象不满足接口前置条件，无法继续完成本次URMA操作。,无
urma_227,用户,URMA context、设备对象、sysfs设备信息、provider操作表、Jetty对象、目标Jetty对象无效导致绑定Jetty失败,关键日志：匹配`urma_bind_jetty`，匹配`Invalid parameter.`；日志路径：系统日志文件（URMA_LOG_PATH）,函数用于绑定Jetty，调用方传入的URMA context、设备对象、sysfs设备信息、provider操作表、Jetty对象、目标Jetty对象不满足接口前置条件，无法继续完成本次URMA操作。,无
urma_228,URMA,绑定Jetty过程中依赖步骤失败,关键日志：匹配`urma_bind_jetty`，匹配`Not allowed to bind local jetty:`，匹配`of mode:`，匹配`with remote jetty:`，匹配`of mode:`；日志路径：系统日志文件（URMA_LOG_PATH）,函数用于绑定Jetty，执行过程中依赖的参数校验、状态转换、下层provider调用或系统资源处理未成功，导致本次URMA操作失败。,无
urma_229,URMA,绑定Jetty过程中依赖步骤失败,"关键日志：匹配`urma_bind_jetty`，匹配`Not allowed to bind local jetty:`，匹配`, with remote jetty:`；日志路径：系统日志文件（URMA_LOG_PATH）",函数用于绑定Jetty，执行过程中依赖的参数校验、状态转换、下层provider调用或系统资源处理未成功，导致本次URMA操作失败。,无
urma_230,用户,URMA context、provider操作表、Jetty对象、目标Jetty对象无效导致绑定Jetty失败,关键日志：匹配`urma_bind_jetty_ex`，匹配`Invalid parameter.`；日志路径：系统日志文件（URMA_LOG_PATH）,函数用于绑定Jetty，调用方传入的URMA context、provider操作表、Jetty对象、目标Jetty对象不满足接口前置条件，无法继续完成本次URMA操作。,无
urma_231,URMA,绑定Jetty过程中依赖步骤失败,关键日志：匹配`urma_bind_jetty_ex`，匹配`Not allowed to bind local jetty:`，匹配`of mode:`，匹配`with remote jetty:`，匹配`of mode:`；日志路径：系统日志文件（URMA_LOG_PATH）,函数用于绑定Jetty，执行过程中依赖的参数校验、状态转换、下层provider调用或系统资源处理未成功，导致本次URMA操作失败。,无
urma_232,URMA,绑定Jetty过程中依赖步骤失败,"关键日志：匹配`urma_bind_jetty_ex`，匹配`Not allowed to bind local jetty:`，匹配`, with remote jetty:`；日志路径：系统日志文件（URMA_LOG_PATH）",函数用于绑定Jetty，执行过程中依赖的参数校验、状态转换、下层provider调用或系统资源处理未成功，导致本次URMA操作失败。,无
urma_233,用户,URMA context、provider操作表、Jetty对象、目标Jetty对象、provider未提供bind_jetty_ex操作实现无效导致绑定Jetty失败,关键日志：匹配`urma_bind_jetty_ex`，匹配`Invalid parameter.`；日志路径：系统日志文件（URMA_LOG_PATH）,函数用于绑定Jetty，调用方传入的URMA context、provider操作表、Jetty对象、目标Jetty对象、provider未提供bind_jetty_ex操作实现不满足接口前置条件，无法继续完成本次URMA操作。,无
urma_234,用户,URMA context、provider操作表、Jetty对象、目标Jetty对象无效导致解绑Jetty失败,关键日志：匹配`urma_unbind_jetty`，匹配`Invalid parameter.`；日志路径：系统日志文件（URMA_LOG_PATH）,函数用于解绑Jetty，调用方传入的URMA context、provider操作表、Jetty对象、目标Jetty对象不满足接口前置条件，无法继续完成本次URMA操作。,无
urma_235,URMA,解绑TP过程中依赖步骤失败,关键日志：匹配`urma_unbind_jetty`，匹配`Not allowed to call unbind as the tp mode of jetty :`，匹配`is:`；日志路径：系统日志文件（URMA_LOG_PATH）,函数用于解绑TP，执行过程中依赖的参数校验、状态转换、下层provider调用或系统资源处理未成功，导致本次URMA操作失败。,无
urma_236,用户,URMA context、provider操作表、Jetty对象、provider未提供unbind_jetty操作实现无效导致解绑Jetty失败,关键日志：匹配`urma_unbind_jetty`，匹配`Invalid parameter.`；日志路径：系统日志文件（URMA_LOG_PATH）,函数用于解绑Jetty，调用方传入的URMA context、provider操作表、Jetty对象、provider未提供unbind_jetty操作实现不满足接口前置条件，无法继续完成本次URMA操作。,无
urma_237,用户,URMA context、provider操作表、Jetty对象、目标Jetty对象无效导致解绑Jetty失败,关键日志：匹配`urma_advise_jetty`，匹配`Invalid parameter.`；日志路径：系统日志文件（URMA_LOG_PATH）,函数用于解绑Jetty，调用方传入的URMA context、provider操作表、Jetty对象、目标Jetty对象不满足接口前置条件，无法继续完成本次URMA操作。,无
urma_238,用户,URMA context、设备对象、Jetty对象、目标Jetty对象无效导致执行Jetty失败,关键日志：匹配`urma_advise_jetty`，匹配`Invalid parameter.`；日志路径：系统日志文件（URMA_LOG_PATH）,函数用于执行Jetty，调用方传入的URMA context、设备对象、Jetty对象、目标Jetty对象不满足接口前置条件，无法继续完成本次URMA操作。,无
urma_239,用户,URMA context、设备对象、provider操作表、Jetty对象、目标Jetty对象无效导致执行Jetty失败,关键日志：匹配`urma_advise_jetty`，匹配`Invalid parameter.`；日志路径：系统日志文件（URMA_LOG_PATH）,函数用于执行Jetty，调用方传入的URMA context、设备对象、provider操作表、Jetty对象、目标Jetty对象不满足接口前置条件，无法继续完成本次URMA操作。,无
urma_240,用户,URMA context、provider操作表、Jetty对象、目标Jetty对象无效导致执行Jetty失败,关键日志：匹配`urma_unadvise_jetty`，匹配`Invalid parameter.`；日志路径：系统日志文件（URMA_LOG_PATH）,函数用于执行Jetty，调用方传入的URMA context、provider操作表、Jetty对象、目标Jetty对象不满足接口前置条件，无法继续完成本次URMA操作。,无
urma_241,用户,URMA context、设备对象、Jetty对象、目标Jetty对象无效导致执行Jetty失败,关键日志：匹配`urma_unadvise_jetty`，匹配`Invalid parameter.`；日志路径：系统日志文件（URMA_LOG_PATH）,函数用于执行Jetty，调用方传入的URMA context、设备对象、Jetty对象、目标Jetty对象不满足接口前置条件，无法继续完成本次URMA操作。,无
urma_242,用户,URMA context、设备对象、provider操作表、Jetty对象、目标Jetty对象无效导致执行Jetty失败,关键日志：匹配`urma_unadvise_jetty`，匹配`Invalid parameter.`；日志路径：系统日志文件（URMA_LOG_PATH）,函数用于执行Jetty，调用方传入的URMA context、设备对象、provider操作表、Jetty对象、目标Jetty对象不满足接口前置条件，无法继续完成本次URMA操作。,无
urma_243,用户,URMA context、provider操作表、Jetty对象、目标Jetty对象无效导致导入Jetty失败,关键日志：匹配`urma_unadvise_jetty`，匹配`Invalid parameter.`；日志路径：系统日志文件（URMA_LOG_PATH）,函数用于导入Jetty，调用方传入的URMA context、provider操作表、Jetty对象、目标Jetty对象不满足接口前置条件，无法继续完成本次URMA操作。,无
urma_244,用户,URMA context、provider操作表、provider未提供import_jetty_async操作实现无效导致导入Jetty失败,关键日志：匹配`urma_unadvise_jetty`，匹配`Invalid parameter.`；日志路径：系统日志文件（URMA_LOG_PATH）,函数用于导入Jetty，调用方传入的URMA context、provider操作表、provider未提供import_jetty_async操作实现不满足接口前置条件，无法继续完成本次URMA操作。,无
urma_245,OS,Jetty相关临时结构或命令参数分配失败,关键日志：匹配`urma_unadvise_jetty`，匹配`Failed to alloc incomplete_tjetty.`；日志路径：系统日志文件（URMA_LOG_PATH）,函数在分配Jetty前需要申请命令参数、资源描述或临时缓存，内存分配失败会阻断后续URMA资源处理。,无
urma_246,用户,URMA context、目标Jetty对象无效导致解除导入Jetty失败,关键日志：匹配`urma_unimport_jetty_async`，匹配`Invalid parameter.`；日志路径：系统日志文件（URMA_LOG_PATH）,函数用于解除导入Jetty，调用方传入的URMA context、目标Jetty对象不满足接口前置条件，无法继续完成本次URMA操作。,无
urma_247,用户,URMA context、provider操作表、Jetty对象、目标Jetty对象、provider未提供unimport_jetty_async操作实现无效导致解除导入Jetty失败,关键日志：匹配`urma_unimport_jetty_async`，匹配`Invalid parameter.`；日志路径：系统日志文件（URMA_LOG_PATH）,函数用于解除导入Jetty，调用方传入的URMA context、provider操作表、Jetty对象、目标Jetty对象、provider未提供unimport_jetty_async操作实现不满足接口前置条件，无法继续完成本次URMA操作。,无
urma_248,URMA,Jetty清理阶段下层释放操作失败,关键日志：匹配`urma_unimport_jetty_async`，匹配`Failed to unimport jetty.`；日志路径：系统日志文件（URMA_LOG_PATH）,函数负责释放或撤销Jetty相关资源，下层provider、驱动或引用状态返回失败，可能残留已创建的URMA资源。,无
urma_249,用户,URMA context、Jetty对象、目标Jetty对象无效导致绑定Jetty失败,关键日志：匹配`urma_bind_jetty_async`，匹配`Invalid parameter.`；日志路径：系统日志文件（URMA_LOG_PATH）,函数用于绑定Jetty，调用方传入的URMA context、Jetty对象、目标Jetty对象不满足接口前置条件，无法继续完成本次URMA操作。,无
urma_250,URMA,绑定Jetty过程中依赖步骤失败,关键日志：匹配`urma_bind_jetty_async`，匹配`Not allowed to bind local jetty:`，匹配`of mode:`，匹配`with remote jetty:`，匹配`of mode:`；日志路径：系统日志文件（URMA_LOG_PATH）,函数用于绑定Jetty，执行过程中依赖的参数校验、状态转换、下层provider调用或系统资源处理未成功，导致本次URMA操作失败。,无
urma_251,URMA,绑定Jetty过程中依赖步骤失败,"关键日志：匹配`urma_bind_jetty_async`，匹配`Not allowed to bind local jetty:`，匹配`, with remote jetty:`；日志路径：系统日志文件（URMA_LOG_PATH）",函数用于绑定Jetty，执行过程中依赖的参数校验、状态转换、下层provider调用或系统资源处理未成功，导致本次URMA操作失败。,无
urma_252,用户,URMA context、provider操作表、Jetty对象、目标Jetty对象、provider未提供bind_jetty_async操作实现无效导致绑定Jetty失败,关键日志：匹配`urma_bind_jetty_async`，匹配`Invalid parameter.`；日志路径：系统日志文件（URMA_LOG_PATH）,函数用于绑定Jetty，调用方传入的URMA context、provider操作表、Jetty对象、目标Jetty对象、provider未提供bind_jetty_async操作实现不满足接口前置条件，无法继续完成本次URMA操作。,无
urma_253,用户,URMA context、provider操作表、Jetty对象、目标Jetty对象无效导致解绑Jetty失败,关键日志：匹配`urma_unbind_jetty_async`，匹配`Invalid parameter.`；日志路径：系统日志文件（URMA_LOG_PATH）,函数用于解绑Jetty，调用方传入的URMA context、provider操作表、Jetty对象、目标Jetty对象不满足接口前置条件，无法继续完成本次URMA操作。,无
urma_254,URMA,解绑TP过程中依赖步骤失败,关键日志：匹配`urma_unbind_jetty_async`，匹配`Not allowed to call unbind as the tp mode of jetty :`，匹配`is:`；日志路径：系统日志文件（URMA_LOG_PATH）,函数用于解绑TP，执行过程中依赖的参数校验、状态转换、下层provider调用或系统资源处理未成功，导致本次URMA操作失败。,无
urma_255,用户,URMA context、provider操作表、Jetty对象、provider未提供unbind_jetty_async操作实现无效导致解绑Jetty失败,关键日志：匹配`urma_unbind_jetty_async`，匹配`Invalid parameter.`；日志路径：系统日志文件（URMA_LOG_PATH）,函数用于解绑Jetty，调用方传入的URMA context、provider操作表、Jetty对象、provider未提供unbind_jetty_async操作实现不满足接口前置条件，无法继续完成本次URMA操作。,无
urma_256,用户,URMA context、设备对象、provider操作表、Jetty对象无效导致分配Jetty失败,关键日志：匹配`urma_alloc_jetty`，匹配`Invalid parameter.`；日志路径：系统日志文件（URMA_LOG_PATH）,函数用于分配Jetty，调用方传入的URMA context、设备对象、provider操作表、Jetty对象不满足接口前置条件，无法继续完成本次URMA操作。,无
urma_257,用户,URMA context、设备对象、provider操作表、Jetty对象无效导致分配Jetty失败,关键日志：匹配`urma_alloc_jetty`，匹配`Invalid parameter.`；日志路径：系统日志文件（URMA_LOG_PATH）,函数用于分配Jetty，调用方传入的URMA context、设备对象、provider操作表、Jetty对象不满足接口前置条件，无法继续完成本次URMA操作。,无
urma_258,用户,URMA context、设备对象、Jetty对象无效导致分配Jetty失败,关键日志：匹配`urma_alloc_jetty`，匹配`Invalid parameter.`；日志路径：系统日志文件（URMA_LOG_PATH）,函数用于分配Jetty，调用方传入的URMA context、设备对象、Jetty对象不满足接口前置条件，无法继续完成本次URMA操作。,无
urma_259,用户,URMA context、provider操作表无效导致分配Jetty失败,关键日志：匹配`urma_alloc_jetty`，匹配`Invalid parameter.`；日志路径：系统日志文件（URMA_LOG_PATH）,函数用于分配Jetty，调用方传入的URMA context、provider操作表不满足接口前置条件，无法继续完成本次URMA操作。,无
urma_260,用户,URMA context、provider操作表、provider未提供alloc_jetty操作实现无效导致分配Jetty失败,关键日志：匹配`urma_alloc_jetty`，匹配`Invalid parameter.`；日志路径：系统日志文件（URMA_LOG_PATH）,函数用于分配Jetty，调用方传入的URMA context、provider操作表、provider未提供alloc_jetty操作实现不满足接口前置条件，无法继续完成本次URMA操作。,无
urma_261,OS,Jetty相关临时结构或命令参数分配失败,关键日志：匹配`urma_alloc_jetty`，匹配`alloc_jetty failed.`；日志路径：系统日志文件（URMA_LOG_PATH）,函数在分配Jetty前需要申请命令参数、资源描述或临时缓存，内存分配失败会阻断后续URMA资源处理。,无
urma_262,用户,URMA context、Jetty对象无效导致设置Jetty失败,关键日志：匹配`urma_set_jetty_opt`，匹配`Invalid parameter.`；日志路径：系统日志文件（URMA_LOG_PATH）,函数用于设置Jetty，调用方传入的URMA context、Jetty对象不满足接口前置条件，无法继续完成本次URMA操作。,无
urma_263,URMA,设置Jetty过程中依赖步骤失败,"关键日志：匹配`urma_set_jetty_opt`，匹配`Failed to set opt, jetty has been activated`；日志路径：系统日志文件（URMA_LOG_PATH）",函数用于设置Jetty，执行过程中依赖的参数校验、状态转换、下层provider调用或系统资源处理未成功，导致本次URMA操作失败。,无
urma_264,用户,provider操作表、Jetty对象无效导致设置Jetty失败,关键日志：匹配`urma_set_jetty_opt`，匹配`invalid opt id or opt len`；日志路径：系统日志文件（URMA_LOG_PATH）,函数用于设置Jetty，调用方传入的provider操作表、Jetty对象不满足接口前置条件，无法继续完成本次URMA操作。,无
urma_265,用户,URMA context、provider操作表、Jetty对象、provider未提供set_jetty_opt操作实现无效导致设置Jetty失败,关键日志：匹配`urma_set_jetty_opt`，匹配`Invalid parameter.`；日志路径：系统日志文件（URMA_LOG_PATH）,函数用于设置Jetty，调用方传入的URMA context、provider操作表、Jetty对象、provider未提供set_jetty_opt操作实现不满足接口前置条件，无法继续完成本次URMA操作。,无
urma_266,URMA,Jetty清理阶段下层释放操作失败,关键日志：匹配`urma_set_jetty_opt`，匹配`Failed to exec urma_delete_jetty_to_jetty_grp.`；日志路径：系统日志文件（URMA_LOG_PATH）,函数负责释放或撤销Jetty相关资源，下层provider、驱动或引用状态返回失败，可能残留已创建的URMA资源。,无
urma_267,URMA,设置Jetty过程中依赖步骤失败,关键日志：匹配`urma_set_jetty_opt`，匹配`Failed to exec urma_jetty_set_options.`；日志路径：系统日志文件（URMA_LOG_PATH）,函数用于设置Jetty，执行过程中依赖的参数校验、状态转换、下层provider调用或系统资源处理未成功，导致本次URMA操作失败。,无
urma_268,URMA,设置设备过程中依赖步骤失败,关键日志：匹配`urma_set_jetty_opt`，匹配`UB dev should use share jfr!`；日志路径：系统日志文件（URMA_LOG_PATH）,函数用于设置设备，执行过程中依赖的参数校验、状态转换、下层provider调用或系统资源处理未成功，导致本次URMA操作失败。,无
urma_269,URMA,设置Jetty过程中依赖步骤失败,关键日志：匹配`urma_set_jetty_opt`，匹配`Failed to exec ops->set_jetty_opt.`；日志路径：系统日志文件（URMA_LOG_PATH）,函数用于设置Jetty，执行过程中依赖的参数校验、状态转换、下层provider调用或系统资源处理未成功，导致本次URMA操作失败。,无
urma_270,URMA,设置Jetty过程中依赖步骤失败,关键日志：匹配`urma_set_jetty_opt`，匹配`Failed to exec urma_add_jetty_to_jetty_grp.`；日志路径：系统日志文件（URMA_LOG_PATH）,函数用于设置Jetty，执行过程中依赖的参数校验、状态转换、下层provider调用或系统资源处理未成功，导致本次URMA操作失败。,无
urma_271,用户,Jetty对象无效导致获取Jetty失败,关键日志：匹配`urma_get_jetty_opt`，匹配`Invalid parameter.`；日志路径：系统日志文件（URMA_LOG_PATH）,函数用于获取Jetty，调用方传入的Jetty对象不满足接口前置条件，无法继续完成本次URMA操作。,无
urma_272,用户,URMA context、provider操作表、Jetty对象、provider未提供get_jetty_opt操作实现无效导致获取Jetty失败,关键日志：匹配`urma_get_jetty_opt`，匹配`Invalid parameter.`；日志路径：系统日志文件（URMA_LOG_PATH）,函数用于获取Jetty，调用方传入的URMA context、provider操作表、Jetty对象、provider未提供get_jetty_opt操作实现不满足接口前置条件，无法继续完成本次URMA操作。,无
urma_273,URMA,获取Jetty过程中依赖步骤失败,关键日志：匹配`urma_get_jetty_opt`，匹配`Failed to exec ops->get_jetty_opt.`；日志路径：系统日志文件（URMA_LOG_PATH）,函数用于获取Jetty，执行过程中依赖的参数校验、状态转换、下层provider调用或系统资源处理未成功，导致本次URMA操作失败。,无
urma_274,用户,provider操作表、Jetty对象无效导致激活Jetty失败,关键日志：匹配`urma_active_jetty`，匹配`Invalid parameter.`；日志路径：系统日志文件（URMA_LOG_PATH）,函数用于激活Jetty，调用方传入的provider操作表、Jetty对象不满足接口前置条件，无法继续完成本次URMA操作。,无
urma_275,用户,URMA context、provider操作表、Jetty对象无效导致激活Jetty失败,关键日志：匹配`urma_active_jetty`，匹配`Invalid parameter.`；日志路径：系统日志文件（URMA_LOG_PATH）,函数用于激活Jetty，调用方传入的URMA context、provider操作表、Jetty对象不满足接口前置条件，无法继续完成本次URMA操作。,无
urma_276,用户,URMA context、provider操作表、Jetty对象无效导致激活Jetty失败,关键日志：匹配`urma_active_jetty`，匹配`Invalid parameter.`；日志路径：系统日志文件（URMA_LOG_PATH）,函数用于激活Jetty，调用方传入的URMA context、provider操作表、Jetty对象不满足接口前置条件，无法继续完成本次URMA操作。,无
urma_277,用户,URMA context无效导致激活Jetty失败,关键日志：匹配`urma_active_jetty`，匹配`Invalid parameter.`；日志路径：系统日志文件（URMA_LOG_PATH）,函数用于激活Jetty，调用方传入的URMA context不满足接口前置条件，无法继续完成本次URMA操作。,无
urma_278,URMA,Jetty数据通路处理失败,关键日志：匹配`urma_active_jetty`，匹配`Jetty state is wrong in active_jetty.`；日志路径：系统日志文件（URMA_LOG_PATH）,函数处理URMA数据收发路径，需要完成WR转换、投递、完成事件处理或重传，相关对象状态或下层操作失败导致数据通路中断。,无
urma_279,URMA,激活JFC过程中依赖步骤失败,关键日志：匹配`urma_active_jetty`，匹配`jfc or jfr has not activated.`；日志路径：系统日志文件（URMA_LOG_PATH）,函数用于激活JFC，执行过程中依赖的参数校验、状态转换、下层provider调用或系统资源处理未成功，导致本次URMA操作失败。,无
urma_280,用户,URMA context、provider操作表、JFR对象、Jetty对象、provider未提供active_jetty操作实现无效导致激活Jetty失败,关键日志：匹配`urma_active_jetty`，匹配`Invalid parameter.`；日志路径：系统日志文件（URMA_LOG_PATH）,函数用于激活Jetty，调用方传入的URMA context、provider操作表、JFR对象、Jetty对象、provider未提供active_jetty操作实现不满足接口前置条件，无法继续完成本次URMA操作。,无
urma_281,URMA,激活Jetty过程中依赖步骤失败,关键日志：匹配`urma_active_jetty`，匹配`Failed to exec ops->active_jetty.`；日志路径：系统日志文件（URMA_LOG_PATH）,函数用于激活Jetty，执行过程中依赖的参数校验、状态转换、下层provider调用或系统资源处理未成功，导致本次URMA操作失败。,无
urma_282,用户,provider操作表、Jetty对象无效导致去激活Jetty失败,关键日志：匹配`urma_deactive_jetty`，匹配`Invalid parameter.`；日志路径：系统日志文件（URMA_LOG_PATH）,函数用于去激活Jetty，调用方传入的provider操作表、Jetty对象不满足接口前置条件，无法继续完成本次URMA操作。,无
urma_283,URMA,Jetty数据通路处理失败,关键日志：匹配`urma_deactive_jetty`，匹配`Jetty state is wrong in deactive_jetty.`；日志路径：系统日志文件（URMA_LOG_PATH）,函数处理URMA数据收发路径，需要完成WR转换、投递、完成事件处理或重传，相关对象状态或下层操作失败导致数据通路中断。,无
urma_284,用户,URMA context、provider操作表、Jetty对象、provider未提供deactive_jetty操作实现无效导致去激活Jetty失败,关键日志：匹配`urma_deactive_jetty`，匹配`Invalid parameter.`；日志路径：系统日志文件（URMA_LOG_PATH）,函数用于去激活Jetty，调用方传入的URMA context、provider操作表、Jetty对象、provider未提供deactive_jetty操作实现不满足接口前置条件，无法继续完成本次URMA操作。,无
urma_285,URMA,去激活Jetty过程中依赖步骤失败,关键日志：匹配`urma_deactive_jetty`，匹配`Failed to exec ops->deactive_jetty.`；日志路径：系统日志文件（URMA_LOG_PATH）,函数用于去激活Jetty，执行过程中依赖的参数校验、状态转换、下层provider调用或系统资源处理未成功，导致本次URMA操作失败。,无
urma_286,用户,URMA context、provider操作表、Jetty对象无效导致去激活Jetty失败,关键日志：匹配`urma_deactive_jetty`，匹配`Invalid parameter.`；日志路径：系统日志文件（URMA_LOG_PATH）,函数用于去激活Jetty，调用方传入的URMA context、provider操作表、Jetty对象不满足接口前置条件，无法继续完成本次URMA操作。,无
urma_287,用户,URMA context、provider操作表、provider未提供create_notifier操作实现无效导致去激活Jetty失败,关键日志：匹配`urma_deactive_jetty`，匹配`Invalid parameter.`；日志路径：系统日志文件（URMA_LOG_PATH）,函数用于去激活Jetty，调用方传入的URMA context、provider操作表、provider未提供create_notifier操作实现不满足接口前置条件，无法继续完成本次URMA操作。,无
urma_288,OS,Notifier相关临时结构或命令参数分配失败,关键日志：匹配`urma_deactive_jetty`，匹配`Failed to alloc notifier.`；日志路径：系统日志文件（URMA_LOG_PATH）,函数在分配Notifier前需要申请命令参数、资源描述或临时缓存，内存分配失败会阻断后续URMA资源处理。,无
urma_289,URMA,确认Jetty过程中依赖步骤失败,关键日志：匹配`urma_ack_notify`，匹配`max_jetty_in_jetty_grp`，匹配`is err.`；日志路径：系统日志文件（URMA_LOG_PATH）,函数用于确认Jetty，执行过程中依赖的参数校验、状态转换、下层provider调用或系统资源处理未成功，导致本次URMA操作失败。,无
urma_290,硬件,Jetty创建时下层资源准备失败,关键日志：匹配`urma_ack_notify`，匹配`create_jetty_grp failed.`；日志路径：系统日志文件（URMA_LOG_PATH）,函数负责创建Jetty，依赖的provider接口、驱动命令、子资源或路由信息未成功返回，导致资源无法建立。,无
urma_291,OS,Jetty相关临时结构或命令参数分配失败,关键日志：匹配`urma_ack_notify`，匹配`alloc jetty list failed.`；日志路径：系统日志文件（URMA_LOG_PATH）,函数在分配Jetty前需要申请命令参数、资源描述或临时缓存，内存分配失败会阻断后续URMA资源处理。,无
urma_292,URMA,Jetty清理阶段下层释放操作失败,关键日志：匹配`urma_ack_notify`，匹配`delete_jetty_grp failed.`；日志路径：系统日志文件（URMA_LOG_PATH）,函数负责释放或撤销Jetty相关资源，下层provider、驱动或引用状态返回失败，可能残留已创建的URMA资源。,无
urma_293,用户,URMA context无效导致删除Jetty失败,关键日志：匹配`urma_delete_jetty_grp`，匹配`Invalid parameter.`；日志路径：系统日志文件（URMA_LOG_PATH）,函数用于删除Jetty，调用方传入的URMA context不满足接口前置条件，无法继续完成本次URMA操作。,无
urma_294,用户,URMA context、provider操作表、provider未提供delete_jetty_grp操作实现无效导致删除Jetty失败,关键日志：匹配`urma_delete_jetty_grp`，匹配`Invalid parameter.`；日志路径：系统日志文件（URMA_LOG_PATH）,函数用于删除Jetty，调用方传入的URMA context、provider操作表、provider未提供delete_jetty_grp操作实现不满足接口前置条件，无法继续完成本次URMA操作。,无
urma_295,用户,URMA context、provider操作表无效导致删除Jetty失败,关键日志：匹配`urma_delete_jetty_grp`，匹配`Invalid parameter: jetty_list`；日志路径：系统日志文件（URMA_LOG_PATH）,函数用于删除Jetty，调用方传入的URMA context、provider操作表不满足接口前置条件，无法继续完成本次URMA操作。,无
urma_296,URMA,删除Jetty过程中依赖步骤失败,"关键日志：匹配`urma_delete_jetty_grp`，匹配`jetty grp in use, jetty_cnt:`；日志路径：系统日志文件（URMA_LOG_PATH）",函数用于删除Jetty，执行过程中依赖的参数校验、状态转换、下层provider调用或系统资源处理未成功，导致本次URMA操作失败。,无
urma_297,用户,URMA context、provider操作表、Segment对象无效导致删除Jetty失败,关键日志：匹配`urma_delete_jetty_grp`，匹配`Invalid parameter.`；日志路径：系统日志文件（URMA_LOG_PATH）,函数用于删除Jetty，调用方传入的URMA context、provider操作表、Segment对象不满足接口前置条件，无法继续完成本次URMA操作。,无
urma_298,URMA,设置Token过程中依赖步骤失败,关键日志：匹配`urma_delete_jetty_grp`，匹配`Token value must be set when token policy is not URMA_TOKEN_NONE.`；日志路径：系统日志文件（URMA_LOG_PATH）,函数用于设置Token，执行过程中依赖的参数校验、状态转换、下层provider调用或系统资源处理未成功，导致本次URMA操作失败。,无
urma_299,用户,URMA context、provider操作表、Segment对象、provider未提供import_seg操作实现无效导致删除Jetty失败,关键日志：匹配`urma_delete_jetty_grp`，匹配`Invalid parameter.`；日志路径：系统日志文件（URMA_LOG_PATH）,函数用于删除Jetty，调用方传入的URMA context、provider操作表、Segment对象、provider未提供import_seg操作实现不满足接口前置条件，无法继续完成本次URMA操作。,无
urma_300,硬件,Segment导入时下层资源准备失败,"关键日志：匹配`urma_delete_jetty_grp`，匹配`[DRV_ERR]Failed to import seg, dev_name:`，匹配`, eid_idx:`；日志路径：系统日志文件（URMA_LOG_PATH）",函数负责导入Segment，依赖的provider接口、驱动命令、子资源或路由信息未成功返回，导致资源无法建立。,无
urma_301,用户,URMA context、Jetty对象无效导致获取TPN失败,关键日志：匹配`urma_get_tpn`，匹配`Invalid parameter.`；日志路径：系统日志文件（URMA_LOG_PATH）,函数用于获取TPN，调用方传入的URMA context、Jetty对象不满足接口前置条件，无法继续完成本次URMA操作。,无
urma_302,用户,URMA context、provider操作表、Jetty对象、provider未提供get_tpn操作实现无效导致获取TPN失败,关键日志：匹配`urma_get_tpn`，匹配`Invalid parameter.`；日志路径：系统日志文件（URMA_LOG_PATH）,函数用于获取TPN，调用方传入的URMA context、provider操作表、Jetty对象、provider未提供get_tpn操作实现不满足接口前置条件，无法继续完成本次URMA操作。,无
urma_303,用户,URMA context、设备对象、sysfs设备信息、provider操作表、Jetty对象无效导致获取TPN失败,关键日志：匹配`urma_get_tpn`，匹配`Invalid parameter.`；日志路径：系统日志文件（URMA_LOG_PATH）,函数用于获取TPN，调用方传入的URMA context、设备对象、sysfs设备信息、provider操作表、Jetty对象不满足接口前置条件，无法继续完成本次URMA操作。,无
urma_304,用户,URMA context、设备对象、sysfs设备信息无效导致获取TPN失败,关键日志：匹配`urma_get_tpn`，匹配`Invalid parameter with max_netaddr_cnt as 0.`；日志路径：系统日志文件（URMA_LOG_PATH）,函数用于获取TPN，调用方传入的URMA context、设备对象、sysfs设备信息不满足接口前置条件，无法继续完成本次URMA操作。,无
urma_305,URMA,获取TPN过程中依赖步骤失败,"关键日志：匹配`urma_get_tpn`，匹配`Failed to get netaddr list, ret:`，匹配`, max_netaddr_cnt:`；日志路径：系统日志文件（URMA_LOG_PATH）",函数用于获取TPN，执行过程中依赖的参数校验、状态转换、下层provider调用或系统资源处理未成功，导致本次URMA操作失败。,无
urma_306,用户,URMA context、provider操作表无效导致修改TP失败,关键日志：匹配`urma_modify_tp`，匹配`Invalid parameter.`；日志路径：系统日志文件（URMA_LOG_PATH）,函数用于修改TP，调用方传入的URMA context、provider操作表不满足接口前置条件，无法继续完成本次URMA操作。,无
urma_307,用户,URMA context、provider操作表、provider未提供modify_tp操作实现无效导致修改TP失败,关键日志：匹配`urma_modify_tp`，匹配`Invalid parameter.`；日志路径：系统日志文件（URMA_LOG_PATH）,函数用于修改TP，调用方传入的URMA context、provider操作表、provider未提供modify_tp操作实现不满足接口前置条件，无法继续完成本次URMA操作。,无
urma_308,用户,URMA context、provider操作表无效导致获取TP失败,关键日志：匹配`urma_get_tp_list`，匹配`Invalid parameter.`；日志路径：系统日志文件（URMA_LOG_PATH）,函数用于获取TP，调用方传入的URMA context、provider操作表不满足接口前置条件，无法继续完成本次URMA操作。,无
urma_309,用户,URMA context、provider操作表无效导致获取TP失败,"关键日志：匹配`urma_get_tp_list`，匹配`Invalid parameter, trans_mode:`；日志路径：系统日志文件（URMA_LOG_PATH）",函数用于获取TP，调用方传入的URMA context、provider操作表不满足接口前置条件，无法继续完成本次URMA操作。,无
urma_310,用户,URMA context、provider操作表、provider未提供get_tp_list操作实现无效导致获取TP失败,关键日志：匹配`urma_get_tp_list`，匹配`Invalid parameter.`；日志路径：系统日志文件（URMA_LOG_PATH）,函数用于获取TP，调用方传入的URMA context、provider操作表、provider未提供get_tp_list操作实现不满足接口前置条件，无法继续完成本次URMA操作。,无
urma_311,用户,URMA context、provider操作表无效导致设置TP失败,关键日志：匹配`urma_set_tp_attr`，匹配`Invalid parameter.`；日志路径：系统日志文件（URMA_LOG_PATH）,函数用于设置TP，调用方传入的URMA context、provider操作表不满足接口前置条件，无法继续完成本次URMA操作。,无
urma_312,用户,URMA context、provider操作表、provider未提供set_tp_attr操作实现无效导致设置TP失败,关键日志：匹配`urma_set_tp_attr`，匹配`Invalid parameter.`；日志路径：系统日志文件（URMA_LOG_PATH）,函数用于设置TP，调用方传入的URMA context、provider操作表、provider未提供set_tp_attr操作实现不满足接口前置条件，无法继续完成本次URMA操作。,无
urma_313,用户,URMA context、provider操作表无效导致获取TP失败,关键日志：匹配`urma_get_tp_attr`，匹配`Invalid parameter.`；日志路径：系统日志文件（URMA_LOG_PATH）,函数用于获取TP，调用方传入的URMA context、provider操作表不满足接口前置条件，无法继续完成本次URMA操作。,无
urma_314,用户,URMA context、provider操作表、provider未提供get_tp_attr操作实现无效导致获取TP失败,关键日志：匹配`urma_get_tp_attr`，匹配`Invalid parameter.`；日志路径：系统日志文件（URMA_LOG_PATH）,函数用于获取TP，调用方传入的URMA context、provider操作表、provider未提供get_tp_attr操作实现不满足接口前置条件，无法继续完成本次URMA操作。,无
urma_315,OS,设备、EID、端口、能力或字符设备路径信息的sysfs读取或解析失败,关键日志：匹配`urma_parse_rsvd_jetty_range`，匹配`parse sysfs:`，匹配`failed`；日志路径：系统日志文件（URMA_LOG_PATH）,函数需要从sysfs获取设备、EID、端口、能力或字符设备路径信息来构建设备上下文，文件打开、读取或内容解析失败导致URMA无法完成设备发现或能力初始化。,无
urma_316,OS,端口信息的sysfs读取或解析失败,关键日志：匹配`urma_parse_rsvd_jetty_range`，匹配`parse rsvd jetty:`，匹配`failed`；日志路径：系统日志文件（URMA_LOG_PATH）,函数需要从sysfs获取端口信息来构建设备上下文，文件打开、读取或内容解析失败导致URMA无法完成设备发现或能力初始化。,无
urma_317,用户,Jetty对象、WR对象无效导致投递Jetty失败,关键日志：匹配`urma_post_jetty_send_wr`，匹配`Invalid parameter.`；日志路径：系统日志文件（URMA_LOG_PATH）,函数用于投递Jetty，调用方传入的Jetty对象、WR对象不满足接口前置条件，无法继续完成本次URMA操作。,无
urma_318,URMA,Jetty对象、WR对象无效导致投递Jetty失败,关键日志：匹配`urma_post_jetty_recv_wr`，匹配`Invalid parameter.`；日志路径：系统日志文件（URMA_LOG_PATH）；向下级匹配。,向下级匹配。,向下级匹配。
urma_319,硬件,epoll创建时下层资源准备失败,关键日志：匹配`bondp_create_pjfce`，匹配`Failed to create pjfce`；日志路径：系统日志文件（URMA_LOG_PATH）,函数负责创建epoll，依赖的provider接口、驱动命令、子资源或路由信息未成功返回，导致资源无法建立。,无
urma_320,URMA,文件描述符数据通路处理失败,关键日志：匹配`bondp_create_pjfce`，匹配`Fail to add fd:`，匹配`to epoll fd:`；日志路径：系统日志文件（URMA_LOG_PATH）,函数处理URMA数据收发路径，需要完成WR转换、投递、完成事件处理或重传，相关对象状态或下层操作失败导致数据通路中断。,无
urma_321,硬件,epoll创建时下层资源准备失败,关键日志：匹配`bondp_create_vjfce`，匹配`Fail to create epoll_fd for vjfce.`；日志路径：系统日志文件（URMA_LOG_PATH）,函数负责创建epoll，依赖的provider接口、驱动命令、子资源或路由信息未成功返回，导致资源无法建立。,无
urma_322,硬件,context创建时下层资源准备失败,关键日志：匹配`bondp_delete_vjfce`，匹配`Failed to create vjfce.`；日志路径：系统日志文件（URMA_LOG_PATH）,函数负责创建context，依赖的provider接口、驱动命令、子资源或路由信息未成功返回，导致资源无法建立。,无
urma_323,硬件,JFCE创建时下层资源准备失败,关键日志：匹配`bondp_delete_vjfce`，匹配`Failed to create pjfce.`；日志路径：系统日志文件（URMA_LOG_PATH）,函数负责创建JFCE，依赖的provider接口、驱动命令、子资源或路由信息未成功返回，导致资源无法建立。,无
urma_324,硬件,物理 JFC创建时下层资源准备失败,关键日志：匹配`bondp_create_pjfc`，匹配`Failed to create pjfc`；日志路径：系统日志文件（URMA_LOG_PATH）,函数负责创建物理 JFC，依赖的provider接口、驱动命令、子资源或路由信息未成功返回，导致资源无法建立。,无
urma_325,硬件,物理 JFC创建时下层资源准备失败,关键日志：匹配`bondp_delete_pjfc`，匹配`Failed to create pjfc`；日志路径：系统日志文件（URMA_LOG_PATH）,函数负责创建物理 JFC，依赖的provider接口、驱动命令、子资源或路由信息未成功返回，导致资源无法建立。,无
urma_326,硬件,虚拟 JFC创建时下层资源准备失败,"关键日志：匹配`bondp_delete_pjfc`，匹配`Failed to create vjfc, dev_name:`，匹配`, eid_idx:`；日志路径：系统日志文件（URMA_LOG_PATH）",函数负责创建虚拟 JFC，依赖的provider接口、驱动命令、子资源或路由信息未成功返回，导致资源无法建立。,无
urma_327,硬件,JFS创建时下层资源准备失败,关键日志：匹配`bondp_create_vjfs`，匹配`ubcore create jfs failed.`；日志路径：系统日志文件（URMA_LOG_PATH）,函数负责创建JFS，依赖的provider接口、驱动命令、子资源或路由信息未成功返回，导致资源无法建立。,无
urma_328,硬件,物理 JFS创建时下层资源准备失败,关键日志：匹配`bondp_create_pjfs`，匹配`Failed to create pjfs`；日志路径：系统日志文件（URMA_LOG_PATH）,函数负责创建物理 JFS，依赖的provider接口、驱动命令、子资源或路由信息未成功返回，导致资源无法建立。,无
urma_329,硬件,物理 JFR创建时下层资源准备失败,关键日志：匹配`bondp_create_pjfr`，匹配`Failed to create pjfr`；日志路径：系统日志文件（URMA_LOG_PATH）,函数负责创建物理 JFR，依赖的provider接口、驱动命令、子资源或路由信息未成功返回，导致资源无法建立。,无
urma_330,URMA,未找到可用于释放Token的有效对象或路由,"关键日志：匹配`bdp_r_v2p_token_id_del_idx_lockless`，匹配`Failed to find node, index:`；日志路径：系统日志文件（URMA_LOG_PATH）",函数在释放Token过程中需要查找已建立的资源、端口或路由映射，但当前表项缺失或状态不可用，导致后续操作无法定位目标。,无
urma_331,OS,JFS相关临时结构或命令参数分配失败,关键日志：匹配`bondp_post_send_wr_and_store`，匹配`Failed to allocate jfs wr entry`；日志路径：系统日志文件（URMA_LOG_PATH）,函数在投递JFS前需要申请命令参数、资源描述或临时缓存，内存分配失败会阻断后续URMA资源处理。,无
urma_332,OS,JFR相关临时结构或命令参数分配失败,关键日志：匹配`bondp_post_recv_wr_and_store`，匹配`Failed to allocate jfr wr entry`；日志路径：系统日志文件（URMA_LOG_PATH）,函数在投递JFR前需要申请命令参数、资源描述或临时缓存，内存分配失败会阻断后续URMA资源处理。,无
urma_333,OS,健康检查相关临时结构或命令参数分配失败,关键日志：匹配`bondp_register_health_ctx_global`，匹配`Failed to alloc health ctx node`；日志路径：系统日志文件（URMA_LOG_PATH）,函数在分配健康检查前需要申请命令参数、资源描述或临时缓存，内存分配失败会阻断后续URMA资源处理。,无
urma_334,硬件,健康检查创建时下层资源准备失败,关键日志：匹配`bondp_start_health_check_thread`，匹配`Failed to create health epoll`；日志路径：系统日志文件（URMA_LOG_PATH）,函数负责创建健康检查，依赖的provider接口、驱动命令、子资源或路由信息未成功返回，导致资源无法建立。,无
urma_335,OS,设备、EID、端口、能力或字符设备路径信息的sysfs读取或解析失败,关键日志：匹配`bondp_start_health_check_thread`，匹配`Failed to create health check thread`；日志路径：系统日志文件（URMA_LOG_PATH）,函数需要从sysfs获取设备、EID、端口、能力或字符设备路径信息来构建设备上下文，文件打开、读取或内容解析失败导致URMA无法完成设备发现或能力初始化。,无
urma_336,硬件,健康检查创建时下层资源准备失败,关键日志：匹配`bondp_create_health_check_ctx`，匹配`Failed to create health task table`；日志路径：系统日志文件（URMA_LOG_PATH）,函数负责创建健康检查，依赖的provider接口、驱动命令、子资源或路由信息未成功返回，导致资源无法建立。,无
urma_337,硬件,健康检查创建时下层资源准备失败,"关键日志：匹配`bondp_create_health_check_ctx`，匹配`Failed to create health_check_fd, errno:`；日志路径：系统日志文件（URMA_LOG_PATH）",函数负责创建健康检查，依赖的provider接口、驱动命令、子资源或路由信息未成功返回，导致资源无法建立。,无
urma_338,URMA,context数据通路处理失败,"关键日志：匹配`bondp_create_health_check_ctx`，匹配`Failed to add ctx async fd to health epoll, errno:`；日志路径：系统日志文件（URMA_LOG_PATH）",函数处理URMA数据收发路径，需要完成WR转换、投递、完成事件处理或重传，相关对象状态或下层操作失败导致数据通路中断。,无
urma_339,硬件,健康检查注册时下层资源准备失败,关键日志：匹配`bondp_create_health_check_ctx`，匹配`Failed to register health ctx globally`；日志路径：系统日志文件（URMA_LOG_PATH）,函数负责注册健康检查，依赖的provider接口、驱动命令、子资源或路由信息未成功返回，导致资源无法建立。,无
urma_340,硬件,context创建时下层资源准备失败,关键日志：匹配`get_topo_info_from_ko`，匹配`Failed to create topo map`；日志路径：系统日志文件（URMA_LOG_PATH）,函数负责创建context，依赖的provider接口、驱动命令、子资源或路由信息未成功返回，导致资源无法建立。,无
urma_341,硬件,Token创建时下层资源准备失败,关键日志：匹配`bondp_create_vcontext`，匹配`Failed to create remote_v2p_token_id_table`；日志路径：系统日志文件（URMA_LOG_PATH）,函数负责创建Token，依赖的provider接口、驱动命令、子资源或路由信息未成功返回，导致资源无法建立。,无
urma_342,硬件,context创建时下层资源准备失败,"关键日志：匹配`bondp_create_vcontext`，匹配`Failed to create context, ret:`；日志路径：系统日志文件（URMA_LOG_PATH）",函数负责创建context，依赖的provider接口、驱动命令、子资源或路由信息未成功返回，导致资源无法建立。,无
urma_343,硬件,epoll创建时下层资源准备失败,关键日志：匹配`bondp_create_vcontext`，匹配`Failed to create epoll`；日志路径：系统日志文件（URMA_LOG_PATH）,函数负责创建epoll，依赖的provider接口、驱动命令、子资源或路由信息未成功返回，导致资源无法建立。,无
urma_344,硬件,context创建时下层资源准备失败,"关键日志：匹配`bondp_create_pcontext`，匹配`Failed to create context for primary eid, dev:`，匹配`, eid_idx:`；日志路径：系统日志文件（URMA_LOG_PATH）",函数负责创建context，依赖的provider接口、驱动命令、子资源或路由信息未成功返回，导致资源无法建立。,无
urma_345,URMA,创建文件描述符过程中依赖步骤失败,"关键日志：匹配`bondp_create_pcontext`，匹配`failed to add fd:`，匹配`, errno:`；日志路径：系统日志文件（URMA_LOG_PATH）",函数用于创建文件描述符，执行过程中依赖的参数校验、状态转换、下层provider调用或系统资源处理未成功，导致本次URMA操作失败。,无
urma_346,硬件,context创建时下层资源准备失败,关键日志：匹配`bondp_delete_pcontext`，匹配`Failed to create ctx`；日志路径：系统日志文件（URMA_LOG_PATH）,函数负责创建context，依赖的provider接口、驱动命令、子资源或路由信息未成功返回，导致资源无法建立。,无
urma_347,硬件,context创建时下层资源准备失败,关键日志：匹配`bondp_delete_pcontext`，匹配`Failed to create vcontext`；日志路径：系统日志文件（URMA_LOG_PATH）,函数负责创建context，依赖的provider接口、驱动命令、子资源或路由信息未成功返回，导致资源无法建立。,无
urma_348,硬件,context创建时下层资源准备失败,关键日志：匹配`bondp_delete_pcontext`，匹配`Failed to create pctx`；日志路径：系统日志文件（URMA_LOG_PATH）,函数负责创建context，依赖的provider接口、驱动命令、子资源或路由信息未成功返回，导致资源无法建立。,无
urma_349,硬件,健康检查创建时下层资源准备失败,关键日志：匹配`bondp_delete_pcontext`，匹配`Failed to create health check scene`；日志路径：系统日志文件（URMA_LOG_PATH）,函数负责创建健康检查，依赖的provider接口、驱动命令、子资源或路由信息未成功返回，导致资源无法建立。,无
urma_350,硬件,context创建时下层资源准备失败,"关键日志：匹配`bondp_set_bonding_mode`，匹配`Failed to create pctx when set bonding mode, ret:`；日志路径：系统日志文件（URMA_LOG_PATH）",函数负责创建context，依赖的provider接口、驱动命令、子资源或路由信息未成功返回，导致资源无法建立。,无
urma_351,用户,执行URMA资源所需输入对象无效导致创建URMA资源失败,关键日志：匹配`update_mapping_hash_table`，匹配`Invalid topo info to create topo map`；日志路径：系统日志文件（URMA_LOG_PATH）,函数用于创建URMA资源，调用方传入的执行URMA资源所需输入对象不满足接口前置条件，无法继续完成本次URMA操作。,无
urma_352,OS,URMA资源相关临时结构或命令参数分配失败,关键日志：匹配`update_mapping_hash_table`，匹配`Failed to alloc topo_map`；日志路径：系统日志文件（URMA_LOG_PATH）,函数在分配URMA资源前需要申请命令参数、资源描述或临时缓存，内存分配失败会阻断后续URMA资源处理。,无
urma_353,硬件,EID创建时下层资源准备失败,关键日志：匹配`update_mapping_hash_table`，匹配`Failed to create eid_mapping_hash_table`；日志路径：系统日志文件（URMA_LOG_PATH）,函数负责创建EID，依赖的provider接口、驱动命令、子资源或路由信息未成功返回，导致资源无法建立。,无
urma_354,用户,URMA context、设备对象、provider操作表无效导致创建context失败,关键日志：匹配`urma_cmd_create_context`，匹配`Invalid parameter`；日志路径：系统日志文件（URMA_LOG_PATH）,函数用于创建context，调用方传入的URMA context、设备对象、provider操作表不满足接口前置条件，无法继续完成本次URMA操作。,无
urma_355,URMA,查询EID过程中依赖步骤失败,关键日志：匹配`urma_cmd_create_context`，匹配`Failed to query eid.`；日志路径：系统日志文件（URMA_LOG_PATH）,函数用于查询EID，执行过程中依赖的参数校验、状态转换、下层provider调用或系统资源处理未成功，导致本次URMA操作失败。,无
urma_356,硬件,创建ioctl的ioctl调用返回失败,"关键日志：匹配`urma_cmd_create_context`，匹配`ioctl failed, ret:`，匹配`, errno:`；日志路径：系统日志文件（URMA_LOG_PATH）",函数通过ioctl向URMA内核驱动提交创建ioctl请求，驱动返回错误或系统调用失败，用户态无法获得预期的驱动处理结果。,无
urma_357,用户,URMA context、Segment对象无效导致分配Token失败,关键日志：匹配`urma_cmd_alloc_token_id`，匹配`Invalid parameter`；日志路径：系统日志文件（URMA_LOG_PATH）,函数用于分配Token，调用方传入的URMA context、Segment对象不满足接口前置条件，无法继续完成本次URMA操作。,无
urma_358,硬件,ioctl相关临时结构或命令参数分配失败,"关键日志：匹配`urma_cmd_alloc_token_id`，匹配`ioctl failed in urma_cmd_alloc_token_id, ret:`，匹配`, errno:`；日志路径：系统日志文件（URMA_LOG_PATH）",函数在分配ioctl前需要申请命令参数、资源描述或临时缓存，内存分配失败会阻断后续URMA资源处理。,无
urma_359,用户,URMA context无效导致分配Token失败,关键日志：匹配`urma_cmd_alloc_token_id_ex`，匹配`Invalid parameter`；日志路径：系统日志文件（URMA_LOG_PATH）,函数用于分配Token，调用方传入的URMA context不满足接口前置条件，无法继续完成本次URMA操作。,无
urma_360,硬件,ioctl相关临时结构或命令参数分配失败,"关键日志：匹配`urma_cmd_alloc_token_id_ex`，匹配`ioctl failed in urma_cmd_alloc_token_id, ret:`，匹配`, errno:`；日志路径：系统日志文件（URMA_LOG_PATH）",函数在分配ioctl前需要申请命令参数、资源描述或临时缓存，内存分配失败会阻断后续URMA资源处理。,无
urma_361,用户,URMA context无效导致释放Token失败,关键日志：匹配`urma_cmd_free_token_id`，匹配`Invalid parameter`；日志路径：系统日志文件（URMA_LOG_PATH）,函数用于释放Token，调用方传入的URMA context不满足接口前置条件，无法继续完成本次URMA操作。,无
urma_362,硬件,释放ioctl的ioctl调用返回失败,"关键日志：匹配`urma_cmd_free_token_id`，匹配`ioctl failed, ret:`，匹配`, errno:`；日志路径：系统日志文件（URMA_LOG_PATH）",函数通过ioctl向URMA内核驱动提交释放ioctl请求，驱动返回错误或系统调用失败，用户态无法获得预期的驱动处理结果。,无
urma_363,用户,URMA context、JFS对象、目标Jetty对象无效导致创建JFS失败,关键日志：匹配`urma_cmd_create_jfs`，匹配`Invalid parameter`；日志路径：系统日志文件（URMA_LOG_PATH）,函数用于创建JFS，调用方传入的URMA context、JFS对象、目标Jetty对象不满足接口前置条件，无法继续完成本次URMA操作。,无
urma_364,硬件,创建ioctl的ioctl调用返回失败,"关键日志：匹配`urma_cmd_create_jfs`，匹配`ioctl failed, ret:`，匹配`, errno:`；日志路径：系统日志文件（URMA_LOG_PATH）",函数通过ioctl向URMA内核驱动提交创建ioctl请求，驱动返回错误或系统调用失败，用户态无法获得预期的驱动处理结果。,无
urma_365,OS,JFS相关临时结构或命令参数分配失败,关键日志：匹配`urma_cmd_delete_jfs_batch`，匹配`Failed to malloc buffer.`；日志路径：系统日志文件（URMA_LOG_PATH）,函数在删除JFS前需要申请命令参数、资源描述或临时缓存，内存分配失败会阻断后续URMA资源处理。,无
urma_366,用户,URMA context、JFR对象无效导致创建JFR失败,关键日志：匹配`urma_cmd_create_jfr`，匹配`Invalid parameter`；日志路径：系统日志文件（URMA_LOG_PATH）,函数用于创建JFR，调用方传入的URMA context、JFR对象不满足接口前置条件，无法继续完成本次URMA操作。,无
urma_367,硬件,创建ioctl的ioctl调用返回失败,"关键日志：匹配`urma_cmd_create_jfr`，匹配`ioctl failed in urma_cmd_create_jfr, ret:`，匹配`, errno:`；日志路径：系统日志文件（URMA_LOG_PATH）",函数通过ioctl向URMA内核驱动提交创建ioctl请求，驱动返回错误或系统调用失败，用户态无法获得预期的驱动处理结果。,无
urma_368,用户,URMA context、JFS对象、JFR对象无效导致分配JFS失败,关键日志：匹配`urma_cmd_alloc_jfs`，匹配`Invalid parameter`；日志路径：系统日志文件（URMA_LOG_PATH）,函数用于分配JFS，调用方传入的URMA context、JFS对象、JFR对象不满足接口前置条件，无法继续完成本次URMA操作。,无
urma_369,硬件,ioctl相关临时结构或命令参数分配失败,"关键日志：匹配`urma_cmd_alloc_jfs`，匹配`ioctl failed in urma_cmd_alloc_jfr, ret:`，匹配`, errno:`；日志路径：系统日志文件（URMA_LOG_PATH）",函数在分配ioctl前需要申请命令参数、资源描述或临时缓存，内存分配失败会阻断后续URMA资源处理。,无
urma_370,OS,JFR相关临时结构或命令参数分配失败,关键日志：匹配`urma_cmd_delete_jfr_batch`，匹配`Failed to malloc buffer.`；日志路径：系统日志文件（URMA_LOG_PATH）,函数在删除JFR前需要申请命令参数、资源描述或临时缓存，内存分配失败会阻断后续URMA资源处理。,无
urma_371,用户,URMA context无效导致创建JFC失败,关键日志：匹配`urma_cmd_create_jfc`，匹配`Invalid parameter`；日志路径：系统日志文件（URMA_LOG_PATH）,函数用于创建JFC，调用方传入的URMA context不满足接口前置条件，无法继续完成本次URMA操作。,无
urma_372,硬件,创建ioctl的ioctl调用返回失败,"关键日志：匹配`urma_cmd_create_jfc`，匹配`ioctl failed in urma_cmd_create_jfc, ret:`，匹配`, errno:`；日志路径：系统日志文件（URMA_LOG_PATH）",函数通过ioctl向URMA内核驱动提交创建ioctl请求，驱动返回错误或系统调用失败，用户态无法获得预期的驱动处理结果。,无
urma_373,OS,JFC相关临时结构或命令参数分配失败,关键日志：匹配`urma_cmd_delete_jfc_batch`，匹配`Failed to malloc buffer.`；日志路径：系统日志文件（URMA_LOG_PATH）,函数在删除JFC前需要申请命令参数、资源描述或临时缓存，内存分配失败会阻断后续URMA资源处理。,无
urma_374,用户,URMA context无效导致分配JFC失败,关键日志：匹配`urma_cmd_alloc_jfc`，匹配`Invalid parameter`；日志路径：系统日志文件（URMA_LOG_PATH）,函数用于分配JFC，调用方传入的URMA context不满足接口前置条件，无法继续完成本次URMA操作。,无
urma_375,硬件,ioctl相关临时结构或命令参数分配失败,"关键日志：匹配`urma_cmd_alloc_jfc`，匹配`ioctl failed in urma_cmd_alloc_jfc, ret:`，匹配`, errno:`；日志路径：系统日志文件（URMA_LOG_PATH）",函数在分配ioctl前需要申请命令参数、资源描述或临时缓存，内存分配失败会阻断后续URMA资源处理。,无
urma_376,用户,URMA context无效导致创建JFCE失败,关键日志：匹配`urma_cmd_create_jfce`，匹配`Invalid parameter`；日志路径：系统日志文件（URMA_LOG_PATH）,函数用于创建JFCE，调用方传入的URMA context不满足接口前置条件，无法继续完成本次URMA操作。,无
urma_377,硬件,创建ioctl的ioctl调用返回失败,"关键日志：匹配`urma_cmd_create_jfce`，匹配`ioctl failed in urma_cmd_create_jfce, ret:`，匹配`, errno:`；日志路径：系统日志文件（URMA_LOG_PATH）",函数通过ioctl向URMA内核驱动提交创建ioctl请求，驱动返回错误或系统调用失败，用户态无法获得预期的驱动处理结果。,无
urma_378,用户,URMA context、JFR对象、Jetty对象、目标Jetty对象无效导致分配JFR失败,关键日志：匹配`urma_cmd_alloc_jfr`，匹配`Invalid parameter`；日志路径：系统日志文件（URMA_LOG_PATH）,函数用于分配JFR，调用方传入的URMA context、JFR对象、Jetty对象、目标Jetty对象不满足接口前置条件，无法继续完成本次URMA操作。,无
urma_379,硬件,ioctl相关临时结构或命令参数分配失败,"关键日志：匹配`urma_cmd_alloc_jfr`，匹配`ioctl failed in urma_cmd_alloc_jfr, ret:`，匹配`, errno:`；日志路径：系统日志文件（URMA_LOG_PATH）",函数在分配ioctl前需要申请命令参数、资源描述或临时缓存，内存分配失败会阻断后续URMA资源处理。,无
urma_380,用户,URMA context、Jetty对象无效导致创建Notifier失败,关键日志：匹配`urma_cmd_create_notifier`，匹配`Invalid parameter`；日志路径：系统日志文件（URMA_LOG_PATH）,函数用于创建Notifier，调用方传入的URMA context、Jetty对象不满足接口前置条件，无法继续完成本次URMA操作。,无
urma_381,硬件,创建ioctl的ioctl调用返回失败,"关键日志：匹配`urma_cmd_create_notifier`，匹配`ioctl failed in urma_cmd_create_notifier, ret:`，匹配`, errno:`；日志路径：系统日志文件（URMA_LOG_PATH）",函数通过ioctl向URMA内核驱动提交创建ioctl请求，驱动返回错误或系统调用失败，用户态无法获得预期的驱动处理结果。,无
urma_382,硬件,JFC创建时下层资源准备失败,"关键日志：匹配`urma_check_trans_mode_valid`，匹配`[DRV_ERR]Failed to create jfc, dev_name:`，匹配`, eid_idx:`；日志路径：系统日志文件（URMA_LOG_PATH）",函数负责创建JFC，依赖的provider接口、驱动命令、子资源或路由信息未成功返回，导致资源无法建立。,无
urma_383,OS,JFC相关临时结构或命令参数分配失败,关键日志：匹配`urma_delete_jfc_batch`，匹配`Failed to alloc memory.`；日志路径：系统日志文件（URMA_LOG_PATH）,函数在分配JFC前需要申请命令参数、资源描述或临时缓存，内存分配失败会阻断后续URMA资源处理。,无
urma_384,OS,JFC相关临时结构或命令参数分配失败,关键日志：匹配`urma_delete_jfc_batch`，匹配`Failed to alloc memory.`；日志路径：系统日志文件（URMA_LOG_PATH）,函数在分配JFC前需要申请命令参数、资源描述或临时缓存，内存分配失败会阻断后续URMA资源处理。,无
urma_385,用户,URMA context、provider操作表无效导致分配JFC失败,关键日志：匹配`urma_alloc_jfc`，匹配`Invalid parameter.`；日志路径：系统日志文件（URMA_LOG_PATH）,函数用于分配JFC，调用方传入的URMA context、provider操作表不满足接口前置条件，无法继续完成本次URMA操作。,无
urma_386,用户,URMA context、设备对象、sysfs设备信息、provider操作表、provider未提供alloc_jfc操作实现无效导致分配JFC失败,关键日志：匹配`urma_alloc_jfc`，匹配`Invalid parameter.`；日志路径：系统日志文件（URMA_LOG_PATH）,函数用于分配JFC，调用方传入的URMA context、设备对象、sysfs设备信息、provider操作表、provider未提供alloc_jfc操作实现不满足接口前置条件，无法继续完成本次URMA操作。,无
urma_387,URMA,分配JFC过程中依赖步骤失败,"关键日志：匹配`urma_alloc_jfc`，匹配`jfc cfg depth of range, depth:`，匹配`, max_depth:`；日志路径：系统日志文件（URMA_LOG_PATH）",函数用于分配JFC，执行过程中依赖的参数校验、状态转换、下层provider调用或系统资源处理未成功，导致本次URMA操作失败。,无
urma_388,OS,JFC相关临时结构或命令参数分配失败,关键日志：匹配`urma_alloc_jfc`，匹配`failed to exec ops->alloc_jfc`；日志路径：系统日志文件（URMA_LOG_PATH）,函数在分配JFC前需要申请命令参数、资源描述或临时缓存，内存分配失败会阻断后续URMA资源处理。,无
urma_389,硬件,JFS创建时下层资源准备失败,"关键日志：匹配`urma_check_order_type`，匹配`[DRV_ERR]Failed to create jfs, dev_name:`，匹配`, eid_idx:`；日志路径：系统日志文件（URMA_LOG_PATH）",函数负责创建JFS，依赖的provider接口、驱动命令、子资源或路由信息未成功返回，导致资源无法建立。,无
urma_390,OS,JFS相关临时结构或命令参数分配失败,关键日志：匹配`urma_delete_jfs_batch`，匹配`Failed to alloc memory.`；日志路径：系统日志文件（URMA_LOG_PATH）,函数在分配JFS前需要申请命令参数、资源描述或临时缓存，内存分配失败会阻断后续URMA资源处理。,无
urma_391,用户,URMA context、provider操作表、JFS对象无效导致分配JFS失败,关键日志：匹配`urma_alloc_jfs`，匹配`Invalid parameter.`；日志路径：系统日志文件（URMA_LOG_PATH）,函数用于分配JFS，调用方传入的URMA context、provider操作表、JFS对象不满足接口前置条件，无法继续完成本次URMA操作。,无
urma_392,用户,URMA context、provider操作表、JFS对象无效导致分配JFS失败,"关键日志：匹配`urma_alloc_jfs`，匹配`Invalid parameter, trans_mode:`；日志路径：系统日志文件（URMA_LOG_PATH）",函数用于分配JFS，调用方传入的URMA context、provider操作表、JFS对象不满足接口前置条件，无法继续完成本次URMA操作。,无
urma_393,用户,URMA context、设备对象、sysfs设备信息、provider操作表、provider未提供alloc_jfs操作实现无效导致分配JFS失败,关键日志：匹配`urma_alloc_jfs`，匹配`Invalid parameter.`；日志路径：系统日志文件（URMA_LOG_PATH）,函数用于分配JFS，调用方传入的URMA context、设备对象、sysfs设备信息、provider操作表、provider未提供alloc_jfs操作实现不满足接口前置条件，无法继续完成本次URMA操作。,无
urma_394,URMA,分配JFS过程中依赖步骤失败,"关键日志：匹配`urma_alloc_jfs`，匹配`jfs cfg out of range, depth:`，匹配`, max_depth:`，匹配`, inline_data:`，匹配`, max_inline_len:`，匹配`, sge:`，匹配`hu, max_sge:`，匹配`, rsge:`，匹配`hu, max_rsge:`；日志路径：系统日志文件（URMA_LOG_PATH）",函数用于分配JFS，执行过程中依赖的参数校验、状态转换、下层provider调用或系统资源处理未成功，导致本次URMA操作失败。,无
urma_395,硬件,JFR创建时下层资源准备失败,"关键日志：匹配`urma_deactive_jfs`，匹配`[DRV_ERR]Failed to create jfr, dev_name:`，匹配`, eid_idex:`；日志路径：系统日志文件（URMA_LOG_PATH）",函数负责创建JFR，依赖的provider接口、驱动命令、子资源或路由信息未成功返回，导致资源无法建立。,无
urma_396,OS,JFR相关临时结构或命令参数分配失败,关键日志：匹配`urma_delete_jfr_batch`，匹配`Failed to alloc memory.`；日志路径：系统日志文件（URMA_LOG_PATH）,函数在分配JFR前需要申请命令参数、资源描述或临时缓存，内存分配失败会阻断后续URMA资源处理。,无
urma_397,URMA,设置Token过程中依赖步骤失败,关键日志：匹配`urma_check_ctrlplane_compat`，匹配`Token value must be set when token policy is not URMA_TOKEN_NONE.`；日志路径：系统日志文件（URMA_LOG_PATH）,函数用于设置Token，执行过程中依赖的参数校验、状态转换、下层provider调用或系统资源处理未成功，导致本次URMA操作失败。,无
urma_398,用户,URMA context、provider操作表、JFR对象无效导致分配JFR失败,关键日志：匹配`urma_alloc_jfr`，匹配`Invalid parameter.`；日志路径：系统日志文件（URMA_LOG_PATH）,函数用于分配JFR，调用方传入的URMA context、provider操作表、JFR对象不满足接口前置条件，无法继续完成本次URMA操作。,无
urma_399,用户,URMA context、provider操作表、JFR对象无效导致分配JFR失败,"关键日志：匹配`urma_alloc_jfr`，匹配`Invalid parameter, trans_mode:`；日志路径：系统日志文件（URMA_LOG_PATH）",函数用于分配JFR，调用方传入的URMA context、provider操作表、JFR对象不满足接口前置条件，无法继续完成本次URMA操作。,无
urma_400,用户,URMA context、设备对象、sysfs设备信息、provider操作表、provider未提供alloc_jfr操作实现无效导致分配JFR失败,关键日志：匹配`urma_alloc_jfr`，匹配`Invalid parameter.`；日志路径：系统日志文件（URMA_LOG_PATH）,函数用于分配JFR，调用方传入的URMA context、设备对象、sysfs设备信息、provider操作表、provider未提供alloc_jfr操作实现不满足接口前置条件，无法继续完成本次URMA操作。,无
urma_401,URMA,分配JFR过程中依赖步骤失败,"关键日志：匹配`urma_alloc_jfr`，匹配`jfr cfg out of range, depth:`，匹配`, max_depth:`，匹配`, sge:`，匹配`, max_sge:`；日志路径：系统日志文件（URMA_LOG_PATH）",函数用于分配JFR，执行过程中依赖的参数校验、状态转换、下层provider调用或系统资源处理未成功，导致本次URMA操作失败。,无
urma_402,硬件,JFCE创建时下层资源准备失败,"关键日志：匹配`urma_deactive_jfr`，匹配`[DRV_ERR]Failed to create jfce, dev_name:`，匹配`, eid_idx:`；日志路径：系统日志文件（URMA_LOG_PATH）",函数负责创建JFCE，依赖的provider接口、驱动命令、子资源或路由信息未成功返回，导致资源无法建立。,无
urma_403,用户,URMA context、provider操作表无效导致释放Token失败,关键日志：匹配`urma_free_token_id`，匹配`Invalid parameter.`；日志路径：系统日志文件（URMA_LOG_PATH）,函数用于释放Token，调用方传入的URMA context、provider操作表不满足接口前置条件，无法继续完成本次URMA操作。,无
urma_404,URMA,释放Token过程中依赖步骤失败,"关键日志：匹配`urma_free_token_id`，匹配`ref:`，匹配`u, not zero`；日志路径：系统日志文件（URMA_LOG_PATH）",函数用于释放Token，执行过程中依赖的参数校验、状态转换、下层provider调用或系统资源处理未成功，导致本次URMA操作失败。,无
urma_405,用户,URMA context、provider操作表、provider未提供free_token_id操作实现无效导致释放Token失败,关键日志：匹配`urma_free_token_id`，匹配`Invalid parameter.`；日志路径：系统日志文件（URMA_LOG_PATH）,函数用于释放Token，调用方传入的URMA context、provider操作表、provider未提供free_token_id操作实现不满足接口前置条件，无法继续完成本次URMA操作。,无
urma_406,URMA,Token清理阶段下层释放操作失败,"关键日志：匹配`urma_free_token_id`，匹配`[DRV_ERR]Failed to free token_id, dev_name:`，匹配`, eid_idx:`，匹配`, tid:`，匹配`, ret:`；日志路径：系统日志文件（URMA_LOG_PATH）",函数负责释放或撤销Token相关资源，下层provider、驱动或引用状态返回失败，可能残留已创建的URMA资源。,无
urma_407,用户,注册URMA资源所需输入对象无效导致注册URMA资源失败,关键日志：匹配`urma_register_log_func`，匹配`Invalid parameter.`；日志路径：系统日志文件（URMA_LOG_PATH）,函数用于注册URMA资源，调用方传入的注册URMA资源所需输入对象不满足接口前置条件，无法继续完成本次URMA操作。,当前不会触发失败
urma_408,硬件,context创建时下层资源准备失败,关键日志：匹配`urma_query_eid`，匹配`[DRV_ERR]Failed to create urma context.`；日志路径：系统日志文件（URMA_LOG_PATH）,函数负责创建context，依赖的provider接口、驱动命令、子资源或路由信息未成功返回，导致资源无法建立。,无
urma_409,URMA,设备注册时下层资源准备失败,关键日志：匹配`urma_register_sysfs_dev`，匹配`Register device failed. Failed to match driver for device`；日志路径：系统日志文件（URMA_LOG_PATH）；向下级匹配。,向下级匹配。,向下级匹配。
urma_410,URMA,查询物理 JFR过程中依赖步骤失败,"关键日志：匹配`bondp_query_jfr`，匹配`query pjfr fail, index:`，匹配`, ret:`；日志路径：系统日志文件（URMA_LOG_PATH）",函数用于查询物理 JFR，执行过程中依赖的参数校验、状态转换、下层provider调用或系统资源处理未成功，导致本次URMA操作失败。,无
urma_411,用户,URMA context无效导致查询端口失败,关键日志：匹配`bondp_user_ctl_query_port`，匹配`Invalid query port param.`；日志路径：系统日志文件（URMA_LOG_PATH）,函数用于查询端口，调用方传入的URMA context不满足接口前置条件，无法继续完成本次URMA操作。,无
urma_412,用户,URMA context、JFR对象无效导致查询JFR失败,关键日志：匹配`bondp_user_ctl_query_port`，匹配`Invalid jfr.`；日志路径：系统日志文件（URMA_LOG_PATH）,函数用于查询JFR，调用方传入的URMA context、JFR对象不满足接口前置条件，无法继续完成本次URMA操作。,无
urma_413,URMA,查询context过程中依赖步骤失败,关键日志：匹配`bondp_user_ctl_query_port`，匹配`The object does not belong to current context.`；日志路径：系统日志文件（URMA_LOG_PATH）,函数用于查询context，执行过程中依赖的参数校验、状态转换、下层provider调用或系统资源处理未成功，导致本次URMA操作失败。,无
urma_414,用户,URMA context无效导致获取EID失败,关键日志：匹配`bondp_get_async_event`，匹配`Invalid parameter`；日志路径：系统日志文件（URMA_LOG_PATH）,函数用于获取EID，调用方传入的URMA context不满足接口前置条件，无法继续完成本次URMA操作。,无
urma_415,URMA,epoll数据通路处理失败,关键日志：匹配`bondp_get_async_event`，匹配`epoll_wait no event or err.`；日志路径：系统日志文件（URMA_LOG_PATH）,函数处理URMA数据收发路径，需要完成WR转换、投递、完成事件处理或重传，相关对象状态或下层操作失败导致数据通路中断。,无
urma_416,URMA,epoll数据通路处理失败,关键日志：匹配`bondp_get_async_event`，匹配`bondp get error epoll_event: 0x`；日志路径：系统日志文件（URMA_LOG_PATH）,函数处理URMA数据收发路径，需要完成WR转换、投递、完成事件处理或重传，相关对象状态或下层操作失败导致数据通路中断。,无
urma_417,URMA,获取组件过程中依赖步骤失败,"关键日志：匹配`resend_jfs_wr`，匹配`Failed to get comp, local_id:`；日志路径：系统日志文件（URMA_LOG_PATH）",函数用于获取组件，执行过程中依赖的参数校验、状态转换、下层provider调用或系统资源处理未成功，导致本次URMA操作失败。,无
urma_418,URMA,未找到可用于修改端口的有效对象或路由,关键日志：匹配`handle_send_cr_with_store`，匹配`Failed to find valid port for retransmission.`；日志路径：系统日志文件（URMA_LOG_PATH）,函数在修改端口过程中需要查找已建立的资源、端口或路由映射，但当前表项缺失或状态不可用，导致后续操作无法定位目标。,无
urma_419,URMA,获取context过程中依赖步骤失败,"关键日志：匹配`get_topo_info_from_ko`，匹配`Failed to get topo info, change to general mode`；日志路径：系统日志文件（URMA_LOG_PATH）",函数用于获取context，执行过程中依赖的参数校验、状态转换、下层provider调用或系统资源处理未成功，导致本次URMA操作失败。,无
urma_420,URMA,获取健康检查过程中依赖步骤失败,"关键日志：匹配`bondp_delete_pcontext`，匹配`Failed to get topo info, change to general mode`；日志路径：系统日志文件（URMA_LOG_PATH）",函数用于获取健康检查，执行过程中依赖的参数校验、状态转换、下层provider调用或系统资源处理未成功，导致本次URMA操作失败。,无
urma_421,用户,获取EID所需输入对象无效导致获取EID失败,关键日志：匹配`get_bonding_eid_by_target_eid`，匹配`Invalid param`；日志路径：系统日志文件（URMA_LOG_PATH）,函数用于获取EID，调用方传入的获取EID所需输入对象不满足接口前置条件，无法继续完成本次URMA操作。,无
urma_422,用户,URMA context、JFS对象无效导致查询JFS失败,关键日志：匹配`urma_cmd_query_jfs`，匹配`Invalid parameter`；日志路径：系统日志文件（URMA_LOG_PATH）,函数用于查询JFS，调用方传入的URMA context、JFS对象不满足接口前置条件，无法继续完成本次URMA操作。,无
urma_423,硬件,查询ioctl的ioctl调用返回失败,"关键日志：匹配`urma_cmd_query_jfs`，匹配`ioctl failed, ret:`，匹配`, errno:`；日志路径：系统日志文件（URMA_LOG_PATH）",函数通过ioctl向URMA内核驱动提交查询ioctl请求，驱动返回错误或系统调用失败，用户态无法获得预期的驱动处理结果。,无
urma_424,用户,URMA context、JFS对象无效导致获取JFS失败,关键日志：匹配`urma_cmd_get_jfs_opt`，匹配`Invalid parameter.`；日志路径：系统日志文件（URMA_LOG_PATH）,函数用于获取JFS，调用方传入的URMA context、JFS对象不满足接口前置条件，无法继续完成本次URMA操作。,无
urma_425,用户,URMA context、JFS对象无效导致获取JFS失败,关键日志：匹配`urma_cmd_get_jfs_opt`，匹配`Invalid parameter.`；日志路径：系统日志文件（URMA_LOG_PATH）,函数用于获取JFS，调用方传入的URMA context、JFS对象不满足接口前置条件，无法继续完成本次URMA操作。,无
urma_426,硬件,获取ioctl的ioctl调用返回失败,"关键日志：匹配`urma_cmd_get_jfs_opt`，匹配`ioctl failed in urma_cmd_get_jfs_opt, ret:`，匹配`, errno:`；日志路径：系统日志文件（URMA_LOG_PATH）",函数通过ioctl向URMA内核驱动提交获取ioctl请求，驱动返回错误或系统调用失败，用户态无法获得预期的驱动处理结果。,无
urma_427,用户,URMA context无效导致获取JFS失败,关键日志：匹配`urma_cmd_get_jfs_opt`，匹配`Invalid out buffer from kernel.`；日志路径：系统日志文件（URMA_LOG_PATH）,函数用于获取JFS，调用方传入的URMA context不满足接口前置条件，无法继续完成本次URMA操作。,无
urma_428,用户,URMA context、JFR对象无效导致查询JFR失败,关键日志：匹配`urma_cmd_query_jfr`，匹配`Invalid parameter`；日志路径：系统日志文件（URMA_LOG_PATH）,函数用于查询JFR，调用方传入的URMA context、JFR对象不满足接口前置条件，无法继续完成本次URMA操作。,无
urma_429,硬件,查询ioctl的ioctl调用返回失败,"关键日志：匹配`urma_cmd_query_jfr`，匹配`ioctl failed, ret:`，匹配`, errno:`；日志路径：系统日志文件（URMA_LOG_PATH）",函数通过ioctl向URMA内核驱动提交查询ioctl请求，驱动返回错误或系统调用失败，用户态无法获得预期的驱动处理结果。,无
urma_430,用户,URMA context无效导致获取JFC失败,关键日志：匹配`urma_cmd_get_jfc_opt`，匹配`Invalid parameter.`；日志路径：系统日志文件（URMA_LOG_PATH）,函数用于获取JFC，调用方传入的URMA context不满足接口前置条件，无法继续完成本次URMA操作。,无
urma_431,用户,URMA context无效导致获取JFC失败,关键日志：匹配`urma_cmd_get_jfc_opt`，匹配`Invalid parameter.`；日志路径：系统日志文件（URMA_LOG_PATH）,函数用于获取JFC，调用方传入的URMA context不满足接口前置条件，无法继续完成本次URMA操作。,无
urma_432,硬件,获取ioctl的ioctl调用返回失败,"关键日志：匹配`urma_cmd_get_jfc_opt`，匹配`ioctl failed in urma_cmd_get_jfc_opt, ret:`，匹配`, errno:`；日志路径：系统日志文件（URMA_LOG_PATH）",函数通过ioctl向URMA内核驱动提交获取ioctl请求，驱动返回错误或系统调用失败，用户态无法获得预期的驱动处理结果。,无
urma_433,用户,URMA context无效导致获取JFC失败,关键日志：匹配`urma_cmd_get_jfc_opt`，匹配`Invalid out buffer from kernel.`；日志路径：系统日志文件（URMA_LOG_PATH）,函数用于获取JFC，调用方传入的URMA context不满足接口前置条件，无法继续完成本次URMA操作。,无
urma_434,用户,URMA context、JFR对象无效导致获取JFR失败,关键日志：匹配`urma_cmd_get_jfr_opt`，匹配`Invalid parameter.`；日志路径：系统日志文件（URMA_LOG_PATH）,函数用于获取JFR，调用方传入的URMA context、JFR对象不满足接口前置条件，无法继续完成本次URMA操作。,无
urma_435,用户,URMA context、JFR对象无效导致获取JFR失败,关键日志：匹配`urma_cmd_get_jfr_opt`，匹配`Invalid parameter.`；日志路径：系统日志文件（URMA_LOG_PATH）,函数用于获取JFR，调用方传入的URMA context、JFR对象不满足接口前置条件，无法继续完成本次URMA操作。,无
urma_436,硬件,获取ioctl的ioctl调用返回失败,"关键日志：匹配`urma_cmd_get_jfr_opt`，匹配`ioctl failed in urma_cmd_get_jfr_opt, ret:`，匹配`, errno:`；日志路径：系统日志文件（URMA_LOG_PATH）",函数通过ioctl向URMA内核驱动提交获取ioctl请求，驱动返回错误或系统调用失败，用户态无法获得预期的驱动处理结果。,无
urma_437,用户,URMA context无效导致获取JFR失败,关键日志：匹配`urma_cmd_get_jfr_opt`，匹配`Invalid out buffer from kernel.`；日志路径：系统日志文件（URMA_LOG_PATH）,函数用于获取JFR，调用方传入的URMA context不满足接口前置条件，无法继续完成本次URMA操作。,无
urma_438,用户,URMA context无效导致获取JFC失败,关键日志：匹配`urma_cmd_get_async_event`，匹配`Invalid parameter`；日志路径：系统日志文件（URMA_LOG_PATH）,函数用于获取JFC，调用方传入的URMA context不满足接口前置条件，无法继续完成本次URMA操作。,无
urma_439,用户,URMA context无效导致获取ioctl失败,关键日志：匹配`urma_cmd_get_net_addr_list`，匹配`Invalid parameter.`；日志路径：系统日志文件（URMA_LOG_PATH）,函数用于获取ioctl，调用方传入的URMA context不满足接口前置条件，无法继续完成本次URMA操作。,无
urma_440,用户,URMA context、sysfs设备信息无效导致查询设备失败,关键日志：匹配`urma_cmd_query_device_attr`，匹配`Invalid parameter.`；日志路径：系统日志文件（URMA_LOG_PATH）,函数用于查询设备，调用方传入的URMA context、sysfs设备信息不满足接口前置条件，无法继续完成本次URMA操作。,无
urma_441,用户,URMA context无效导致获取EID失败,关键日志：匹配`urma_cmd_get_eid_by_ip`，匹配`Invalid parameter.`；日志路径：系统日志文件（URMA_LOG_PATH）,函数用于获取EID，调用方传入的URMA context不满足接口前置条件，无法继续完成本次URMA操作。,无
urma_442,用户,URMA context无效导致获取EID失败,关键日志：匹配`urma_cmd_get_ip_by_eid`，匹配`Invalid parameter.`；日志路径：系统日志文件（URMA_LOG_PATH）,函数用于获取EID，调用方传入的URMA context不满足接口前置条件，无法继续完成本次URMA操作。,无
urma_443,用户,URMA context无效导致获取context失败,关键日志：匹配`urma_cmd_get_smac`，匹配`Invalid parameter.`；日志路径：系统日志文件（URMA_LOG_PATH）,函数用于获取context，调用方传入的URMA context不满足接口前置条件，无法继续完成本次URMA操作。,无
urma_444,用户,URMA context无效导致获取context失败,关键日志：匹配`urma_cmd_get_dmac`，匹配`Invalid parameter.`；日志路径：系统日志文件（URMA_LOG_PATH）,函数用于获取context，调用方传入的URMA context不满足接口前置条件，无法继续完成本次URMA操作。,无
urma_445,硬件,执行get async event驱动命令的ioctl调用返回失败,"关键日志：匹配`urma_ioctl_get_async_event`，匹配`get async event ioctl failed, ret:`，匹配`, errno:`；日志路径：系统日志文件（URMA_LOG_PATH）",函数通过ioctl向URMA内核驱动提交执行get async event驱动命令请求，驱动返回错误或系统调用失败，用户态无法获得预期的驱动处理结果。,无
urma_446,用户,获取JFC所需输入对象无效导致获取JFC失败,关键日志：匹配`urma_get_jfc_opt`，匹配`Invalid parameter.`；日志路径：系统日志文件（URMA_LOG_PATH）,函数用于获取JFC，调用方传入的获取JFC所需输入对象不满足接口前置条件，无法继续完成本次URMA操作。,无
urma_447,用户,URMA context、provider操作表、provider未提供get_jfc_opt操作实现无效导致获取JFC失败,关键日志：匹配`urma_get_jfc_opt`，匹配`Invalid parameter.`；日志路径：系统日志文件（URMA_LOG_PATH）,函数用于获取JFC，调用方传入的URMA context、provider操作表、provider未提供get_jfc_opt操作实现不满足接口前置条件，无法继续完成本次URMA操作。,无
urma_448,URMA,获取JFC过程中依赖步骤失败,关键日志：匹配`urma_get_jfc_opt`，匹配`Failed to exec ops->get_jfc_opt.`；日志路径：系统日志文件（URMA_LOG_PATH）,函数用于获取JFC，执行过程中依赖的参数校验、状态转换、下层provider调用或系统资源处理未成功，导致本次URMA操作失败。,无
urma_449,用户,URMA context、provider操作表、JFS对象无效导致查询JFS失败,关键日志：匹配`urma_query_jfs`，匹配`Invalid parameter.`；日志路径：系统日志文件（URMA_LOG_PATH）,函数用于查询JFS，调用方传入的URMA context、provider操作表、JFS对象不满足接口前置条件，无法继续完成本次URMA操作。,无
urma_450,用户,URMA context、provider操作表、JFS对象、provider未提供query_jfs操作实现无效导致查询JFS失败,关键日志：匹配`urma_query_jfs`，匹配`Invalid parameter.`；日志路径：系统日志文件（URMA_LOG_PATH）,函数用于查询JFS，调用方传入的URMA context、provider操作表、JFS对象、provider未提供query_jfs操作实现不满足接口前置条件，无法继续完成本次URMA操作。,无
urma_451,用户,provider操作表、JFS对象无效导致获取JFS失败,关键日志：匹配`urma_get_jfs_opt`，匹配`Invalid parameter.`；日志路径：系统日志文件（URMA_LOG_PATH）,函数用于获取JFS，调用方传入的provider操作表、JFS对象不满足接口前置条件，无法继续完成本次URMA操作。,无
urma_452,用户,URMA context、provider操作表、JFS对象、provider未提供get_jfs_opt操作实现无效导致获取JFS失败,关键日志：匹配`urma_get_jfs_opt`，匹配`Invalid parameter.`；日志路径：系统日志文件（URMA_LOG_PATH）,函数用于获取JFS，调用方传入的URMA context、provider操作表、JFS对象、provider未提供get_jfs_opt操作实现不满足接口前置条件，无法继续完成本次URMA操作。,无
urma_453,URMA,获取JFS过程中依赖步骤失败,关键日志：匹配`urma_get_jfs_opt`，匹配`Failed to exec ops->get_jfs_opt.`；日志路径：系统日志文件（URMA_LOG_PATH）,函数用于获取JFS，执行过程中依赖的参数校验、状态转换、下层provider调用或系统资源处理未成功，导致本次URMA操作失败。,无
urma_454,用户,URMA context、provider操作表、JFR对象无效导致查询JFR失败,关键日志：匹配`urma_query_jfr`，匹配`Invalid parameter.`；日志路径：系统日志文件（URMA_LOG_PATH）,函数用于查询JFR，调用方传入的URMA context、provider操作表、JFR对象不满足接口前置条件，无法继续完成本次URMA操作。,无
urma_455,用户,URMA context、provider操作表、JFR对象、provider未提供query_jfr操作实现无效导致查询JFR失败,关键日志：匹配`urma_query_jfr`，匹配`Invalid parameter.`；日志路径：系统日志文件（URMA_LOG_PATH）,函数用于查询JFR，调用方传入的URMA context、provider操作表、JFR对象、provider未提供query_jfr操作实现不满足接口前置条件，无法继续完成本次URMA操作。,无
urma_456,用户,provider操作表、JFR对象无效导致获取JFR失败,关键日志：匹配`urma_get_jfr_opt`，匹配`Invalid parameter.`；日志路径：系统日志文件（URMA_LOG_PATH）,函数用于获取JFR，调用方传入的provider操作表、JFR对象不满足接口前置条件，无法继续完成本次URMA操作。,无
urma_457,用户,URMA context、provider操作表、JFR对象、provider未提供get_jfr_opt操作实现无效导致获取JFR失败,关键日志：匹配`urma_get_jfr_opt`，匹配`Invalid parameter.`；日志路径：系统日志文件（URMA_LOG_PATH）,函数用于获取JFR，调用方传入的URMA context、provider操作表、JFR对象、provider未提供get_jfr_opt操作实现不满足接口前置条件，无法继续完成本次URMA操作。,无
urma_458,URMA,获取JFR过程中依赖步骤失败,关键日志：匹配`urma_get_jfr_opt`，匹配`Failed to exec ops->get_jfr_opt.`；日志路径：系统日志文件（URMA_LOG_PATH）,函数用于获取JFR，执行过程中依赖的参数校验、状态转换、下层provider调用或系统资源处理未成功，导致本次URMA操作失败。,无
urma_459,OS,设备、EID、端口、能力或字符设备路径信息的sysfs读取或解析失败,关键日志：匹配`urma_check_seg_cfg`，匹配`Write access should be config with read access.`；日志路径：系统日志文件（URMA_LOG_PATH）,函数需要从sysfs获取设备、EID、端口、能力或字符设备路径信息来构建设备上下文，文件打开、读取或内容解析失败导致URMA无法完成设备发现或能力初始化。,无
urma_460,OS,设备、EID、端口、能力或字符设备路径信息的sysfs读取或解析失败,关键日志：匹配`urma_check_seg_cfg`，匹配`Atomic access should be config with read and write access.`；日志路径：系统日志文件（URMA_LOG_PATH）,函数需要从sysfs获取设备、EID、端口、能力或字符设备路径信息来构建设备上下文，文件打开、读取或内容解析失败导致URMA无法完成设备发现或能力初始化。,无
urma_461,用户,URMA context、provider操作表、JFS对象无效导致获取JFR失败,关键日志：匹配`urma_get_async_event`，匹配`Invalid parameter.`；日志路径：系统日志文件（URMA_LOG_PATH）,函数用于获取JFR，调用方传入的URMA context、provider操作表、JFS对象不满足接口前置条件，无法继续完成本次URMA操作。,无
urma_462,用户,URMA context、provider操作表、provider未提供get_async_event操作实现无效导致获取context失败,关键日志：匹配`urma_get_async_event`，匹配`Invalid parameter.`；日志路径：系统日志文件（URMA_LOG_PATH）,函数用于获取context，调用方传入的URMA context、provider操作表、provider未提供get_async_event操作实现不满足接口前置条件，无法继续完成本次URMA操作。,无
urma_463,用户,URMA context、provider操作表无效导致获取EID失败,关键日志：匹配`urma_get_eid_by_ip`，匹配`Invalid parameter.`；日志路径：系统日志文件（URMA_LOG_PATH）,函数用于获取EID，调用方传入的URMA context、provider操作表不满足接口前置条件，无法继续完成本次URMA操作。,无
urma_464,用户,URMA context、provider操作表、provider未提供get_eid_by_ip操作实现无效导致获取EID失败,关键日志：匹配`urma_get_eid_by_ip`，匹配`Invalid parameter.`；日志路径：系统日志文件（URMA_LOG_PATH）,函数用于获取EID，调用方传入的URMA context、provider操作表、provider未提供get_eid_by_ip操作实现不满足接口前置条件，无法继续完成本次URMA操作。,无
urma_465,用户,URMA context、provider操作表无效导致获取EID失败,关键日志：匹配`urma_get_ip_by_eid`，匹配`Invalid parameter.`；日志路径：系统日志文件（URMA_LOG_PATH）,函数用于获取EID，调用方传入的URMA context、provider操作表不满足接口前置条件，无法继续完成本次URMA操作。,无
urma_466,用户,URMA context、provider操作表、provider未提供get_ip_by_eid操作实现无效导致获取EID失败,关键日志：匹配`urma_get_ip_by_eid`，匹配`Invalid parameter.`；日志路径：系统日志文件（URMA_LOG_PATH）,函数用于获取EID，调用方传入的URMA context、provider操作表、provider未提供get_ip_by_eid操作实现不满足接口前置条件，无法继续完成本次URMA操作。,无
urma_467,用户,URMA context、provider操作表无效导致获取context失败,关键日志：匹配`urma_get_smac`，匹配`Invalid parameter.`；日志路径：系统日志文件（URMA_LOG_PATH）,函数用于获取context，调用方传入的URMA context、provider操作表不满足接口前置条件，无法继续完成本次URMA操作。,无
urma_468,用户,URMA context、provider操作表、provider未提供get_smac操作实现无效导致获取context失败,关键日志：匹配`urma_get_smac`，匹配`Invalid parameter.`；日志路径：系统日志文件（URMA_LOG_PATH）,函数用于获取context，调用方传入的URMA context、provider操作表、provider未提供get_smac操作实现不满足接口前置条件，无法继续完成本次URMA操作。,无
urma_469,用户,URMA context、provider操作表无效导致获取context失败,关键日志：匹配`urma_get_dmac`，匹配`Invalid parameter.`；日志路径：系统日志文件（URMA_LOG_PATH）,函数用于获取context，调用方传入的URMA context、provider操作表不满足接口前置条件，无法继续完成本次URMA操作。,无
urma_470,用户,URMA context、provider操作表、provider未提供get_dmac操作实现无效导致获取context失败,关键日志：匹配`urma_get_dmac`，匹配`Invalid parameter.`；日志路径：系统日志文件（URMA_LOG_PATH）,函数用于获取context，调用方传入的URMA context、provider操作表、provider未提供get_dmac操作实现不满足接口前置条件，无法继续完成本次URMA操作。,无
urma_471,OS,读取sysfs过程中依赖步骤失败,关键日志：匹配`urma_read_sysfs_file`，匹配`snprintf failed`；日志路径：系统日志文件（URMA_LOG_PATH）,函数用于读取sysfs，执行过程中依赖的参数校验、状态转换、下层provider调用或系统资源处理未成功，导致本次URMA操作失败。,无
urma_472,OS,设备、EID、端口、能力或字符设备路径信息的sysfs读取或解析失败,"关键日志：匹配`urma_read_sysfs_file`，匹配`Failed open file:`，匹配`, errno:`；日志路径：系统日志文件（URMA_LOG_PATH）",函数需要从sysfs获取设备、EID、端口、能力或字符设备路径信息来构建设备上下文，文件打开、读取或内容解析失败导致URMA无法完成设备发现或能力初始化。,无
urma_473,OS,设备、EID、端口、能力或字符设备路径信息的sysfs读取或解析失败,"关键日志：匹配`urma_read_sysfs_file`，匹配`Failed read file:`，匹配`, ret:`，匹配`d, errno:`；日志路径：系统日志文件（URMA_LOG_PATH）",函数需要从sysfs获取设备、EID、端口、能力或字符设备路径信息来构建设备上下文，文件打开、读取或内容解析失败导致URMA无法完成设备发现或能力初始化。,无
urma_474,URMA,读取EID过程中依赖步骤失败,"关键日志：匹配`read_eid_list_sysyf`，匹配`printf failed, eid idx:`；日志路径：系统日志文件（URMA_LOG_PATH）",函数用于读取EID，执行过程中依赖的参数校验、状态转换、下层provider调用或系统资源处理未成功，导致本次URMA操作失败。,无
urma_475,OS,EID信息的sysfs读取或解析失败,关键日志：匹配`read_eid_list_sysyf`，匹配`Failed to read sysfs file`；日志路径：系统日志文件（URMA_LOG_PATH）,函数需要从sysfs获取EID信息来构建设备上下文，文件打开、读取或内容解析失败导致URMA无法完成设备发现或能力初始化。,无
urma_476,URMA,读取EID过程中依赖步骤失败,"关键日志：匹配`read_eid_sysfs_with_index`，匹配`snprintf failed, eid idx:`；日志路径：系统日志文件（URMA_LOG_PATH）",函数用于读取EID，执行过程中依赖的参数校验、状态转换、下层provider调用或系统资源处理未成功，导致本次URMA操作失败。,无
urma_477,OS,EID信息的sysfs读取或解析失败,关键日志：匹配`read_eid_sysfs_with_index`，匹配`Failed to read sysfs file`；日志路径：系统日志文件（URMA_LOG_PATH）,函数需要从sysfs获取EID信息来构建设备上下文，文件打开、读取或内容解析失败导致URMA无法完成设备发现或能力初始化。,无
urma_478,OS,EID信息的sysfs读取或解析失败,"关键日志：匹配`read_eid_sysfs_with_index`，匹配`Failed to parse eid value, dev name:`，匹配`, eid idx:`；日志路径：系统日志文件（URMA_LOG_PATH）",函数需要从sysfs获取EID信息来构建设备上下文，文件打开、读取或内容解析失败导致URMA无法完成设备发现或能力初始化。,无
urma_479,OS,EID信息的sysfs读取或解析失败,关键日志：匹配`urma_ioctl_get_eid_list`，匹配`Failed to open urma cdev with path`；日志路径：系统日志文件（URMA_LOG_PATH）,函数需要从sysfs获取EID信息来构建设备上下文，文件打开、读取或内容解析失败导致URMA无法完成设备发现或能力初始化。,无
urma_480,OS,EID信息的sysfs读取或解析失败,"关键日志：匹配`urma_query_device_attr`，匹配`Failed to get cdev_path, dev_name:`；日志路径：系统日志文件（URMA_LOG_PATH）",函数需要从sysfs获取EID信息来构建设备上下文，文件打开、读取或内容解析失败导致URMA无法完成设备发现或能力初始化。,无
urma_481,OS,字符设备路径信息的sysfs读取或解析失败,"关键日志：匹配`urma_query_device_attr`，匹配`Failed to open urma cdev, path`；日志路径：系统日志文件（URMA_LOG_PATH）",函数需要从sysfs获取字符设备路径信息来构建设备上下文，文件打开、读取或内容解析失败导致URMA无法完成设备发现或能力初始化。,无
urma_482,URMA,解析端口过程中依赖步骤失败,"关键日志：匹配`urma_parse_port_attr`，匹配`snprintf failed, path:`，匹配`, port_num:`，匹配`hu.`；日志路径：系统日志文件（URMA_LOG_PATH）",函数用于解析端口，执行过程中依赖的参数校验、状态转换、下层provider调用或系统资源处理未成功，导致本次URMA操作失败。,无
urma_483,URMA,执行设备过程中依赖步骤失败,"关键日志：匹配`urma_discover_sysfs_path`，匹配`snprintf failed, dev_name:`；日志路径：系统日志文件（URMA_LOG_PATH）",函数用于执行设备，执行过程中依赖的参数校验、状态转换、下层provider调用或系统资源处理未成功，导致本次URMA操作失败。,无
urma_484,OS,设备、EID、端口、能力或字符设备路径信息的sysfs读取或解析失败,"关键日志：匹配`urma_scan_sysfs_devices`，匹配`open failed, errno:`；日志路径：系统日志文件（URMA_LOG_PATH）",函数需要从sysfs获取设备、EID、端口、能力或字符设备路径信息来构建设备上下文，文件打开、读取或内容解析失败导致URMA无法完成设备发现或能力初始化。,无
urma_485,OS,释放sysfs过程中依赖步骤失败,"关键日志：匹配`urma_scan_sysfs_devices`，匹配`Failed close dir:`，匹配`, errno:`；日志路径：系统日志文件（URMA_LOG_PATH）",函数用于释放sysfs，执行过程中依赖的参数校验、状态转换、下层provider调用或系统资源处理未成功，导致本次URMA操作失败。,无
urma_486,用户,JFS对象、WR对象无效导致读取JFS失败,关键日志：匹配`urma_read`，匹配`Invalid parameter.`；日志路径：系统日志文件（URMA_LOG_PATH）,函数用于读取JFS，调用方传入的JFS对象、WR对象不满足接口前置条件，无法继续完成本次URMA操作。,无
urma_487,用户,设置线程所需输入对象无效导致设置线程失败,关键日志：匹配`urma_log_set_thread_tag`，匹配`Invalid parameter.`；日志路径：系统日志文件（URMA_LOG_PATH）,函数用于设置线程，调用方传入的设置线程所需输入对象不满足接口前置条件，无法继续完成本次URMA操作。,无
urma_488,URMA,获取URMA资源过程中依赖步骤失败,关键日志：匹配`urma_open_drivers`，匹配`Failed to get dl addr:`；日志路径：系统日志文件（URMA_LOG_PATH）,函数用于获取URMA资源，执行过程中依赖的参数校验、状态转换、下层provider调用或系统资源处理未成功，导致本次URMA操作失败。,无
urma_489,用户,设备对象、sysfs设备信息无效导致查询设备失败,关键日志：匹配`urma_query_device`，匹配`Invalid parameter.`；日志路径：系统日志文件（URMA_LOG_PATH）,函数用于查询设备，调用方传入的设备对象、sysfs设备信息不满足接口前置条件，无法继续完成本次URMA操作。,无
urma_490,URMA,查询设备过程中依赖步骤失败,"关键日志：匹配`urma_query_device`，匹配`Failed to query device attr, ret:`；日志路径：系统日志文件（URMA_LOG_PATH）",函数用于查询设备，执行过程中依赖的参数校验、状态转换、下层provider调用或系统资源处理未成功，导致本次URMA操作失败。,无
urma_491,用户,设备对象、sysfs设备信息无效导致查询设备失败,关键日志：匹配`urma_query_device`，匹配`Invalid dev_name.`；日志路径：系统日志文件（URMA_LOG_PATH）,函数用于查询设备，调用方传入的设备对象、sysfs设备信息不满足接口前置条件，无法继续完成本次URMA操作。,无
urma_492,URMA,获取设备过程中依赖步骤失败,"关键日志：匹配`urma_query_device`，匹配`urma get device list failed, device_num:`；日志路径：系统日志文件（URMA_LOG_PATH）",函数用于获取设备，执行过程中依赖的参数校验、状态转换、下层provider调用或系统资源处理未成功，导致本次URMA操作失败。,无
urma_493,URMA,查询设备过程中依赖步骤失败,关键日志：匹配`urma_query_device`，匹配`device list name:`，匹配`does not match dev_name:`；日志路径：系统日志文件（URMA_LOG_PATH）,函数用于查询设备，执行过程中依赖的参数校验、状态转换、下层provider调用或系统资源处理未成功，导致本次URMA操作失败。,无
urma_494,URMA,获取设备过程中依赖步骤失败,关键日志：匹配`urma_query_device`，匹配`urma get device list failed!`；日志路径：系统日志文件（URMA_LOG_PATH）,函数用于获取设备，执行过程中依赖的参数校验、状态转换、下层provider调用或系统资源处理未成功，导致本次URMA操作失败。,无
urma_495,用户,设备对象、sysfs设备信息、provider操作表无效导致查询设备失败,关键日志：匹配`urma_query_eid`，匹配`Invalid parameter with err dev or ops.`；日志路径：系统日志文件（URMA_LOG_PATH）,函数用于查询设备，调用方传入的设备对象、sysfs设备信息、provider操作表不满足接口前置条件，无法继续完成本次URMA操作。,无
urma_496,URMA,查询EID过程中依赖步骤失败,关键日志：匹配`urma_query_eid`，匹配`Failed to query eid.`；日志路径：系统日志文件（URMA_LOG_PATH）,函数用于查询EID，执行过程中依赖的参数校验、状态转换、下层provider调用或系统资源处理未成功，导致本次URMA操作失败。,无
urma_497,OS,EID信息的sysfs读取或解析失败,"关键日志：匹配`urma_query_eid`，匹配`Failed to open urma cdev with path`，匹配`, dev_fd:`；日志路径：系统日志文件（URMA_LOG_PATH）",函数需要从sysfs获取EID信息来构建设备上下文，文件打开、读取或内容解析失败导致URMA无法完成设备发现或能力初始化。,无
urma_498,用户,URMA context无效导致获取context失败,关键日志：匹配`urma_get_uasid`，匹配`Invalid parameter.`；日志路径：系统日志文件（URMA_LOG_PATH）,函数用于获取context，调用方传入的URMA context不满足接口前置条件，无法继续完成本次URMA操作。,无
urma_499,用户,执行线程所需输入对象无效导致初始化线程失败,"关键日志：匹配`urma_perf_thread_exit_cleanup`，匹配`Urma perf thread cleanup, thread index`，匹配`is invalid.`；日志路径：系统日志文件（URMA_LOG_PATH）",函数用于初始化线程，调用方传入的执行线程所需输入对象不满足接口前置条件，无法继续完成本次URMA操作。,无
urma_500,用户,获取URMA资源所需输入对象无效导致获取锁失败,"关键日志：匹配`urma_get_perf_info`，匹配`Urma perf info get failed, perf_buf or length is invalid`；日志路径：系统日志文件（URMA_LOG_PATH）",函数用于获取锁，调用方传入的获取URMA资源所需输入对象不满足接口前置条件，无法继续完成本次URMA操作。,无
urma_501,URMA,获取锁过程中依赖步骤失败,"关键日志：匹配`urma_get_perf_info`，匹配`Urma perf get info failed, need`，匹配`bytes buffer, but only`，匹配`provided`；日志路径：系统日志文件（URMA_LOG_PATH）；向下级匹配。",向下级匹配。,向下级匹配。
urma_502,硬件,物理 JFR导入时下层资源准备失败,关键日志：匹配`bondp_import_pjfr`，匹配`Failed to import tjfr`；日志路径：系统日志文件（URMA_LOG_PATH）,函数负责导入物理 JFR，依赖的provider接口、驱动命令、子资源或路由信息未成功返回，导致资源无法建立。,无
urma_503,硬件,JFR导入时下层资源准备失败,关键日志：匹配`bondp_unimport_pjfr`，匹配`RM jfr import requires drv_ext.vjfs`；日志路径：系统日志文件（URMA_LOG_PATH）,函数负责导入JFR，依赖的provider接口、驱动命令、子资源或路由信息未成功返回，导致资源无法建立。,无
urma_504,硬件,健康检查导入时下层资源准备失败,关键日志：匹配`import_check_tseg_by_import_result`，匹配`Failed to import health check seg (`；日志路径：系统日志文件（URMA_LOG_PATH）,函数负责导入健康检查，依赖的provider接口、驱动命令、子资源或路由信息未成功返回，导致资源无法建立。,无
urma_505,URMA,健康检查清理阶段下层释放操作失败,关键日志：匹配`bondp_unimport_health_check_tseg`，匹配`Failed to unimport health check seg (`；日志路径：系统日志文件（URMA_LOG_PATH）,函数负责释放或撤销健康检查相关资源，下层provider、驱动或引用状态返回失败，可能残留已创建的URMA资源。,无
urma_506,URMA,Segment清理阶段下层释放操作失败,关键日志：匹配`bondp_delete_pseg`，匹配`Failed to unregister pseg`；日志路径：系统日志文件（URMA_LOG_PATH）,函数负责释放或撤销Segment相关资源，下层provider、驱动或引用状态返回失败，可能残留已创建的URMA资源。,无
urma_507,用户,Segment对象无效导致创建Segment失败,关键日志：匹配`bondp_create_pseg`，匹配`Invalid segment address for bondp seg`；日志路径：系统日志文件（URMA_LOG_PATH）,函数用于创建Segment，调用方传入的Segment对象不满足接口前置条件，无法继续完成本次URMA操作。,无
urma_508,硬件,Segment注册时下层资源准备失败,关键日志：匹配`bondp_create_pseg`，匹配`Failed to register pseg`；日志路径：系统日志文件（URMA_LOG_PATH）,函数负责注册Segment，依赖的provider接口、驱动命令、子资源或路由信息未成功返回，导致资源无法建立。,无
urma_509,URMA,Segment清理阶段下层释放操作失败,"关键日志：匹配`bondp_delete_vseg`，匹配`Failed to unregister segment, token_id:`，匹配`, handle:`，匹配`u.`；日志路径：系统日志文件（URMA_LOG_PATH）",函数负责释放或撤销Segment相关资源，下层provider、驱动或引用状态返回失败，可能残留已创建的URMA资源。,无
urma_510,硬件,Segment注册时下层资源准备失败,"关键日志：匹配`bondp_create_vseg`，匹配`Fail to register vseg, ret:`；日志路径：系统日志文件（URMA_LOG_PATH）",函数负责注册Segment，依赖的provider接口、驱动命令、子资源或路由信息未成功返回，导致资源无法建立。,无
urma_511,用户,URMA context、Segment对象无效导致注册Token失败,关键日志：匹配`bondp_create_vseg`，匹配`Invalid token id for register bondp seg`；日志路径：系统日志文件（URMA_LOG_PATH）,函数用于注册Token，调用方传入的URMA context、Segment对象不满足接口前置条件，无法继续完成本次URMA操作。,无
urma_512,OS,Segment相关临时结构或命令参数分配失败,关键日志：匹配`bondp_create_vseg`，匹配`Failed to alloc bondp segment comp`；日志路径：系统日志文件（URMA_LOG_PATH）,函数在分配Segment前需要申请命令参数、资源描述或临时缓存，内存分配失败会阻断后续URMA资源处理。,无
urma_513,硬件,Segment创建时下层资源准备失败,关键日志：匹配`bondp_create_vseg`，匹配`Failed to create pseg`；日志路径：系统日志文件（URMA_LOG_PATH）,函数负责创建Segment，依赖的provider接口、驱动命令、子资源或路由信息未成功返回，导致资源无法建立。,无
urma_514,硬件,Segment创建时下层资源准备失败,关键日志：匹配`bondp_create_vseg`，匹配`Failed to create vseg`；日志路径：系统日志文件（URMA_LOG_PATH）,函数负责创建Segment，依赖的provider接口、驱动命令、子资源或路由信息未成功返回，导致资源无法建立。,无
urma_515,URMA,Token清理阶段下层释放操作失败,"关键日志：匹配`bondp_unregister_seg_inner`，匹配`Failed to delete vseg, token_id:`，匹配`, handle:`，匹配`u.`；日志路径：系统日志文件（URMA_LOG_PATH）",函数负责释放或撤销Token相关资源，下层provider、驱动或引用状态返回失败，可能残留已创建的URMA资源。,无
urma_516,URMA,Token清理阶段下层释放操作失败,"关键日志：匹配`bondp_unregister_seg_inner`，匹配`Failed to delete pseg for vseg, token_id:`，匹配`, handle:`，匹配`u.`；日志路径：系统日志文件（URMA_LOG_PATH）",函数负责释放或撤销Token相关资源，下层provider、驱动或引用状态返回失败，可能残留已创建的URMA资源。,无
urma_517,硬件,Segment导入时下层资源准备失败,关键日志：匹配`import_pseg`，匹配`Failed to import seg (`；日志路径：系统日志文件（URMA_LOG_PATH）,函数负责导入Segment，依赖的provider接口、驱动命令、子资源或路由信息未成功返回，导致资源无法建立。,无
urma_518,OS,Segment相关临时结构或命令参数分配失败,关键日志：匹配`bondp_unimport_pseg`，匹配`Failed to alloc target seg`；日志路径：系统日志文件（URMA_LOG_PATH）,函数在分配Segment前需要申请命令参数、资源描述或临时缓存，内存分配失败会阻断后续URMA资源处理。,无
urma_519,URMA,解除导入Token过程中依赖步骤失败,"关键日志：匹配`bondp_unimport_pseg`，匹配`Failed to lookup v2p_token_id, ret:`；日志路径：系统日志文件（URMA_LOG_PATH）",函数用于解除导入Token，执行过程中依赖的参数校验、状态转换、下层provider调用或系统资源处理未成功，导致本次URMA操作失败。,无
urma_520,硬件,Token导入时下层资源准备失败,关键日志：匹配`bondp_unimport_pseg`，匹配`Failed to import vseg`；日志路径：系统日志文件（URMA_LOG_PATH）,函数负责导入Token，依赖的provider接口、驱动命令、子资源或路由信息未成功返回，导致资源无法建立。,无
urma_521,硬件,Segment导入时下层资源准备失败,关键日志：匹配`bondp_unimport_pseg`，匹配`Failed to import pseg`；日志路径：系统日志文件（URMA_LOG_PATH）,函数负责导入Segment，依赖的provider接口、驱动命令、子资源或路由信息未成功返回，导致资源无法建立。,无
urma_522,用户,URMA context无效导致注册Segment失败,关键日志：匹配`urma_cmd_register_seg`，匹配`Invalid parameter`；日志路径：系统日志文件（URMA_LOG_PATH）,函数用于注册Segment，调用方传入的URMA context不满足接口前置条件，无法继续完成本次URMA操作。,无
urma_523,硬件,注册ioctl的ioctl调用返回失败,"关键日志：匹配`urma_cmd_register_seg`，匹配`ioctl failed in urma_cmd_register_seg, ret:`，匹配`, errno:`；日志路径：系统日志文件（URMA_LOG_PATH）",函数通过ioctl向URMA内核驱动提交注册ioctl请求，驱动返回错误或系统调用失败，用户态无法获得预期的驱动处理结果。,无
urma_524,用户,URMA context无效导致注销Segment失败,关键日志：匹配`urma_cmd_unregister_seg`，匹配`Invalid parameter`；日志路径：系统日志文件（URMA_LOG_PATH）,函数用于注销Segment，调用方传入的URMA context不满足接口前置条件，无法继续完成本次URMA操作。,无
urma_525,硬件,注销ioctl的ioctl调用返回失败,"关键日志：匹配`urma_cmd_unregister_seg`，匹配`ioctl failed, ret:`，匹配`, errno:`；日志路径：系统日志文件（URMA_LOG_PATH）",函数通过ioctl向URMA内核驱动提交注销ioctl请求，驱动返回错误或系统调用失败，用户态无法获得预期的驱动处理结果。,无
urma_526,用户,URMA context、Segment对象无效导致导入Segment失败,关键日志：匹配`urma_cmd_import_seg`，匹配`Invalid parameter`；日志路径：系统日志文件（URMA_LOG_PATH）,函数用于导入Segment，调用方传入的URMA context、Segment对象不满足接口前置条件，无法继续完成本次URMA操作。,无
urma_527,用户,URMA context无效导致解除导入Segment失败,关键日志：匹配`urma_cmd_unimport_seg`，匹配`Invalid parameter`；日志路径：系统日志文件（URMA_LOG_PATH）,函数用于解除导入Segment，调用方传入的URMA context不满足接口前置条件，无法继续完成本次URMA操作。,无
urma_528,用户,URMA context、设备对象、provider操作表、Segment对象无效导致解除导入Segment失败,关键日志：匹配`urma_unimport_seg`，匹配`Invalid parameter.`；日志路径：系统日志文件（URMA_LOG_PATH）,函数用于解除导入Segment，调用方传入的URMA context、设备对象、provider操作表、Segment对象不满足接口前置条件，无法继续完成本次URMA操作。,无
urma_529,用户,URMA context、provider操作表、provider未提供unimport_seg操作实现无效导致解除导入Segment失败,关键日志：匹配`urma_unimport_seg`，匹配`Invalid parameter.`；日志路径：系统日志文件（URMA_LOG_PATH）,函数用于解除导入Segment，调用方传入的URMA context、provider操作表、provider未提供unimport_seg操作实现不满足接口前置条件，无法继续完成本次URMA操作。,无
urma_530,用户,URMA context、provider操作表无效导致解除导入Segment失败,关键日志：匹配`urma_unimport_seg`，匹配`Invalid parameter.`；日志路径：系统日志文件（URMA_LOG_PATH）,函数用于解除导入Segment，调用方传入的URMA context、provider操作表不满足接口前置条件，无法继续完成本次URMA操作。,无
urma_531,用户,URMA context、provider操作表、provider未提供alloc_token_id操作实现无效导致解除导入Segment失败,关键日志：匹配`urma_unimport_seg`，匹配`Invalid parameter.`；日志路径：系统日志文件（URMA_LOG_PATH）,函数用于解除导入Segment，调用方传入的URMA context、provider操作表、provider未提供alloc_token_id操作实现不满足接口前置条件，无法继续完成本次URMA操作。,无
urma_532,硬件,Segment注册时下层资源准备失败,"关键日志：匹配`urma_unimport_seg`，匹配`[DRV_ERR]Failed to register seg, dev_name:`，匹配`, eid_idx:`；日志路径：系统日志文件（URMA_LOG_PATH）",函数负责注册Segment，依赖的provider接口、驱动命令、子资源或路由信息未成功返回，导致资源无法建立。,无
urma_533,用户,URMA context、设备对象、Segment对象无效导致解除导入Segment失败,关键日志：匹配`urma_unimport_seg`，匹配`Invalid parameter.`；日志路径：系统日志文件（URMA_LOG_PATH）,函数用于解除导入Segment，调用方传入的URMA context、设备对象、Segment对象不满足接口前置条件，无法继续完成本次URMA操作。,无
urma_534,用户,URMA context、设备对象、sysfs设备信息、provider操作表、provider未提供alloc_token_id_ex操作实现无效导致解除导入Segment失败,关键日志：匹配`urma_unimport_seg`，匹配`Invalid parameter.`；日志路径：系统日志文件（URMA_LOG_PATH）,函数用于解除导入Segment，调用方传入的URMA context、设备对象、sysfs设备信息、provider操作表、provider未提供alloc_token_id_ex操作实现不满足接口前置条件，无法继续完成本次URMA操作。,无
urma_535,URMA,解除导入设备过程中依赖步骤失败,关键日志：匹配`urma_unimport_seg`，匹配`dev not support token id table mode.`；日志路径：系统日志文件（URMA_LOG_PATH）,函数用于解除导入设备，执行过程中依赖的参数校验、状态转换、下层provider调用或系统资源处理未成功，导致本次URMA操作失败。,无
urma_536,URMA,设置Token过程中依赖步骤失败,"关键日志：匹配`urma_check_seg_cfg`，匹配`token_id must set when token_id_valid is true, or must NULL when token_id_valid is false.`；日志路径：系统日志文件（URMA_LOG_PATH）",函数用于设置Token，执行过程中依赖的参数校验、状态转换、下层provider调用或系统资源处理未成功，导致本次URMA操作失败。,无
urma_537,硬件,Segment注册时下层资源准备失败,"关键日志：匹配`urma_check_seg_cfg`，匹配`[DRV_ERR]register seg failed, dev_name:`，匹配`, eid_idx:`；日志路径：系统日志文件（URMA_LOG_PATH）",函数负责注册Segment，依赖的provider接口、驱动命令、子资源或路由信息未成功返回，导致资源无法建立。,无
urma_538,用户,URMA context、设备对象、Segment对象无效导致注销Segment失败,关键日志：匹配`urma_unregister_seg`，匹配`Invalid parameter.`；日志路径：系统日志文件（URMA_LOG_PATH）,函数用于注销Segment，调用方传入的URMA context、设备对象、Segment对象不满足接口前置条件，无法继续完成本次URMA操作。,无
urma_539,用户,URMA context、设备对象、provider操作表、Segment对象、provider未提供unregister_seg操作实现无效导致注销Segment失败,关键日志：匹配`urma_unregister_seg`，匹配`Invalid parameter.`；日志路径：系统日志文件（URMA_LOG_PATH）,函数用于注销Segment，调用方传入的URMA context、设备对象、provider操作表、Segment对象、provider未提供unregister_seg操作实现不满足接口前置条件，无法继续完成本次URMA操作。,无
urma_540,URMA,Segment清理阶段下层释放操作失败,"关键日志：匹配`urma_unregister_seg`，匹配`[DRV_ERR]Unregister seg fail, dev_name:`，匹配`, eid_idx:`，匹配`, tid:`，匹配`, ret:`；日志路径：系统日志文件（URMA_LOG_PATH）；向下级匹配。",向下级匹配。,向下级匹配。
urma_541,URMA,epoll数据通路处理失败,"关键日志：匹配`bondp_wait_jfc`，匹配`Epoll wait err, ret:`；日志路径：系统日志文件（URMA_LOG_PATH）",函数处理URMA数据收发路径，需要完成WR转换、投递、完成事件处理或重传，相关对象状态或下层操作失败导致数据通路中断。,无
urma_542,用户,JFS对象、WR对象无效导致投递JFS失败,关键日志：匹配`comp_post_send`，匹配`Invalid post jfs wr type:`；日志路径：系统日志文件（URMA_LOG_PATH）,函数用于投递JFS，调用方传入的JFS对象、WR对象不满足接口前置条件，无法继续完成本次URMA操作。,无
urma_543,用户,JFR对象、WR对象无效导致投递JFR失败,关键日志：匹配`comp_post_recv`，匹配`Invalid post jfr wr type:`；日志路径：系统日志文件（URMA_LOG_PATH）,函数用于投递JFR，调用方传入的JFR对象、WR对象不满足接口前置条件，无法继续完成本次URMA操作。,无
urma_544,URMA,WR数据通路处理失败,"关键日志：匹配`post_send_check_jfs_wr_valid`，匹配`when set write_wr, either of src/dst num_sge/sge has been set zero or NULL.`；日志路径：系统日志文件（URMA_LOG_PATH）",函数处理URMA数据收发路径，需要完成WR转换、投递、完成事件处理或重传，相关对象状态或下层操作失败导致数据通路中断。,无
urma_545,URMA,WR数据通路处理失败,"关键日志：匹配`post_send_check_jfs_wr_valid`，匹配`when set cas_wr, either src or dst is NULL.`；日志路径：系统日志文件（URMA_LOG_PATH）",函数处理URMA数据收发路径，需要完成WR转换、投递、完成事件处理或重传，相关对象状态或下层操作失败导致数据通路中断。,无
urma_546,URMA,WR数据通路处理失败,"关键日志：匹配`post_send_check_jfs_wr_valid`，匹配`when set faa_wr, either src or dst is NULL.`；日志路径：系统日志文件（URMA_LOG_PATH）",函数处理URMA数据收发路径，需要完成WR转换、投递、完成事件处理或重传，相关对象状态或下层操作失败导致数据通路中断。,无
urma_547,用户,WR对象无效导致投递组件失败,关键日志：匹配`post_send_check_valid`，匹配`Try to call post_send api by invalid comp_type:`；日志路径：系统日志文件（URMA_LOG_PATH）,函数用于投递组件，调用方传入的WR对象不满足接口前置条件，无法继续完成本次URMA操作。,无
urma_548,用户,WR对象无效导致投递组件失败,关键日志：匹配`post_send_check_valid`，匹配`Invalid src_chip_id:`；日志路径：系统日志文件（URMA_LOG_PATH）,函数用于投递组件，调用方传入的WR对象不满足接口前置条件，无法继续完成本次URMA操作。,无
urma_549,URMA,WR数据通路处理失败,关键日志：匹配`bondp_post_send_wr_no_store`，匹配`Bondp supports at most`，匹配`wr_list.`；日志路径：系统日志文件（URMA_LOG_PATH）,函数处理URMA数据收发路径，需要完成WR转换、投递、完成事件处理或重传，相关对象状态或下层操作失败导致数据通路中断。,无
urma_550,URMA,JFS数据通路处理失败,关键日志：匹配`bondp_post_send_wr_and_store`，匹配`Failed to copy jfs wr`；日志路径：系统日志文件（URMA_LOG_PATH）,函数处理URMA数据收发路径，需要完成WR转换、投递、完成事件处理或重传，相关对象状态或下层操作失败导致数据通路中断。,无
urma_551,URMA,JFS数据通路处理失败,关键日志：匹配`bondp_post_send_wr_and_store`，匹配`Failed to convert jfs wr`；日志路径：系统日志文件（URMA_LOG_PATH）,函数处理URMA数据收发路径，需要完成WR转换、投递、完成事件处理或重传，相关对象状态或下层操作失败导致数据通路中断。,无
urma_552,URMA,WR数据通路处理失败,关键日志：匹配`bondp_post_send_wr_and_store`，匹配`Failed to post send wr`；日志路径：系统日志文件（URMA_LOG_PATH）,函数处理URMA数据收发路径，需要完成WR转换、投递、完成事件处理或重传，相关对象状态或下层操作失败导致数据通路中断。,无
urma_553,URMA,WR数据通路处理失败,关键日志：匹配`bondp_post_recv_wr_no_store`，匹配`Bondp supports at most`，匹配`wr_list.`；日志路径：系统日志文件（URMA_LOG_PATH）,函数处理URMA数据收发路径，需要完成WR转换、投递、完成事件处理或重传，相关对象状态或下层操作失败导致数据通路中断。,无
urma_554,URMA,JFR数据通路处理失败,关键日志：匹配`bondp_post_recv_wr_and_store`，匹配`Failed to copy jfr wr`；日志路径：系统日志文件（URMA_LOG_PATH）,函数处理URMA数据收发路径，需要完成WR转换、投递、完成事件处理或重传，相关对象状态或下层操作失败导致数据通路中断。,无
urma_555,URMA,JFR数据通路处理失败,关键日志：匹配`bondp_post_recv_wr_and_store`，匹配`Failed to convert jfr wr`；日志路径：系统日志文件（URMA_LOG_PATH）,函数处理URMA数据收发路径，需要完成WR转换、投递、完成事件处理或重传，相关对象状态或下层操作失败导致数据通路中断。,无
urma_556,URMA,WR数据通路处理失败,关键日志：匹配`bondp_post_recv_wr_and_store`，匹配`Failed to post recv wr`；日志路径：系统日志文件（URMA_LOG_PATH）,函数处理URMA数据收发路径，需要完成WR转换、投递、完成事件处理或重传，相关对象状态或下层操作失败导致数据通路中断。,无
urma_557,用户,设备对象、sysfs设备信息、WR对象无效导致投递组件失败,关键日志：匹配`post_recv_check_wr_list_valid`，匹配`Invalid bdp_recv_comp type:`；日志路径：系统日志文件（URMA_LOG_PATH）,函数用于投递组件，调用方传入的设备对象、sysfs设备信息、WR对象不满足接口前置条件，无法继续完成本次URMA操作。,无
urma_558,用户,执行URMA资源所需输入对象无效导致刷出虚拟 Jetty失败,关键日志：匹配`handle_fake_cr_with_store`，匹配`Invalid cr error status:`；日志路径：系统日志文件（URMA_LOG_PATH）,函数用于刷出虚拟 Jetty，调用方传入的执行URMA资源所需输入对象不满足接口前置条件，无法继续完成本次URMA操作。,无
urma_559,URMA,JFS数据通路处理失败,"关键日志：匹配`handle_send_cr_with_store`，匹配`Failed to resend jfs wr, wr_id:`，匹配`u`；日志路径：系统日志文件（URMA_LOG_PATH）",函数处理URMA数据收发路径，需要完成WR转换、投递、完成事件处理或重传，相关对象状态或下层操作失败导致数据通路中断。,无
urma_560,URMA,JFS数据通路处理失败,关键日志：匹配`convert_jfs_vwr_to_pwr`，匹配`Unsupported send opcode`；日志路径：系统日志文件（URMA_LOG_PATH）,函数处理URMA数据收发路径，需要完成WR转换、投递、完成事件处理或重传，相关对象状态或下层操作失败导致数据通路中断。,无
urma_561,用户,执行URMA资源所需输入对象无效导致激活组件失败,关键日志：匹配`schedule_send_balance`，匹配`Invalid min_active_count.`；日志路径：系统日志文件（URMA_LOG_PATH）,函数用于激活组件，调用方传入的执行URMA资源所需输入对象不满足接口前置条件，无法继续完成本次URMA操作。,无
urma_562,URMA,激活设备过程中依赖步骤失败,关键日志：匹配`schedule_send_balance`，匹配`Unsupported bonding level:`；日志路径：系统日志文件（URMA_LOG_PATH）,函数用于激活设备，执行过程中依赖的参数校验、状态转换、下层provider调用或系统资源处理未成功，导致本次URMA操作失败。,无
urma_563,URMA,激活端口过程中依赖步骤失败,关键日志：匹配`schedule_send`，匹配`No active port`；日志路径：系统日志文件（URMA_LOG_PATH）,函数用于激活端口，执行过程中依赖的参数校验、状态转换、下层provider调用或系统资源处理未成功，导致本次URMA操作失败。,无
urma_564,URMA,激活端口过程中依赖步骤失败,关键日志：匹配`schedule_recv`，匹配`No active port`；日志路径：系统日志文件（URMA_LOG_PATH）,函数用于激活端口，执行过程中依赖的参数校验、状态转换、下层provider调用或系统资源处理未成功，导致本次URMA操作失败。,无
urma_565,URMA,健康检查数据通路处理失败,"关键日志：匹配`bondp_health_calc_primary_interval_us`，匹配`Health check epoll_wait failed, errno:`；日志路径：系统日志文件（URMA_LOG_PATH）",函数处理URMA数据收发路径，需要完成WR转换、投递、完成事件处理或重传，相关对象状态或下层操作失败导致数据通路中断。,无
urma_566,URMA,JFC数据通路处理失败,关键日志：匹配`urma_active_jfc`，匹配`Jfc state is wrong in active_jfc.`；日志路径：系统日志文件（URMA_LOG_PATH）,函数处理URMA数据收发路径，需要完成WR转换、投递、完成事件处理或重传，相关对象状态或下层操作失败导致数据通路中断。,无
urma_567,URMA,JFC数据通路处理失败,关键日志：匹配`urma_deactive_jfc`，匹配`Jfc state is wrong in deactive_jfc.`；日志路径：系统日志文件（URMA_LOG_PATH）,函数处理URMA数据收发路径，需要完成WR转换、投递、完成事件处理或重传，相关对象状态或下层操作失败导致数据通路中断。,无
urma_568,用户,URMA context、JFS对象无效导致刷出JFS失败,关键日志：匹配`urma_flush_jfs`，匹配`Invalid parameter.`；日志路径：系统日志文件（URMA_LOG_PATH）,函数用于刷出JFS，调用方传入的URMA context、JFS对象不满足接口前置条件，无法继续完成本次URMA操作。,无
urma_569,用户,URMA context、provider操作表、JFS对象、provider未提供flush_jfs操作实现无效导致刷出JFS失败,关键日志：匹配`urma_flush_jfs`，匹配`Invalid parameter.`；日志路径：系统日志文件（URMA_LOG_PATH）,函数用于刷出JFS，调用方传入的URMA context、provider操作表、JFS对象、provider未提供flush_jfs操作实现不满足接口前置条件，无法继续完成本次URMA操作。,无
urma_570,URMA,JFS数据通路处理失败,关键日志：匹配`urma_active_jfs`，匹配`jfs or jfc state is wrong in active_jfs.`；日志路径：系统日志文件（URMA_LOG_PATH）,函数处理URMA数据收发路径，需要完成WR转换、投递、完成事件处理或重传，相关对象状态或下层操作失败导致数据通路中断。,无
urma_571,URMA,JFS数据通路处理失败,关键日志：匹配`urma_deactive_jfs`，匹配`jfs state is wrong in deactive_jfs.`；日志路径：系统日志文件（URMA_LOG_PATH）,函数处理URMA数据收发路径，需要完成WR转换、投递、完成事件处理或重传，相关对象状态或下层操作失败导致数据通路中断。,无
urma_572,URMA,JFR数据通路处理失败,关键日志：匹配`urma_active_jfr`，匹配`jfr or jfc state is wrong in active_jfr.`；日志路径：系统日志文件（URMA_LOG_PATH）,函数处理URMA数据收发路径，需要完成WR转换、投递、完成事件处理或重传，相关对象状态或下层操作失败导致数据通路中断。,无
urma_573,URMA,JFR数据通路处理失败,关键日志：匹配`urma_deactive_jfr`，匹配`jfr state is wrong in deactive_jfr.`；日志路径：系统日志文件（URMA_LOG_PATH）,函数处理URMA数据收发路径，需要完成WR转换、投递、完成事件处理或重传，相关对象状态或下层操作失败导致数据通路中断。,无
urma_574,用户,JFR对象、WR对象无效导致执行JFR失败,关键日志：匹配`check_valid_jfr_wr`，匹配`There are invalid parameters.`；日志路径：系统日志文件（URMA_LOG_PATH）,函数用于执行JFR，调用方传入的JFR对象、WR对象不满足接口前置条件，无法继续完成本次URMA操作。,无
urma_575,用户,JFS对象无效导致获取JFS失败,关键日志：匹配`urma_write`，匹配`Invalid parameter.`；日志路径：系统日志文件（URMA_LOG_PATH）,函数用于获取JFS，调用方传入的JFS对象不满足接口前置条件，无法继续完成本次URMA操作。,无
urma_576,URMA,投递WR过程中依赖步骤失败,关键日志：匹配`urma_send`，匹配`null pointer exists in tjfr.`；日志路径：系统日志文件（URMA_LOG_PATH）,函数用于投递WR，执行过程中依赖的参数校验、状态转换、下层provider调用或系统资源处理未成功，导致本次URMA操作失败。,无
urma_577,用户,JFS对象无效导致获取JFS失败,关键日志：匹配`urma_send`，匹配`Invalid parameter.`；日志路径：系统日志文件（URMA_LOG_PATH）,函数用于获取JFS，调用方传入的JFS对象不满足接口前置条件，无法继续完成本次URMA操作。,无
urma_578,用户,JFS对象无效导致获取JFR失败,关键日志：匹配`urma_send`，匹配`Invalid parameter.`；日志路径：系统日志文件（URMA_LOG_PATH）,函数用于获取JFR，调用方传入的JFS对象不满足接口前置条件，无法继续完成本次URMA操作。,无
urma_579,用户,JFS对象、JFR对象、WR对象无效导致投递WR失败,关键日志：匹配`urma_recv`，匹配`Invalid parameter.`；日志路径：系统日志文件（URMA_LOG_PATH）,函数用于投递WR，调用方传入的JFS对象、JFR对象、WR对象不满足接口前置条件，无法继续完成本次URMA操作。,无
urma_580,用户,JFR对象、WR对象无效导致投递JFR失败,关键日志：匹配`urma_recv`，匹配`There are invalid parameters.`；日志路径：系统日志文件（URMA_LOG_PATH）,函数用于投递JFR，调用方传入的JFR对象、WR对象不满足接口前置条件，无法继续完成本次URMA操作。,无
urma_581,用户,JFR对象、WR对象无效导致轮询JFC失败,关键日志：匹配`urma_poll_jfc`，匹配`Invalid parameter.`；日志路径：系统日志文件（URMA_LOG_PATH）,函数用于轮询JFC，调用方传入的JFR对象、WR对象不满足接口前置条件，无法继续完成本次URMA操作。,无
urma_582,用户,JFS对象、WR对象无效导致投递JFS失败,关键日志：匹配`urma_post_jfs_wr`，匹配`Invalid parameter.`；日志路径：系统日志文件（URMA_LOG_PATH）,函数用于投递JFS，调用方传入的JFS对象、WR对象不满足接口前置条件，无法继续完成本次URMA操作。,无
urma_583,用户,JFR对象、WR对象无效导致投递JFR失败,关键日志：匹配`urma_post_jfr_wr`，匹配`Invalid parameter.`；日志路径：系统日志文件（URMA_LOG_PATH）,函数用于投递JFR，调用方传入的JFR对象、WR对象不满足接口前置条件，无法继续完成本次URMA操作。,无
urma_584,URMA,获取URMA资源过程中依赖步骤失败,关键日志：匹配`urma_config_perf_attr`，匹配`Urma perf config failed. perf record is not started.`；日志路径：系统日志文件（URMA_LOG_PATH）,函数用于获取URMA资源，执行过程中依赖的参数校验、状态转换、下层provider调用或系统资源处理未成功，导致本次URMA操作失败。,无
urma_585,用户,执行URMA资源所需输入对象无效导致执行URMA资源失败,关键日志：匹配`urma_config_perf_attr`，匹配`Urma perf config failed. perf_attr is invalid.`；日志路径：系统日志文件（URMA_LOG_PATH）,函数用于执行URMA资源，调用方传入的执行URMA资源所需输入对象不满足接口前置条件，无法继续完成本次URMA操作。,无
urma_586,URMA,执行URMA资源所需输入对象无效导致执行context失败,关键日志：匹配`urma_step_perf`，匹配`Urma perf type`，匹配`is invalid.`；日志路径：系统日志文件（URMA_LOG_PATH）；向下级匹配。,向下级匹配。,向下级匹配。
urma_587,URMA,JFCE清理阶段下层释放操作失败,"关键日志：匹配`bondp_delete_pjfce`，匹配`Failed to delete pjfce`，匹配`, ret:`；日志路径：系统日志文件（URMA_LOG_PATH）",函数负责释放或撤销JFCE相关资源，下层provider、驱动或引用状态返回失败，可能残留已创建的URMA资源。,无
urma_588,URMA,JFCE清理阶段下层释放操作失败,"关键日志：匹配`bondp_delete_jfce`，匹配`Failed to delete jfce[`，匹配`], still in use. use_cnt:`，匹配`u`；日志路径：系统日志文件（URMA_LOG_PATH）",函数负责释放或撤销JFCE相关资源，下层provider、驱动或引用状态返回失败，可能残留已创建的URMA资源。,无
urma_589,URMA,JFCE清理阶段下层释放操作失败,关键日志：匹配`bondp_delete_jfce`，匹配`Failed to delete pjfce.`；日志路径：系统日志文件（URMA_LOG_PATH）,函数负责释放或撤销JFCE相关资源，下层provider、驱动或引用状态返回失败，可能残留已创建的URMA资源。,无
urma_590,URMA,JFCE清理阶段下层释放操作失败,关键日志：匹配`bondp_delete_jfce`，匹配`Failed to delete vjfce.`；日志路径：系统日志文件（URMA_LOG_PATH）,函数负责释放或撤销JFCE相关资源，下层provider、驱动或引用状态返回失败，可能残留已创建的URMA资源。,无
urma_591,URMA,物理 JFC清理阶段下层释放操作失败,"关键日志：匹配`bondp_delete_pjfc`，匹配`Failed to delete pjfc`，匹配`, ret:`；日志路径：系统日志文件（URMA_LOG_PATH）",函数负责释放或撤销物理 JFC相关资源，下层provider、驱动或引用状态返回失败，可能残留已创建的URMA资源。,无
urma_592,URMA,JFC清理阶段下层释放操作失败,"关键日志：匹配`bondp_delete_jfc`，匹配`Failed to delete jfc[`，匹配`], still in use. use_cnt:`，匹配`u`；日志路径：系统日志文件（URMA_LOG_PATH）",函数负责释放或撤销JFC相关资源，下层provider、驱动或引用状态返回失败，可能残留已创建的URMA资源。,无
urma_593,URMA,虚拟 JFC清理阶段下层释放操作失败,关键日志：匹配`bondp_delete_jfc`，匹配`Failed to delete vjfc`；日志路径：系统日志文件（URMA_LOG_PATH）,函数负责释放或撤销虚拟 JFC相关资源，下层provider、驱动或引用状态返回失败，可能残留已创建的URMA资源。,无
urma_594,URMA,物理 JFC清理阶段下层释放操作失败,关键日志：匹配`bondp_delete_jfc`，匹配`Failed to delete pjfc`；日志路径：系统日志文件（URMA_LOG_PATH）,函数负责释放或撤销物理 JFC相关资源，下层provider、驱动或引用状态返回失败，可能残留已创建的URMA资源。,无
urma_595,URMA,物理 JFS清理阶段下层释放操作失败,"关键日志：匹配`bondp_delete_pjfs`，匹配`Failed to delete pjfs`，匹配`, ret:`；日志路径：系统日志文件（URMA_LOG_PATH）",函数负责释放或撤销物理 JFS相关资源，下层provider、驱动或引用状态返回失败，可能残留已创建的URMA资源。,无
urma_596,URMA,JFS清理阶段下层释放操作失败,"关键日志：匹配`bondp_delete_jfs`，匹配`Failed to delete jfs[`，匹配`], still in use. use_cnt:`，匹配`u`；日志路径：系统日志文件（URMA_LOG_PATH）",函数负责释放或撤销JFS相关资源，下层provider、驱动或引用状态返回失败，可能残留已创建的URMA资源。,无
urma_597,URMA,虚拟 JFS清理阶段下层释放操作失败,关键日志：匹配`bondp_delete_jfs`，匹配`Failed to delete vjfs`；日志路径：系统日志文件（URMA_LOG_PATH）,函数负责释放或撤销虚拟 JFS相关资源，下层provider、驱动或引用状态返回失败，可能残留已创建的URMA资源。,无
urma_598,URMA,物理 JFS清理阶段下层释放操作失败,关键日志：匹配`bondp_delete_jfs`，匹配`Failed to delete pjfs`；日志路径：系统日志文件（URMA_LOG_PATH）,函数负责释放或撤销物理 JFS相关资源，下层provider、驱动或引用状态返回失败，可能残留已创建的URMA资源。,无
urma_599,URMA,物理 JFR清理阶段下层释放操作失败,"关键日志：匹配`bondp_delete_pjfr`，匹配`Failed to delete pjfr`，匹配`, ret:`；日志路径：系统日志文件（URMA_LOG_PATH）",函数负责释放或撤销物理 JFR相关资源，下层provider、驱动或引用状态返回失败，可能残留已创建的URMA资源。,无
urma_600,URMA,JFR清理阶段下层释放操作失败,"关键日志：匹配`bondp_delete_jfr`，匹配`Failed to delete jfr[`，匹配`], still in use. use_cnt:`，匹配`u`；日志路径：系统日志文件（URMA_LOG_PATH）",函数负责释放或撤销JFR相关资源，下层provider、驱动或引用状态返回失败，可能残留已创建的URMA资源。,无
urma_601,URMA,虚拟 JFR清理阶段下层释放操作失败,关键日志：匹配`bondp_delete_jfr`，匹配`Failed to delete_vjfr`；日志路径：系统日志文件（URMA_LOG_PATH）,函数负责释放或撤销虚拟 JFR相关资源，下层provider、驱动或引用状态返回失败，可能残留已创建的URMA资源。,无
urma_602,URMA,物理 JFR清理阶段下层释放操作失败,关键日志：匹配`bondp_delete_jfr`，匹配`Failed to delete pjfr`；日志路径：系统日志文件（URMA_LOG_PATH）,函数负责释放或撤销物理 JFR相关资源，下层provider、驱动或引用状态返回失败，可能残留已创建的URMA资源。,无
urma_603,URMA,context清理阶段下层释放操作失败,关键日志：匹配`bondp_delete_vcontext`，匹配`Failed to urma_cmd_delete_context`；日志路径：系统日志文件（URMA_LOG_PATH）,函数负责释放或撤销context相关资源，下层provider、驱动或引用状态返回失败，可能残留已创建的URMA资源。,无
urma_604,URMA,设备清理阶段下层释放操作失败,"关键日志：匹配`bondp_delete_pcontext`，匹配`Failed to delete pctx, idx:`，匹配`, ret:`；日志路径：系统日志文件（URMA_LOG_PATH）",函数负责释放或撤销设备相关资源，下层provider、驱动或引用状态返回失败，可能残留已创建的URMA资源。,无
urma_605,URMA,context清理阶段下层释放操作失败,关键日志：匹配`bondp_delete_context`，匹配`Failed to delete pcontext`；日志路径：系统日志文件（URMA_LOG_PATH）,函数负责释放或撤销context相关资源，下层provider、驱动或引用状态返回失败，可能残留已创建的URMA资源。,无
urma_606,URMA,context清理阶段下层释放操作失败,关键日志：匹配`bondp_delete_context`，匹配`Failed to delete vcontext`；日志路径：系统日志文件（URMA_LOG_PATH）,函数负责释放或撤销context相关资源，下层provider、驱动或引用状态返回失败，可能残留已创建的URMA资源。,无
urma_607,URMA,锁清理阶段下层释放操作失败,"关键日志：匹配`bondp_set_bonding_mode`，匹配`Failed to delete pctx when set bonding mode, ret:`；日志路径：系统日志文件（URMA_LOG_PATH）",函数负责释放或撤销锁相关资源，下层provider、驱动或引用状态返回失败，可能残留已创建的URMA资源。,无
urma_608,用户,删除URMA资源所需输入对象无效导致删除Segment失败,关键日志：匹配`bondp_delete_vseg`，匹配`invalid param.`；日志路径：系统日志文件（URMA_LOG_PATH）,函数用于删除Segment，调用方传入的删除URMA资源所需输入对象不满足接口前置条件，无法继续完成本次URMA操作。,无
urma_609,用户,URMA context无效导致删除context失败,关键日志：匹配`urma_cmd_delete_context`，匹配`Invalid parameter`；日志路径：系统日志文件（URMA_LOG_PATH）,函数用于删除context，调用方传入的URMA context不满足接口前置条件，无法继续完成本次URMA操作。,无
urma_610,用户,URMA context、JFS对象无效导致删除JFS失败,关键日志：匹配`urma_cmd_delete_jfs`，匹配`Invalid parameter`；日志路径：系统日志文件（URMA_LOG_PATH）,函数用于删除JFS，调用方传入的URMA context、JFS对象不满足接口前置条件，无法继续完成本次URMA操作。,无
urma_611,硬件,删除ioctl的ioctl调用返回失败,"关键日志：匹配`urma_cmd_delete_jfs`，匹配`ioctl failed, ret:`，匹配`, errno:`；日志路径：系统日志文件（URMA_LOG_PATH）",函数通过ioctl向URMA内核驱动提交删除ioctl请求，驱动返回错误或系统调用失败，用户态无法获得预期的驱动处理结果。,无
urma_612,用户,JFS对象无效导致删除JFS失败,关键日志：匹配`urma_cmd_delete_jfs_batch`，匹配`Invalid parameter`；日志路径：系统日志文件（URMA_LOG_PATH）,函数用于删除JFS，调用方传入的JFS对象不满足接口前置条件，无法继续完成本次URMA操作。,无
urma_613,用户,URMA context、JFS对象无效导致删除JFS失败,"关键日志：匹配`urma_cmd_delete_jfs_batch`，匹配`Invalid parameter, index:`；日志路径：系统日志文件（URMA_LOG_PATH）",函数用于删除JFS，调用方传入的URMA context、JFS对象不满足接口前置条件，无法继续完成本次URMA操作。,无
urma_614,用户,URMA context、JFS对象无效导致删除JFS失败,关键日志：匹配`urma_cmd_delete_jfs_batch`，匹配`Invalid parameter`；日志路径：系统日志文件（URMA_LOG_PATH）,函数用于删除JFS，调用方传入的URMA context、JFS对象不满足接口前置条件，无法继续完成本次URMA操作。,无
urma_615,URMA,JFS清理阶段下层释放操作失败,"关键日志：匹配`urma_cmd_delete_jfs_batch`，匹配`jfs not from the same dev, cannot delete in a batch, index:`；日志路径：系统日志文件（URMA_LOG_PATH）",函数负责释放或撤销JFS相关资源，下层provider、驱动或引用状态返回失败，可能残留已创建的URMA资源。,无
urma_616,硬件,删除ioctl的ioctl调用返回失败,"关键日志：匹配`urma_cmd_delete_jfs_batch`，匹配`ioctl failed in urma_cmd_delete_jfs_batch , ret:`，匹配`, errno:`；日志路径：系统日志文件（URMA_LOG_PATH）",函数通过ioctl向URMA内核驱动提交删除ioctl请求，驱动返回错误或系统调用失败，用户态无法获得预期的驱动处理结果。,无
urma_617,URMA,删除JFS过程中依赖步骤失败,"关键日志：匹配`urma_cmd_delete_jfs_batch`，匹配`bad jfs index exceed array length, bad_jfs_index:`；日志路径：系统日志文件（URMA_LOG_PATH）",函数用于删除JFS，执行过程中依赖的参数校验、状态转换、下层provider调用或系统资源处理未成功，导致本次URMA操作失败。,无
urma_618,用户,URMA context、JFS对象无效导致释放JFS失败,关键日志：匹配`urma_cmd_free_jfs`，匹配`Invalid parameter`；日志路径：系统日志文件（URMA_LOG_PATH）,函数用于释放JFS，调用方传入的URMA context、JFS对象不满足接口前置条件，无法继续完成本次URMA操作。,无
urma_619,硬件,释放ioctl的ioctl调用返回失败,"关键日志：匹配`urma_cmd_free_jfs`，匹配`ioctl failed in urma_cmd_free_jfs , ret:`，匹配`, errno:`；日志路径：系统日志文件（URMA_LOG_PATH）",函数通过ioctl向URMA内核驱动提交释放ioctl请求，驱动返回错误或系统调用失败，用户态无法获得预期的驱动处理结果。,无
urma_620,用户,URMA context、JFR对象无效导致删除JFR失败,关键日志：匹配`urma_cmd_delete_jfr`，匹配`Invalid parameter`；日志路径：系统日志文件（URMA_LOG_PATH）,函数用于删除JFR，调用方传入的URMA context、JFR对象不满足接口前置条件，无法继续完成本次URMA操作。,无
urma_621,硬件,删除ioctl的ioctl调用返回失败,"关键日志：匹配`urma_cmd_delete_jfr`，匹配`ioctl failed in urma_cmd_delete_jfr, ret:`，匹配`, errno:`；日志路径：系统日志文件（URMA_LOG_PATH）",函数通过ioctl向URMA内核驱动提交删除ioctl请求，驱动返回错误或系统调用失败，用户态无法获得预期的驱动处理结果。,无
urma_622,用户,JFR对象无效导致删除JFR失败,关键日志：匹配`urma_cmd_delete_jfr_batch`，匹配`Invalid parameter.`；日志路径：系统日志文件（URMA_LOG_PATH）,函数用于删除JFR，调用方传入的JFR对象不满足接口前置条件，无法继续完成本次URMA操作。,无
urma_623,用户,URMA context、JFR对象无效导致删除JFR失败,"关键日志：匹配`urma_cmd_delete_jfr_batch`，匹配`Invalid parameter, index:`；日志路径：系统日志文件（URMA_LOG_PATH）",函数用于删除JFR，调用方传入的URMA context、JFR对象不满足接口前置条件，无法继续完成本次URMA操作。,无
urma_624,用户,URMA context、JFR对象无效导致删除JFR失败,关键日志：匹配`urma_cmd_delete_jfr_batch`，匹配`Invalid parameter.`；日志路径：系统日志文件（URMA_LOG_PATH）,函数用于删除JFR，调用方传入的URMA context、JFR对象不满足接口前置条件，无法继续完成本次URMA操作。,无
urma_625,URMA,JFR清理阶段下层释放操作失败,"关键日志：匹配`urma_cmd_delete_jfr_batch`，匹配`jfr not from the same dev, cannot delete in a batch, index:`；日志路径：系统日志文件（URMA_LOG_PATH）",函数负责释放或撤销JFR相关资源，下层provider、驱动或引用状态返回失败，可能残留已创建的URMA资源。,无
urma_626,硬件,删除ioctl的ioctl调用返回失败,"关键日志：匹配`urma_cmd_delete_jfr_batch`，匹配`ioctl failed in urma_cmd_delete_jfr_batch , ret:`，匹配`, errno:`；日志路径：系统日志文件（URMA_LOG_PATH）",函数通过ioctl向URMA内核驱动提交删除ioctl请求，驱动返回错误或系统调用失败，用户态无法获得预期的驱动处理结果。,无
urma_627,URMA,删除JFR过程中依赖步骤失败,"关键日志：匹配`urma_cmd_delete_jfr_batch`，匹配`bad jfr index exceed array length, bad_jfr_index:`；日志路径：系统日志文件（URMA_LOG_PATH）",函数用于删除JFR，执行过程中依赖的参数校验、状态转换、下层provider调用或系统资源处理未成功，导致本次URMA操作失败。,无
urma_628,用户,URMA context无效导致删除JFC失败,关键日志：匹配`urma_cmd_delete_jfc`，匹配`Invalid parameter`；日志路径：系统日志文件（URMA_LOG_PATH）,函数用于删除JFC，调用方传入的URMA context不满足接口前置条件，无法继续完成本次URMA操作。,无
urma_629,硬件,删除ioctl的ioctl调用返回失败,"关键日志：匹配`urma_cmd_delete_jfc`，匹配`ioctl failed in urma_cmd_delete_jfc , ret:`，匹配`, errno:`；日志路径：系统日志文件（URMA_LOG_PATH）",函数通过ioctl向URMA内核驱动提交删除ioctl请求，驱动返回错误或系统调用失败，用户态无法获得预期的驱动处理结果。,无
urma_630,URMA,删除JFC过程中依赖步骤失败,"关键日志：匹配`urma_cmd_delete_jfc`，匹配`There is jfc event and it must be acked, jfc_comp:`，匹配`, comp:`，匹配`, jfc_async:`，匹配`, async:`；日志路径：系统日志文件（URMA_LOG_PATH）",函数用于删除JFC，执行过程中依赖的参数校验、状态转换、下层provider调用或系统资源处理未成功，导致本次URMA操作失败。,无
urma_631,用户,删除JFC所需输入对象无效导致删除JFC失败,关键日志：匹配`urma_cmd_delete_jfc_batch`，匹配`Invalid parameter`；日志路径：系统日志文件（URMA_LOG_PATH）,函数用于删除JFC，调用方传入的删除JFC所需输入对象不满足接口前置条件，无法继续完成本次URMA操作。,无
urma_632,用户,URMA context无效导致删除JFC失败,"关键日志：匹配`urma_cmd_delete_jfc_batch`，匹配`Invalid parameter, index:`；日志路径：系统日志文件（URMA_LOG_PATH）",函数用于删除JFC，调用方传入的URMA context不满足接口前置条件，无法继续完成本次URMA操作。,无
urma_633,用户,URMA context无效导致删除JFC失败,关键日志：匹配`urma_cmd_delete_jfc_batch`，匹配`Invalid parameter`；日志路径：系统日志文件（URMA_LOG_PATH）,函数用于删除JFC，调用方传入的URMA context不满足接口前置条件，无法继续完成本次URMA操作。,无
urma_634,URMA,JFC清理阶段下层释放操作失败,"关键日志：匹配`urma_cmd_delete_jfc_batch`，匹配`jfc not from the same dev, cannot delete in a batch, index:`；日志路径：系统日志文件（URMA_LOG_PATH）",函数负责释放或撤销JFC相关资源，下层provider、驱动或引用状态返回失败，可能残留已创建的URMA资源。,无
urma_635,硬件,删除ioctl的ioctl调用返回失败,"关键日志：匹配`urma_cmd_delete_jfc_batch`，匹配`ioctl failed in urma_cmd_delete_jfc_batch , ret:`，匹配`, errno:`；日志路径：系统日志文件（URMA_LOG_PATH）",函数通过ioctl向URMA内核驱动提交删除ioctl请求，驱动返回错误或系统调用失败，用户态无法获得预期的驱动处理结果。,无
urma_636,URMA,删除JFC过程中依赖步骤失败,"关键日志：匹配`urma_cmd_delete_jfc_batch`，匹配`bad jfc index exceed array length, bad_jfc_index:`；日志路径：系统日志文件（URMA_LOG_PATH）",函数用于删除JFC，执行过程中依赖的参数校验、状态转换、下层provider调用或系统资源处理未成功，导致本次URMA操作失败。,无
urma_637,用户,URMA context无效导致释放JFC失败,关键日志：匹配`urma_cmd_free_jfc`，匹配`Invalid parameter`；日志路径：系统日志文件（URMA_LOG_PATH）,函数用于释放JFC，调用方传入的URMA context不满足接口前置条件，无法继续完成本次URMA操作。,无
urma_638,硬件,删除ioctl的ioctl调用返回失败,"关键日志：匹配`urma_cmd_free_jfc`，匹配`ioctl failed in urma_cmd_delete_jfc , ret:`，匹配`, errno:`；日志路径：系统日志文件（URMA_LOG_PATH）",函数通过ioctl向URMA内核驱动提交删除ioctl请求，驱动返回错误或系统调用失败，用户态无法获得预期的驱动处理结果。,无
urma_639,URMA,释放JFC过程中依赖步骤失败,"关键日志：匹配`urma_cmd_free_jfc`，匹配`There is jfc event and it must be acked, jfc_comp:`，匹配`, comp:`，匹配`, jfc_async:`，匹配`, async:`；日志路径：系统日志文件（URMA_LOG_PATH）",函数用于释放JFC，执行过程中依赖的参数校验、状态转换、下层provider调用或系统资源处理未成功，导致本次URMA操作失败。,无
urma_640,用户,URMA context、JFR对象无效导致释放JFR失败,关键日志：匹配`urma_cmd_free_jfr`，匹配`Invalid parameter`；日志路径：系统日志文件（URMA_LOG_PATH）,函数用于释放JFR，调用方传入的URMA context、JFR对象不满足接口前置条件，无法继续完成本次URMA操作。,无
urma_641,硬件,删除ioctl的ioctl调用返回失败,"关键日志：匹配`urma_cmd_free_jfr`，匹配`ioctl failed in urma_cmd_delete_jfr , ret:`，匹配`, errno:`；日志路径：系统日志文件（URMA_LOG_PATH）",函数通过ioctl向URMA内核驱动提交删除ioctl请求，驱动返回错误或系统调用失败，用户态无法获得预期的驱动处理结果。,无
urma_642,用户,URMA context、provider操作表无效导致释放JFC失败,关键日志：匹配`urma_free_jfc`，匹配`Invalid parameter.`；日志路径：系统日志文件（URMA_LOG_PATH）,函数用于释放JFC，调用方传入的URMA context、provider操作表不满足接口前置条件，无法继续完成本次URMA操作。,无
urma_643,URMA,释放JFC过程中依赖步骤失败,"关键日志：匹配`urma_free_jfc`，匹配`jfc still actived, please deactived first`；日志路径：系统日志文件（URMA_LOG_PATH）",函数用于释放JFC，执行过程中依赖的参数校验、状态转换、下层provider调用或系统资源处理未成功，导致本次URMA操作失败。,无
urma_644,用户,URMA context、provider操作表、provider未提供free_jfc操作实现无效导致释放JFC失败,关键日志：匹配`urma_free_jfc`，匹配`Invalid parameter.`；日志路径：系统日志文件（URMA_LOG_PATH）,函数用于释放JFC，调用方传入的URMA context、provider操作表、provider未提供free_jfc操作实现不满足接口前置条件，无法继续完成本次URMA操作。,无
urma_645,用户,URMA context、provider操作表无效导致删除JFC失败,关键日志：匹配`urma_delete_jfc`，匹配`Invalid parameter.`；日志路径：系统日志文件（URMA_LOG_PATH）,函数用于删除JFC，调用方传入的URMA context、provider操作表不满足接口前置条件，无法继续完成本次URMA操作。,无
urma_646,URMA,JFC清理阶段下层释放操作失败,"关键日志：匹配`urma_delete_jfc`，匹配`jfc is deactived, can not delete.`；日志路径：系统日志文件（URMA_LOG_PATH）",函数负责释放或撤销JFC相关资源，下层provider、驱动或引用状态返回失败，可能残留已创建的URMA资源。,无
urma_647,用户,URMA context、provider操作表、provider未提供delete_jfc操作实现无效导致删除JFC失败,关键日志：匹配`urma_delete_jfc`，匹配`Invalid parameter.`；日志路径：系统日志文件（URMA_LOG_PATH）,函数用于删除JFC，调用方传入的URMA context、provider操作表、provider未提供delete_jfc操作实现不满足接口前置条件，无法继续完成本次URMA操作。,无
urma_648,URMA,JFC清理阶段下层释放操作失败,"关键日志：匹配`urma_delete_jfc`，匹配`[DRV_ERR]Failed to delete jfc, dev_name:`，匹配`, eid_idx:`，匹配`, id:`，匹配`, ret:`；日志路径：系统日志文件（URMA_LOG_PATH）",函数负责释放或撤销JFC相关资源，下层provider、驱动或引用状态返回失败，可能残留已创建的URMA资源。,无
urma_649,用户,URMA context、provider操作表无效导致删除JFC失败,关键日志：匹配`urma_delete_jfc_batch`，匹配`Invalid parameter.`；日志路径：系统日志文件（URMA_LOG_PATH）,函数用于删除JFC，调用方传入的URMA context、provider操作表不满足接口前置条件，无法继续完成本次URMA操作。,无
urma_650,用户,删除JFC所需输入对象无效导致删除JFC失败,"关键日志：匹配`urma_delete_jfc_batch`，匹配`Invalid parameter,`，匹配`jfc in the array is NULL.`；日志路径：系统日志文件（URMA_LOG_PATH）",函数用于删除JFC，调用方传入的删除JFC所需输入对象不满足接口前置条件，无法继续完成本次URMA操作。,无
urma_651,用户,URMA context、设备对象、sysfs设备信息、provider操作表无效导致删除JFC失败,"关键日志：匹配`urma_delete_jfc_batch`，匹配`Invalid parameter, index:`；日志路径：系统日志文件（URMA_LOG_PATH）",函数用于删除JFC，调用方传入的URMA context、设备对象、sysfs设备信息、provider操作表不满足接口前置条件，无法继续完成本次URMA操作。,无
urma_652,用户,URMA context、provider操作表、JFS对象无效导致释放JFS失败,关键日志：匹配`urma_free_jfs`，匹配`Invalid parameter.`；日志路径：系统日志文件（URMA_LOG_PATH）,函数用于释放JFS，调用方传入的URMA context、provider操作表、JFS对象不满足接口前置条件，无法继续完成本次URMA操作。,无
urma_653,URMA,释放JFS过程中依赖步骤失败,"关键日志：匹配`urma_free_jfs`，匹配`jfs still actived, please deactived first`；日志路径：系统日志文件（URMA_LOG_PATH）",函数用于释放JFS，执行过程中依赖的参数校验、状态转换、下层provider调用或系统资源处理未成功，导致本次URMA操作失败。,无
urma_654,用户,URMA context、provider操作表、JFS对象、provider未提供free_jfs操作实现无效导致释放JFS失败,关键日志：匹配`urma_free_jfs`，匹配`Invalid parameter.`；日志路径：系统日志文件（URMA_LOG_PATH）,函数用于释放JFS，调用方传入的URMA context、provider操作表、JFS对象、provider未提供free_jfs操作实现不满足接口前置条件，无法继续完成本次URMA操作。,无
urma_655,URMA,JFS清理阶段下层释放操作失败,关键日志：匹配`urma_free_jfs`，匹配`Failed to free jfs.`；日志路径：系统日志文件（URMA_LOG_PATH）,函数负责释放或撤销JFS相关资源，下层provider、驱动或引用状态返回失败，可能残留已创建的URMA资源。,无
urma_656,用户,URMA context、JFS对象无效导致删除JFS失败,关键日志：匹配`urma_delete_jfs`，匹配`Invalid parameter.`；日志路径：系统日志文件（URMA_LOG_PATH）,函数用于删除JFS，调用方传入的URMA context、JFS对象不满足接口前置条件，无法继续完成本次URMA操作。,无
urma_657,URMA,JFS清理阶段下层释放操作失败,"关键日志：匹配`urma_delete_jfs`，匹配`jfs is deactived, can not delete.`；日志路径：系统日志文件（URMA_LOG_PATH）",函数负责释放或撤销JFS相关资源，下层provider、驱动或引用状态返回失败，可能残留已创建的URMA资源。,无
urma_658,用户,URMA context、provider操作表、JFS对象、provider未提供delete_jfs操作实现无效导致删除JFS失败,关键日志：匹配`urma_delete_jfs`，匹配`Invalid parameter.`；日志路径：系统日志文件（URMA_LOG_PATH）,函数用于删除JFS，调用方传入的URMA context、provider操作表、JFS对象、provider未提供delete_jfs操作实现不满足接口前置条件，无法继续完成本次URMA操作。,无
urma_659,URMA,JFS清理阶段下层释放操作失败,"关键日志：匹配`urma_delete_jfs`，匹配`[DRV_ERR]Failed to delete jfs, dev_name:`，匹配`, eid_idx:`，匹配`, id:`，匹配`, ret:`；日志路径：系统日志文件（URMA_LOG_PATH）",函数负责释放或撤销JFS相关资源，下层provider、驱动或引用状态返回失败，可能残留已创建的URMA资源。,无
urma_660,用户,URMA context、provider操作表、JFS对象无效导致删除JFS失败,关键日志：匹配`urma_delete_jfs_batch`，匹配`Invalid parameter.`；日志路径：系统日志文件（URMA_LOG_PATH）,函数用于删除JFS，调用方传入的URMA context、provider操作表、JFS对象不满足接口前置条件，无法继续完成本次URMA操作。,无
urma_661,用户,JFS对象无效导致删除JFS失败,"关键日志：匹配`urma_delete_jfs_batch`，匹配`Invalid parameter, index:`，匹配`jfs in the array is NULL.`；日志路径：系统日志文件（URMA_LOG_PATH）",函数用于删除JFS，调用方传入的JFS对象不满足接口前置条件，无法继续完成本次URMA操作。,无
urma_662,用户,URMA context、设备对象、sysfs设备信息、provider操作表、JFS对象无效导致删除JFS失败,"关键日志：匹配`urma_delete_jfs_batch`，匹配`Invalid parameter, index:`；日志路径：系统日志文件（URMA_LOG_PATH）",函数用于删除JFS，调用方传入的URMA context、设备对象、sysfs设备信息、provider操作表、JFS对象不满足接口前置条件，无法继续完成本次URMA操作。,无
urma_663,URMA,JFS清理阶段下层释放操作失败,关键日志：匹配`urma_delete_jfs_batch`，匹配`Failed to delete jfs batch.`；日志路径：系统日志文件（URMA_LOG_PATH）,函数负责释放或撤销JFS相关资源，下层provider、驱动或引用状态返回失败，可能残留已创建的URMA资源。,无
urma_664,用户,URMA context、provider操作表、JFR对象无效导致释放JFR失败,关键日志：匹配`urma_free_jfr`，匹配`Invalid parameter.`；日志路径：系统日志文件（URMA_LOG_PATH）,函数用于释放JFR，调用方传入的URMA context、provider操作表、JFR对象不满足接口前置条件，无法继续完成本次URMA操作。,无
urma_665,URMA,释放JFR过程中依赖步骤失败,"关键日志：匹配`urma_free_jfr`，匹配`jfr still actived, please deactived first`；日志路径：系统日志文件（URMA_LOG_PATH）",函数用于释放JFR，执行过程中依赖的参数校验、状态转换、下层provider调用或系统资源处理未成功，导致本次URMA操作失败。,无
urma_666,用户,URMA context、provider操作表、JFR对象、provider未提供free_jfr操作实现无效导致释放JFR失败,关键日志：匹配`urma_free_jfr`，匹配`Invalid parameter.`；日志路径：系统日志文件（URMA_LOG_PATH）,函数用于释放JFR，调用方传入的URMA context、provider操作表、JFR对象、provider未提供free_jfr操作实现不满足接口前置条件，无法继续完成本次URMA操作。,无
urma_667,URMA,JFR清理阶段下层释放操作失败,关键日志：匹配`urma_free_jfr`，匹配`Failed to free jfr.`；日志路径：系统日志文件（URMA_LOG_PATH）,函数负责释放或撤销JFR相关资源，下层provider、驱动或引用状态返回失败，可能残留已创建的URMA资源。,无
urma_668,用户,URMA context、JFR对象无效导致删除JFR失败,关键日志：匹配`urma_delete_jfr`，匹配`Invalid parameter.`；日志路径：系统日志文件（URMA_LOG_PATH）,函数用于删除JFR，调用方传入的URMA context、JFR对象不满足接口前置条件，无法继续完成本次URMA操作。,无
urma_669,URMA,JFR清理阶段下层释放操作失败,"关键日志：匹配`urma_delete_jfr`，匹配`jfr is deactived, can not delete.`；日志路径：系统日志文件（URMA_LOG_PATH）",函数负责释放或撤销JFR相关资源，下层provider、驱动或引用状态返回失败，可能残留已创建的URMA资源。,无
urma_670,用户,URMA context、provider操作表、JFR对象、provider未提供delete_jfr操作实现无效导致删除JFR失败,关键日志：匹配`urma_delete_jfr`，匹配`Invalid parameter.`；日志路径：系统日志文件（URMA_LOG_PATH）,函数用于删除JFR，调用方传入的URMA context、provider操作表、JFR对象、provider未提供delete_jfr操作实现不满足接口前置条件，无法继续完成本次URMA操作。,无
urma_671,URMA,JFR清理阶段下层释放操作失败,"关键日志：匹配`urma_delete_jfr`，匹配`[DRV_ERR]Failed to delete jfr, dev_name:`，匹配`, eid_idx:`，匹配`, id:`，匹配`, status:`；日志路径：系统日志文件（URMA_LOG_PATH）",函数负责释放或撤销JFR相关资源，下层provider、驱动或引用状态返回失败，可能残留已创建的URMA资源。,无
urma_672,用户,URMA context、provider操作表、JFR对象无效导致删除JFR失败,关键日志：匹配`urma_delete_jfr_batch`，匹配`Invalid parameter.`；日志路径：系统日志文件（URMA_LOG_PATH）,函数用于删除JFR，调用方传入的URMA context、provider操作表、JFR对象不满足接口前置条件，无法继续完成本次URMA操作。,无
urma_673,用户,JFR对象无效导致删除JFR失败,"关键日志：匹配`urma_delete_jfr_batch`，匹配`Invalid parameter, index:`，匹配`jfr in the array is NULL.`；日志路径：系统日志文件（URMA_LOG_PATH）",函数用于删除JFR，调用方传入的JFR对象不满足接口前置条件，无法继续完成本次URMA操作。,无
urma_674,用户,URMA context、设备对象、sysfs设备信息、provider操作表、JFR对象无效导致删除JFR失败,"关键日志：匹配`urma_delete_jfr_batch`，匹配`Invalid parameter, index:`；日志路径：系统日志文件（URMA_LOG_PATH）",函数用于删除JFR，调用方传入的URMA context、设备对象、sysfs设备信息、provider操作表、JFR对象不满足接口前置条件，无法继续完成本次URMA操作。,无
urma_675,URMA,JFR清理阶段下层释放操作失败,关键日志：匹配`urma_delete_jfr_batch`，匹配`Failed to delete jfr batch.`；日志路径：系统日志文件（URMA_LOG_PATH）,函数负责释放或撤销JFR相关资源，下层provider、驱动或引用状态返回失败，可能残留已创建的URMA资源。,无
urma_676,用户,URMA context、设备对象无效导致删除JFCE失败,关键日志：匹配`urma_delete_jfce`，匹配`Invalid parameter.`；日志路径：系统日志文件（URMA_LOG_PATH）,函数用于删除JFCE，调用方传入的URMA context、设备对象不满足接口前置条件，无法继续完成本次URMA操作。,当前不会触发
urma_677,URMA,删除JFCE过程中依赖步骤失败,"关键日志：匹配`urma_delete_jfce`，匹配`Jfce is still used by at least one jfc, refcnt:`；日志路径：系统日志文件（URMA_LOG_PATH）",函数用于删除JFCE，执行过程中依赖的参数校验、状态转换、下层provider调用或系统资源处理未成功，导致本次URMA操作失败。,当前不会触发
urma_678,用户,URMA context、provider操作表、provider未提供delete_jfce操作实现无效导致删除JFCE失败,关键日志：匹配`urma_delete_jfce`，匹配`Invalid parameter.`；日志路径：系统日志文件（URMA_LOG_PATH）,函数用于删除JFCE，调用方传入的URMA context、provider操作表、provider未提供delete_jfce操作实现不满足接口前置条件，无法继续完成本次URMA操作。,当前不会触发
urma_679,URMA,JFCE清理阶段下层释放操作失败,"关键日志：匹配`urma_delete_jfce`，匹配`[DRV_ERR]Failed to delete jfce, ret:`；日志路径：系统日志文件（URMA_LOG_PATH）",函数负责释放或撤销JFCE相关资源，下层provider、驱动或引用状态返回失败，可能残留已创建的URMA资源。,当前不会触发
urma_680,用户,URMA context、provider操作表无效导致删除Notifier失败,关键日志：匹配`urma_delete_notifier`，匹配`Invalid parameter.`；日志路径：系统日志文件（URMA_LOG_PATH）,函数用于删除Notifier，调用方传入的URMA context、provider操作表不满足接口前置条件，无法继续完成本次URMA操作。,无
urma_681,用户,URMA context、provider操作表、provider未提供delete_notifier操作实现无效导致删除Notifier失败,关键日志：匹配`urma_delete_notifier`，匹配`Invalid parameter.`；日志路径：系统日志文件（URMA_LOG_PATH）,函数用于删除Notifier，调用方传入的URMA context、provider操作表、provider未提供delete_notifier操作实现不满足接口前置条件，无法继续完成本次URMA操作。,无
urma_682,用户,URMA context、provider操作表、provider未提供ack_notify操作实现无效导致删除Notifier失败,关键日志：匹配`urma_delete_notifier`，匹配`Invalid parameter.`；日志路径：系统日志文件（URMA_LOG_PATH）,函数用于删除Notifier，调用方传入的URMA context、provider操作表、provider未提供ack_notify操作实现不满足接口前置条件，无法继续完成本次URMA操作。,无
urma_683,URMA,Notifier清理阶段下层释放操作失败,"关键日志：匹配`urma_delete_notifier`，匹配`Failed to delete notifier, ret:`；日志路径：系统日志文件（URMA_LOG_PATH）",函数负责释放或撤销Notifier相关资源，下层provider、驱动或引用状态返回失败，可能残留已创建的URMA资源。,无
urma_684,用户,释放URMA资源所需输入对象无效导致释放URMA资源失败,关键日志：匹配`urma_free_net_addr_list`，匹配`Invalid parameter.`；日志路径：系统日志文件（URMA_LOG_PATH）,函数用于释放URMA资源，调用方传入的释放URMA资源所需输入对象不满足接口前置条件，无法继续完成本次URMA操作。,无
urma_685,URMA,释放EID过程中依赖步骤失败,关键日志：匹配`urma_free_device_list`，匹配`max eid cnt`，匹配`is err`；日志路径：系统日志文件（URMA_LOG_PATH）,函数用于释放EID，执行过程中依赖的参数校验、状态转换、下层provider调用或系统资源处理未成功，导致本次URMA操作失败。,无
urma_686,URMA,URMA context、设备对象、provider操作表无效导致删除context失败,关键日志：匹配`urma_delete_context`，匹配`Invalid parameter.`；日志路径：系统日志文件（URMA_LOG_PATH）；向下级匹配。,向下级匹配。,向下级匹配。
urma_687,URMA,设置文件描述符过程中依赖步骤失败,关键日志：匹配`set_fd_noblock`，匹配`flags:`；日志路径：系统日志文件（URMA_LOG_PATH）,函数用于设置文件描述符，执行过程中依赖的参数校验、状态转换、下层provider调用或系统资源处理未成功，导致本次URMA操作失败。,无
urma_688,URMA,设置文件描述符过程中依赖步骤失败,关键日志：匹配`set_fd_noblock`，匹配`ret:`；日志路径：系统日志文件（URMA_LOG_PATH）,函数用于设置文件描述符，执行过程中依赖的参数校验、状态转换、下层provider调用或系统资源处理未成功，导致本次URMA操作失败。,无
urma_689,硬件,修改ioctl的ioctl调用返回失败,"关键日志：匹配`urma_cmd_modify_jfs`，匹配`ioctl failed in urma_cmd_modify_jfs, ret:`，匹配`, errno:`；日志路径：系统日志文件（URMA_LOG_PATH）",函数通过ioctl向URMA内核驱动提交修改ioctl请求，驱动返回错误或系统调用失败，用户态无法获得预期的驱动处理结果。,无
urma_690,硬件,设置ioctl的ioctl调用返回失败,"关键日志：匹配`urma_cmd_set_jfs_opt`，匹配`ioctl failed in urma_cmd_set_jfs_opt, ret:`，匹配`, errno:`；日志路径：系统日志文件（URMA_LOG_PATH）",函数通过ioctl向URMA内核驱动提交设置ioctl请求，驱动返回错误或系统调用失败，用户态无法获得预期的驱动处理结果。,无
urma_691,硬件,激活ioctl的ioctl调用返回失败,"关键日志：匹配`urma_cmd_active_jfs`，匹配`ioctl failed in urma_cmd_active_jfs, ret:`，匹配`, errno:`；日志路径：系统日志文件（URMA_LOG_PATH）",函数通过ioctl向URMA内核驱动提交激活ioctl请求，驱动返回错误或系统调用失败，用户态无法获得预期的驱动处理结果。,无
urma_692,硬件,去激活ioctl的ioctl调用返回失败,"关键日志：匹配`urma_cmd_deactive_jfs`，匹配`ioctl failed in urma_cmd_deactive_jfs, ret:`，匹配`, errno:`；日志路径：系统日志文件（URMA_LOG_PATH）",函数通过ioctl向URMA内核驱动提交去激活ioctl请求，驱动返回错误或系统调用失败，用户态无法获得预期的驱动处理结果。,无
urma_693,硬件,修改ioctl的ioctl调用返回失败,"关键日志：匹配`urma_cmd_modify_jfr`，匹配`ioctl failed in urma_cmd_modify_jfr, ret:`，匹配`, errno:`；日志路径：系统日志文件（URMA_LOG_PATH）",函数通过ioctl向URMA内核驱动提交修改ioctl请求，驱动返回错误或系统调用失败，用户态无法获得预期的驱动处理结果。,无
urma_694,硬件,修改ioctl的ioctl调用返回失败,"关键日志：匹配`urma_cmd_modify_jfc`，匹配`ioctl failed in urma_cmd_modify_jfc, ret:`，匹配`, errno:`；日志路径：系统日志文件（URMA_LOG_PATH）",函数通过ioctl向URMA内核驱动提交修改ioctl请求，驱动返回错误或系统调用失败，用户态无法获得预期的驱动处理结果。,无
urma_695,硬件,设置ioctl的ioctl调用返回失败,"关键日志：匹配`urma_cmd_set_jfc_opt`，匹配`ioctl failed in urma_cmd_set_jfc_opt, ret:`，匹配`, errno:`；日志路径：系统日志文件（URMA_LOG_PATH）",函数通过ioctl向URMA内核驱动提交设置ioctl请求，驱动返回错误或系统调用失败，用户态无法获得预期的驱动处理结果。,无
urma_696,硬件,激活ioctl的ioctl调用返回失败,"关键日志：匹配`urma_cmd_active_jfc`，匹配`ioctl failed in urma_cmd_active_jfc, ret:`，匹配`, errno:`；日志路径：系统日志文件（URMA_LOG_PATH）",函数通过ioctl向URMA内核驱动提交激活ioctl请求，驱动返回错误或系统调用失败，用户态无法获得预期的驱动处理结果。,无
urma_697,硬件,激活ioctl的ioctl调用返回失败,"关键日志：匹配`urma_cmd_deactive_jfc`，匹配`ioctl failed in urma_cmd_active_jfc, ret:`，匹配`, errno:`；日志路径：系统日志文件（URMA_LOG_PATH）",函数通过ioctl向URMA内核驱动提交激活ioctl请求，驱动返回错误或系统调用失败，用户态无法获得预期的驱动处理结果。,无
urma_698,硬件,设置ioctl的ioctl调用返回失败,"关键日志：匹配`urma_cmd_set_jfr_opt`，匹配`ioctl failed in urma_cmd_set_jfr_opt, ret:`，匹配`, errno:`；日志路径：系统日志文件（URMA_LOG_PATH）",函数通过ioctl向URMA内核驱动提交设置ioctl请求，驱动返回错误或系统调用失败，用户态无法获得预期的驱动处理结果。,无
urma_699,硬件,激活ioctl的ioctl调用返回失败,"关键日志：匹配`urma_cmd_active_jfr`，匹配`ioctl failed in urma_cmd_active_jfr, ret:`，匹配`, errno:`；日志路径：系统日志文件（URMA_LOG_PATH）",函数通过ioctl向URMA内核驱动提交激活ioctl请求，驱动返回错误或系统调用失败，用户态无法获得预期的驱动处理结果。,无
urma_700,硬件,去激活ioctl的ioctl调用返回失败,"关键日志：匹配`urma_cmd_deactive_jfr`，匹配`ioctl failed in urma_cmd_deactive_jfr, ret:`，匹配`, errno:`；日志路径：系统日志文件（URMA_LOG_PATH）",函数通过ioctl向URMA内核驱动提交去激活ioctl请求，驱动返回错误或系统调用失败，用户态无法获得预期的驱动处理结果。,无
urma_701,URMA,等待JFC过程中依赖步骤失败,"关键日志：匹配`urma_cmd_wait_jfc`，匹配`Faile to wait jfc non-block, ret:`，匹配`, errno:`；日志路径：系统日志文件（URMA_LOG_PATH）",函数用于等待JFC，执行过程中依赖的参数校验、状态转换、下层provider调用或系统资源处理未成功，导致本次URMA操作失败。,无
urma_702,硬件,执行ioctl的ioctl调用返回失败,"关键日志：匹配`urma_tlv_ioctl`，匹配`ioctl failed, ret:`，匹配`, errno:`，匹配`, cmd:`，匹配`, kdrv_err:`；日志路径：系统日志文件（URMA_LOG_PATH）",函数通过ioctl向URMA内核驱动提交执行ioctl请求，驱动返回错误或系统调用失败，用户态无法获得预期的驱动处理结果。URMA内核态调用驱动异常，返回错误码2048，则容器中用户态日志出现ioctl失败，并且errno为特定的2048，故障发生在内核态驱动,UDMA驱动相关，需进一步排查硬件
urma_703,硬件,执行wait jfc驱动命令的ioctl调用返回失败,"关键日志：匹配`urma_ioctl_wait_jfc`，匹配`wait jfc ioctl failed, ret:`，匹配`, errno:`；日志路径：系统日志文件（URMA_LOG_PATH）",函数通过ioctl向URMA内核驱动提交执行wait jfc驱动命令请求，驱动返回错误或系统调用失败，用户态无法获得预期的驱动处理结果。,无
urma_704,硬件,执行wait notify驱动命令的ioctl调用返回失败,"关键日志：匹配`urma_ioctl_wait_notify`，匹配`wait notify ioctl failed, ret:`，匹配`, errno:`；日志路径：系统日志文件（URMA_LOG_PATH）",函数通过ioctl向URMA内核驱动提交执行wait notify驱动命令请求，驱动返回错误或系统调用失败，用户态无法获得预期的驱动处理结果。,无
urma_705,OS,设备、EID、端口、能力或字符设备路径信息的sysfs读取或解析失败,"关键日志：匹配`urma_discover_devices`，匹配`open failed, errno:`；日志路径：系统日志文件（URMA_LOG_PATH）",函数需要从sysfs获取设备、EID、端口、能力或字符设备路径信息来构建设备上下文，文件打开、读取或内容解析失败导致URMA无法完成设备发现或能力初始化。,无
urma_706,URMA,分配设备过程中依赖步骤失败,"关键日志：匹配`urma_discover_devices`，匹配`Failed close dir:`，匹配`, errno:`；日志路径：系统日志文件（URMA_LOG_PATH）",函数用于分配设备，执行过程中依赖的参数校验、状态转换、下层provider调用或系统资源处理未成功，导致本次URMA操作失败。,无
urma_707,URMA,打开URMA资源过程中依赖步骤失败,"关键日志：匹配`urma_open_drivers`，匹配`strrchr`，匹配`failed, errno:`；日志路径：系统日志文件（URMA_LOG_PATH）",函数用于打开URMA资源，执行过程中依赖的参数校验、状态转换、下层provider调用或系统资源处理未成功，导致本次URMA操作失败。,无
urma_708,URMA,打开字符设备过程中依赖步骤失败,关键日志：匹配`urma_open_cdev`，匹配`file_path:`，匹配`is not standardize.`；日志路径：系统日志文件（URMA_LOG_PATH）,函数用于打开字符设备，执行过程中依赖的参数校验、状态转换、下层provider调用或系统资源处理未成功，导致本次URMA操作失败。,无
urma_709,URMA,设置设备过程中依赖步骤失败,关键日志：匹配`urma_set_context_opt`，匹配`Cannot set aggregated mode for non-aggregated device.`；日志路径：系统日志文件（URMA_LOG_PATH）；向下级匹配。,向下级匹配。,向下级匹配。
urma_710,URMA,修改物理 JFC过程中依赖步骤失败,"关键日志：匹配`bondp_modify_jfc`，匹配`modify pjfc fail, index:`，匹配`, ret:`；日志路径：系统日志文件（URMA_LOG_PATH）",函数用于修改物理 JFC，执行过程中依赖的参数校验、状态转换、下层provider调用或系统资源处理未成功，导致本次URMA操作失败。,无
urma_711,用户,激活端口所需输入对象无效导致激活端口失败,关键日志：匹配`convert_bond_port_id_to_active_index`，匹配`Invalid primary chip_id:`；日志路径：系统日志文件（URMA_LOG_PATH）,函数用于激活端口，调用方传入的激活端口所需输入对象不满足接口前置条件，无法继续完成本次URMA操作。,无
urma_712,用户,激活端口所需输入对象无效导致激活端口失败,"关键日志：匹配`convert_bond_port_id_to_active_index`，匹配`Invalid port id, chip_id:`，匹配`, port_idx:`；日志路径：系统日志文件（URMA_LOG_PATH）",函数用于激活端口，调用方传入的激活端口所需输入对象不满足接口前置条件，无法继续完成本次URMA操作。,无
urma_713,用户,激活端口所需输入对象无效导致激活端口失败,关键日志：匹配`convert_bond_port_id_to_active_index`，匹配`Invalid converted active index:`；日志路径：系统日志文件（URMA_LOG_PATH）,函数用于激活端口，调用方传入的激活端口所需输入对象不满足接口前置条件，无法继续完成本次URMA操作。,无
urma_714,URMA,修改物理 JFS过程中依赖步骤失败,"关键日志：匹配`bondp_modify_jfs`，匹配`modify pjfs fail, index:`，匹配`, ret:`；日志路径：系统日志文件（URMA_LOG_PATH）",函数用于修改物理 JFS，执行过程中依赖的参数校验、状态转换、下层provider调用或系统资源处理未成功，导致本次URMA操作失败。,无
urma_715,URMA,修改物理 JFR过程中依赖步骤失败,"关键日志：匹配`bondp_modify_jfr`，匹配`modify pjfr fail, index:`，匹配`, ret:`；日志路径：系统日志文件（URMA_LOG_PATH）",函数用于修改物理 JFR，执行过程中依赖的参数校验、状态转换、下层provider调用或系统资源处理未成功，导致本次URMA操作失败。,无
urma_716,用户,URMA context无效导致设置Jetty失败,关键日志：匹配`bondp_user_ctl_set_bonding_mode_legacy`，匹配`Invalid set bonding mode legacy param.`；日志路径：系统日志文件（URMA_LOG_PATH）,函数用于设置Jetty，调用方传入的URMA context不满足接口前置条件，无法继续完成本次URMA操作。,无
urma_717,用户,URMA context无效导致设置context失败,关键日志：匹配`bondp_user_ctl_set_bonding_mode_legacy`，匹配`Invalid aggr mode:`；日志路径：系统日志文件（URMA_LOG_PATH）,函数用于设置context，调用方传入的URMA context不满足接口前置条件，无法继续完成本次URMA操作。,无
urma_718,用户,URMA context无效导致设置context失败,关键日志：匹配`bondp_user_ctl_set_bonding_mode`，匹配`Invalid set bonding mode param.`；日志路径：系统日志文件（URMA_LOG_PATH）,函数用于设置context，调用方传入的URMA context不满足接口前置条件，无法继续完成本次URMA操作。,无
urma_719,URMA,设置context过程中依赖步骤失败,"关键日志：匹配`bondp_user_ctl`，匹配`Unsupported opcode, opcode:`；日志路径：系统日志文件（URMA_LOG_PATH）",函数用于设置context，执行过程中依赖的参数校验、状态转换、下层provider调用或系统资源处理未成功，导致本次URMA操作失败。,无
urma_720,URMA,执行JFC过程中依赖步骤失败,关键日志：匹配`bondp_rearm_jfc`，匹配`Failed to rearm jfc: JFCE is NULL`；日志路径：系统日志文件（URMA_LOG_PATH）,函数用于执行JFC，执行过程中依赖的参数校验、状态转换、下层provider调用或系统资源处理未成功，导致本次URMA操作失败。,无
urma_721,用户,确认URMA资源所需输入对象无效导致确认URMA资源失败,关键日志：匹配`bondp_ack_async_event`，匹配`Invalid parameter`；日志路径：系统日志文件（URMA_LOG_PATH）,函数用于确认URMA资源，调用方传入的确认URMA资源所需输入对象不满足接口前置条件，无法继续完成本次URMA操作。,无
urma_722,用户,URMA context无效导致设置context失败,关键日志：匹配`bondp_set_bonding_mode`，匹配`Invalid context.`；日志路径：系统日志文件（URMA_LOG_PATH）,函数用于设置context，调用方传入的URMA context不满足接口前置条件，无法继续完成本次URMA操作。,无
urma_723,用户,URMA context、设备对象无效导致设置context失败,关键日志：匹配`bondp_set_bonding_mode`，匹配`Invalid bonding mode:`；日志路径：系统日志文件（URMA_LOG_PATH）,函数用于设置context，调用方传入的URMA context、设备对象不满足接口前置条件，无法继续完成本次URMA操作。,无
urma_724,URMA,设置设备过程中依赖步骤失败,关键日志：匹配`bondp_set_bonding_mode`，匹配`Unsupported bonding level:`；日志路径：系统日志文件（URMA_LOG_PATH）,函数用于设置设备，执行过程中依赖的参数校验、状态转换、下层provider调用或系统资源处理未成功，导致本次URMA操作失败。,无
urma_725,用户,执行URMA资源所需输入对象无效导致释放URMA资源失败,关键日志：匹配`bdp_slide_wnd_seq_in_window`，匹配`Invalid param wnd`；日志路径：系统日志文件（URMA_LOG_PATH）,函数用于释放URMA资源，调用方传入的执行URMA资源所需输入对象不满足接口前置条件，无法继续完成本次URMA操作。,无
urma_726,URMA,释放URMA资源过程中依赖步骤失败,关键日志：匹配`bdp_slide_wnd_seq_in_window`，匹配`Seq larger than total size of bitmap`；日志路径：系统日志文件（URMA_LOG_PATH）,函数用于释放URMA资源，执行过程中依赖的参数校验、状态转换、下层provider调用或系统资源处理未成功，导致本次URMA操作失败。,无
urma_727,用户,执行URMA资源所需输入对象无效导致执行URMA资源失败,关键日志：匹配`bdp_slide_wnd_has`，匹配`Invalid param wnd`；日志路径：系统日志文件（URMA_LOG_PATH）,函数用于执行URMA资源，调用方传入的执行URMA资源所需输入对象不满足接口前置条件，无法继续完成本次URMA操作。,无
urma_728,URMA,设置URMA资源过程中依赖步骤失败,关键日志：匹配`bdp_slide_wnd_has`，匹配`Seq larger than total size of bitmap`；日志路径：系统日志文件（URMA_LOG_PATH）,函数用于设置URMA资源，执行过程中依赖的参数校验、状态转换、下层provider调用或系统资源处理未成功，导致本次URMA操作失败。,无
urma_729,用户,执行URMA资源所需输入对象无效导致设置URMA资源失败,关键日志：匹配`bdp_slide_wnd_add`，匹配`Invalid param wnd`；日志路径：系统日志文件（URMA_LOG_PATH）,函数用于设置URMA资源，调用方传入的执行URMA资源所需输入对象不满足接口前置条件，无法继续完成本次URMA操作。,无
urma_730,URMA,执行EID过程中依赖步骤失败,关键日志：匹配`update_mapping_hash_table`，匹配`Failed to add agg eid to mapping hash table`；日志路径：系统日志文件（URMA_LOG_PATH）,函数用于执行EID，执行过程中依赖的参数校验、状态转换、下层provider调用或系统资源处理未成功，导致本次URMA操作失败。,无
urma_731,URMA,执行EID过程中依赖步骤失败,关键日志：匹配`update_mapping_hash_table`，匹配`Failed to add primary eid to mapping hash table`；日志路径：系统日志文件（URMA_LOG_PATH）,函数用于执行EID，执行过程中依赖的参数校验、状态转换、下层provider调用或系统资源处理未成功，导致本次URMA操作失败。,无
urma_732,URMA,执行端口过程中依赖步骤失败,关键日志：匹配`update_mapping_hash_table`，匹配`Failed to add port eid to mapping hash table`；日志路径：系统日志文件（URMA_LOG_PATH）,函数用于执行端口，执行过程中依赖的参数校验、状态转换、下层provider调用或系统资源处理未成功，导致本次URMA操作失败。,无
urma_733,URMA,释放URMA资源过程中依赖步骤失败,关键日志：匹配`update_mapping_hash_table`，匹配`topo info doesn't have cur_node`；日志路径：系统日志文件（URMA_LOG_PATH）,函数用于释放URMA资源，执行过程中依赖的参数校验、状态转换、下层provider调用或系统资源处理未成功，导致本次URMA操作失败。,无
urma_734,URMA,等待锁过程中依赖步骤失败,"关键日志：匹配`wait_async_event_ack`，匹配`There is an event and it must be acked, acked:`，匹配`, reported:`；日志路径：系统日志文件（URMA_LOG_PATH）",函数用于等待锁，执行过程中依赖的参数校验、状态转换、下层provider调用或系统资源处理未成功，导致本次URMA操作失败。,无
urma_735,用户,URMA context、JFS对象无效导致修改JFS失败,关键日志：匹配`urma_cmd_modify_jfs`，匹配`Invalid parameter`；日志路径：系统日志文件（URMA_LOG_PATH）,函数用于修改JFS，调用方传入的URMA context、JFS对象不满足接口前置条件，无法继续完成本次URMA操作。,无
urma_736,用户,URMA context、JFS对象无效导致设置JFS失败,关键日志：匹配`urma_cmd_set_jfs_opt`，匹配`Invalid parameter.`；日志路径：系统日志文件（URMA_LOG_PATH）,函数用于设置JFS，调用方传入的URMA context、JFS对象不满足接口前置条件，无法继续完成本次URMA操作。,无
urma_737,用户,URMA context、JFS对象无效导致设置JFS失败,关键日志：匹配`urma_cmd_set_jfs_opt`，匹配`Invalid parameter.`；日志路径：系统日志文件（URMA_LOG_PATH）,函数用于设置JFS，调用方传入的URMA context、JFS对象不满足接口前置条件，无法继续完成本次URMA操作。,无
urma_738,URMA,设置JFC过程中依赖步骤失败,关键日志：匹配`urma_cmd_set_jfs_opt`，匹配`jfc not exist in jfs.`；日志路径：系统日志文件（URMA_LOG_PATH）,函数用于设置JFC，执行过程中依赖的参数校验、状态转换、下层provider调用或系统资源处理未成功，导致本次URMA操作失败。,无
urma_739,用户,URMA context、JFS对象无效导致激活JFS失败,关键日志：匹配`urma_cmd_active_jfs`，匹配`Invalid parameter`；日志路径：系统日志文件（URMA_LOG_PATH）,函数用于激活JFS，调用方传入的URMA context、JFS对象不满足接口前置条件，无法继续完成本次URMA操作。,无
urma_740,用户,URMA context、JFS对象无效导致去激活JFS失败,关键日志：匹配`urma_cmd_deactive_jfs`，匹配`Invalid parameter`；日志路径：系统日志文件（URMA_LOG_PATH）,函数用于去激活JFS，调用方传入的URMA context、JFS对象不满足接口前置条件，无法继续完成本次URMA操作。,无
urma_741,用户,URMA context、JFS对象、JFR对象无效导致修改JFR失败,关键日志：匹配`urma_cmd_modify_jfr`，匹配`Invalid parameter`；日志路径：系统日志文件（URMA_LOG_PATH）,函数用于修改JFR，调用方传入的URMA context、JFS对象、JFR对象不满足接口前置条件，无法继续完成本次URMA操作。,无
urma_742,用户,URMA context无效导致修改JFC失败,关键日志：匹配`urma_cmd_modify_jfc`，匹配`Invalid parameter`；日志路径：系统日志文件（URMA_LOG_PATH）,函数用于修改JFC，调用方传入的URMA context不满足接口前置条件，无法继续完成本次URMA操作。,无
urma_743,用户,URMA context无效导致设置JFC失败,关键日志：匹配`urma_cmd_set_jfc_opt`，匹配`Invalid parameter.`；日志路径：系统日志文件（URMA_LOG_PATH）,函数用于设置JFC，调用方传入的URMA context不满足接口前置条件，无法继续完成本次URMA操作。,无
urma_744,用户,URMA context无效导致设置JFC失败,关键日志：匹配`urma_cmd_set_jfc_opt`，匹配`Invalid parameter.`；日志路径：系统日志文件（URMA_LOG_PATH）,函数用于设置JFC，调用方传入的URMA context不满足接口前置条件，无法继续完成本次URMA操作。,无
urma_745,用户,URMA context无效导致激活JFC失败,关键日志：匹配`urma_cmd_active_jfc`，匹配`Invalid parameter`；日志路径：系统日志文件（URMA_LOG_PATH）,函数用于激活JFC，调用方传入的URMA context不满足接口前置条件，无法继续完成本次URMA操作。,无
urma_746,用户,URMA context无效导致去激活JFC失败,关键日志：匹配`urma_cmd_deactive_jfc`，匹配`Invalid parameter`；日志路径：系统日志文件（URMA_LOG_PATH）,函数用于去激活JFC，调用方传入的URMA context不满足接口前置条件，无法继续完成本次URMA操作。,无
urma_747,用户,URMA context、JFS对象无效导致执行JFR失败,关键日志：匹配`urma_cmd_advise_jfr`，匹配`Invalid parameter`；日志路径：系统日志文件（URMA_LOG_PATH）,函数用于执行JFR，调用方传入的URMA context、JFS对象不满足接口前置条件，无法继续完成本次URMA操作。,无
urma_748,用户,URMA context、JFS对象无效导致设置JFR失败,关键日志：匹配`urma_cmd_unadvise_jfr`，匹配`Invalid parameter`；日志路径：系统日志文件（URMA_LOG_PATH）,函数用于设置JFR，调用方传入的URMA context、JFS对象不满足接口前置条件，无法继续完成本次URMA操作。,无
urma_749,用户,URMA context、JFR对象无效导致设置JFR失败,关键日志：匹配`urma_cmd_set_jfr_opt`，匹配`Invalid parameter.`；日志路径：系统日志文件（URMA_LOG_PATH）,函数用于设置JFR，调用方传入的URMA context、JFR对象不满足接口前置条件，无法继续完成本次URMA操作。,无
urma_750,用户,URMA context、JFR对象无效导致设置JFR失败,关键日志：匹配`urma_cmd_set_jfr_opt`，匹配`Invalid parameter.`；日志路径：系统日志文件（URMA_LOG_PATH）,函数用于设置JFR，调用方传入的URMA context、JFR对象不满足接口前置条件，无法继续完成本次URMA操作。,无
urma_751,URMA,设置JFC过程中依赖步骤失败,关键日志：匹配`urma_cmd_set_jfr_opt`，匹配`jfc not exist in jfr.`；日志路径：系统日志文件（URMA_LOG_PATH）,函数用于设置JFC，执行过程中依赖的参数校验、状态转换、下层provider调用或系统资源处理未成功，导致本次URMA操作失败。,无
urma_752,用户,URMA context、JFR对象无效导致激活JFR失败,关键日志：匹配`urma_cmd_active_jfr`，匹配`Invalid parameter`；日志路径：系统日志文件（URMA_LOG_PATH）,函数用于激活JFR，调用方传入的URMA context、JFR对象不满足接口前置条件，无法继续完成本次URMA操作。,无
urma_753,用户,URMA context、JFR对象无效导致去激活JFR失败,关键日志：匹配`urma_cmd_deactive_jfr`，匹配`Invalid parameter`；日志路径：系统日志文件（URMA_LOG_PATH）,函数用于去激活JFR，调用方传入的URMA context、JFR对象不满足接口前置条件，无法继续完成本次URMA操作。,无
urma_754,用户,等待JFC所需输入对象无效导致等待JFC失败,关键日志：匹配`urma_cmd_wait_jfc`，匹配`Invalid parameter`；日志路径：系统日志文件（URMA_LOG_PATH）,函数用于等待JFC，调用方传入的等待JFC所需输入对象不满足接口前置条件，无法继续完成本次URMA操作。,无
urma_755,用户,确认JFC所需输入对象无效导致确认JFC失败,关键日志：匹配`urma_cmd_ack_jfc`，匹配`Invalid parameter`；日志路径：系统日志文件（URMA_LOG_PATH）,函数用于确认JFC，调用方传入的确认JFC所需输入对象不满足接口前置条件，无法继续完成本次URMA操作。,无
urma_756,用户,JFS对象、JFR对象、Jetty对象无效导致确认JFC失败,关键日志：匹配`urma_cmd_ack_async_event`，匹配`Invalid parameter`；日志路径：系统日志文件（URMA_LOG_PATH）,函数用于确认JFC，调用方传入的JFS对象、JFR对象、Jetty对象不满足接口前置条件，无法继续完成本次URMA操作。,无
urma_757,用户,URMA context无效导致确认Jetty失败,关键日志：匹配`urma_cmd_user_ctl`，匹配`Invalid parameter`；日志路径：系统日志文件（URMA_LOG_PATH）,函数用于确认Jetty，调用方传入的URMA context不满足接口前置条件，无法继续完成本次URMA操作。,无
urma_758,用户,URMA context无效导致等待ioctl失败,关键日志：匹配`urma_cmd_wait_notify`，匹配`Invalid parameter`；日志路径：系统日志文件（URMA_LOG_PATH）,函数用于等待ioctl，调用方传入的URMA context不满足接口前置条件，无法继续完成本次URMA操作。,无
urma_759,用户,执行URMA资源所需输入对象无效导致执行JFS失败,关键日志：匹配`urma_check_opt_valid`，匹配`invalid opt len`；日志路径：系统日志文件（URMA_LOG_PATH）,函数用于执行JFS，调用方传入的执行URMA资源所需输入对象不满足接口前置条件，无法继续完成本次URMA操作。,无
urma_760,用户,URMA context无效导致创建JFC失败,关键日志：匹配`urma_check_trans_mode_valid`，匹配`Invalid parameter.`；日志路径：系统日志文件（URMA_LOG_PATH）,函数用于创建JFC，调用方传入的URMA context不满足接口前置条件，无法继续完成本次URMA操作。,无
urma_761,用户,URMA context、设备对象、sysfs设备信息、provider操作表、provider未提供create_jfc操作实现无效导致创建JFC失败,关键日志：匹配`urma_check_trans_mode_valid`，匹配`Invalid parameter.`；日志路径：系统日志文件（URMA_LOG_PATH）,函数用于创建JFC，调用方传入的URMA context、设备对象、sysfs设备信息、provider操作表、provider未提供create_jfc操作实现不满足接口前置条件，无法继续完成本次URMA操作。,无
urma_762,URMA,创建JFC过程中依赖步骤失败,"关键日志：匹配`urma_check_trans_mode_valid`，匹配`jfc cfg depth of range, depth:`，匹配`, max_depth:`；日志路径：系统日志文件（URMA_LOG_PATH）",函数用于创建JFC，执行过程中依赖的参数校验、状态转换、下层provider调用或系统资源处理未成功，导致本次URMA操作失败。,无
urma_763,用户,URMA context、设备对象无效导致修改JFC失败,关键日志：匹配`urma_modify_jfc`，匹配`Invalid parameter.`；日志路径：系统日志文件（URMA_LOG_PATH）,函数用于修改JFC，调用方传入的URMA context、设备对象不满足接口前置条件，无法继续完成本次URMA操作。,无
urma_764,用户,URMA context、provider操作表、provider未提供modify_jfc操作实现无效导致修改JFC失败,关键日志：匹配`urma_modify_jfc`，匹配`Invalid parameter.`；日志路径：系统日志文件（URMA_LOG_PATH）,函数用于修改JFC，调用方传入的URMA context、provider操作表、provider未提供modify_jfc操作实现不满足接口前置条件，无法继续完成本次URMA操作。,无
urma_765,用户,设置JFC所需输入对象无效导致设置JFC失败,关键日志：匹配`urma_set_jfc_opt`，匹配`Invalid parameter.`；日志路径：系统日志文件（URMA_LOG_PATH）,函数用于设置JFC，调用方传入的设置JFC所需输入对象不满足接口前置条件，无法继续完成本次URMA操作。,无
urma_766,URMA,设置JFC过程中依赖步骤失败,"关键日志：匹配`urma_set_jfc_opt`，匹配`Failed to set opt, jfc has been activated`；日志路径：系统日志文件（URMA_LOG_PATH）",函数用于设置JFC，执行过程中依赖的参数校验、状态转换、下层provider调用或系统资源处理未成功，导致本次URMA操作失败。,无
urma_767,用户,provider操作表无效导致设置JFC失败,关键日志：匹配`urma_set_jfc_opt`，匹配`invalid opt id or opt len`；日志路径：系统日志文件（URMA_LOG_PATH）,函数用于设置JFC，调用方传入的provider操作表不满足接口前置条件，无法继续完成本次URMA操作。,无
urma_768,用户,URMA context、provider操作表、provider未提供set_jfc_opt操作实现无效导致设置JFC失败,关键日志：匹配`urma_set_jfc_opt`，匹配`Invalid parameter.`；日志路径：系统日志文件（URMA_LOG_PATH）,函数用于设置JFC，调用方传入的URMA context、provider操作表、provider未提供set_jfc_opt操作实现不满足接口前置条件，无法继续完成本次URMA操作。,无
urma_769,URMA,设置JFC过程中依赖步骤失败,关键日志：匹配`urma_set_jfc_opt`，匹配`Failed to exec ops->set_jfc_opt.`；日志路径：系统日志文件（URMA_LOG_PATH）,函数用于设置JFC，执行过程中依赖的参数校验、状态转换、下层provider调用或系统资源处理未成功，导致本次URMA操作失败。,无
urma_770,URMA,设置JFC过程中依赖步骤失败,关键日志：匹配`urma_set_jfc_opt`，匹配`Failed to exec urma_jfc_set_options.`；日志路径：系统日志文件（URMA_LOG_PATH）,函数用于设置JFC，执行过程中依赖的参数校验、状态转换、下层provider调用或系统资源处理未成功，导致本次URMA操作失败。,无
urma_771,用户,provider操作表无效导致激活JFC失败,关键日志：匹配`urma_active_jfc`，匹配`Invalid parameter.`；日志路径：系统日志文件（URMA_LOG_PATH）,函数用于激活JFC，调用方传入的provider操作表不满足接口前置条件，无法继续完成本次URMA操作。,无
urma_772,URMA,激活JFC过程中依赖步骤失败,"关键日志：匹配`urma_active_jfc`，匹配`jfc cfg depth of range, depth:`，匹配`, max_depth:`；日志路径：系统日志文件（URMA_LOG_PATH）",函数用于激活JFC，执行过程中依赖的参数校验、状态转换、下层provider调用或系统资源处理未成功，导致本次URMA操作失败。,无
urma_773,用户,URMA context、provider操作表、provider未提供active_jfc操作实现无效导致激活JFC失败,关键日志：匹配`urma_active_jfc`，匹配`Invalid parameter.`；日志路径：系统日志文件（URMA_LOG_PATH）,函数用于激活JFC，调用方传入的URMA context、provider操作表、provider未提供active_jfc操作实现不满足接口前置条件，无法继续完成本次URMA操作。,无
urma_774,URMA,激活JFC过程中依赖步骤失败,关键日志：匹配`urma_active_jfc`，匹配`Failed to exec ops->active_jfc.`；日志路径：系统日志文件（URMA_LOG_PATH）,函数用于激活JFC，执行过程中依赖的参数校验、状态转换、下层provider调用或系统资源处理未成功，导致本次URMA操作失败。,无
urma_775,用户,provider操作表无效导致去激活JFC失败,关键日志：匹配`urma_deactive_jfc`，匹配`Invalid parameter.`；日志路径：系统日志文件（URMA_LOG_PATH）,函数用于去激活JFC，调用方传入的provider操作表不满足接口前置条件，无法继续完成本次URMA操作。,无
urma_776,用户,URMA context、provider操作表、provider未提供deactive_jfc操作实现无效导致去激活JFC失败,关键日志：匹配`urma_deactive_jfc`，匹配`Invalid parameter.`；日志路径：系统日志文件（URMA_LOG_PATH）,函数用于去激活JFC，调用方传入的URMA context、provider操作表、provider未提供deactive_jfc操作实现不满足接口前置条件，无法继续完成本次URMA操作。,无
urma_777,URMA,去激活JFC过程中依赖步骤失败,关键日志：匹配`urma_deactive_jfc`，匹配`Failed to exec ops->deactive_jfc.`；日志路径：系统日志文件（URMA_LOG_PATH）,函数用于去激活JFC，执行过程中依赖的参数校验、状态转换、下层provider调用或系统资源处理未成功，导致本次URMA操作失败。,无
urma_778,用户,URMA context无效导致创建JFS失败,关键日志：匹配`urma_check_order_type`，匹配`Invalid parameter.`；日志路径：系统日志文件（URMA_LOG_PATH）,函数用于创建JFS，调用方传入的URMA context不满足接口前置条件，无法继续完成本次URMA操作。,无
urma_779,用户,URMA context无效导致创建JFS失败,"关键日志：匹配`urma_check_order_type`，匹配`Invalid parameter, trans_mode:`；日志路径：系统日志文件（URMA_LOG_PATH）",函数用于创建JFS，调用方传入的URMA context不满足接口前置条件，无法继续完成本次URMA操作。,无
urma_780,用户,执行URMA资源所需输入对象无效导致执行JFS失败,"关键日志：匹配`urma_check_order_type`，匹配`Invalid parameter, trans_mode:`，匹配`, order_type:`；日志路径：系统日志文件（URMA_LOG_PATH）",函数用于执行JFS，调用方传入的执行URMA资源所需输入对象不满足接口前置条件，无法继续完成本次URMA操作。,无
urma_781,用户,URMA context、设备对象、sysfs设备信息、provider操作表、provider未提供create_jfs操作实现无效导致创建JFS失败,关键日志：匹配`urma_check_order_type`，匹配`Invalid parameter.`；日志路径：系统日志文件（URMA_LOG_PATH）,函数用于创建JFS，调用方传入的URMA context、设备对象、sysfs设备信息、provider操作表、provider未提供create_jfs操作实现不满足接口前置条件，无法继续完成本次URMA操作。,无
urma_782,URMA,创建JFS过程中依赖步骤失败,"关键日志：匹配`urma_check_order_type`，匹配`jfs cfg out of range, depth:`，匹配`, max_depth:`，匹配`, inline_data:`，匹配`, max_inline_len:`，匹配`, sge:`，匹配`hu, max_sge:`，匹配`, rsge:`，匹配`hu, max_rsge:`；日志路径：系统日志文件（URMA_LOG_PATH）",函数用于创建JFS，执行过程中依赖的参数校验、状态转换、下层provider调用或系统资源处理未成功，导致本次URMA操作失败。,无
urma_783,用户,URMA context、设备对象、JFS对象无效导致修改JFS失败,关键日志：匹配`urma_modify_jfs`，匹配`Invalid parameter.`；日志路径：系统日志文件（URMA_LOG_PATH）,函数用于修改JFS，调用方传入的URMA context、设备对象、JFS对象不满足接口前置条件，无法继续完成本次URMA操作。,无
urma_784,用户,URMA context、provider操作表、JFS对象、provider未提供modify_jfs操作实现无效导致修改JFS失败,关键日志：匹配`urma_modify_jfs`，匹配`Invalid parameter.`；日志路径：系统日志文件（URMA_LOG_PATH）,函数用于修改JFS，调用方传入的URMA context、provider操作表、JFS对象、provider未提供modify_jfs操作实现不满足接口前置条件，无法继续完成本次URMA操作。,无
urma_785,用户,URMA context、provider操作表、JFS对象无效导致设置JFS失败,关键日志：匹配`urma_set_jfs_opt`，匹配`Invalid parameter.`；日志路径：系统日志文件（URMA_LOG_PATH）,函数用于设置JFS，调用方传入的URMA context、provider操作表、JFS对象不满足接口前置条件，无法继续完成本次URMA操作。,无
urma_786,URMA,设置JFS过程中依赖步骤失败,"关键日志：匹配`urma_set_jfs_opt`，匹配`Failed to set opt, jfs has been activated`；日志路径：系统日志文件（URMA_LOG_PATH）",函数用于设置JFS，执行过程中依赖的参数校验、状态转换、下层provider调用或系统资源处理未成功，导致本次URMA操作失败。,无
urma_787,用户,provider操作表、JFS对象无效导致设置JFS失败,关键日志：匹配`urma_set_jfs_opt`，匹配`invalid opt id or opt len`；日志路径：系统日志文件（URMA_LOG_PATH）,函数用于设置JFS，调用方传入的provider操作表、JFS对象不满足接口前置条件，无法继续完成本次URMA操作。,无
urma_788,用户,URMA context、provider操作表、JFS对象、provider未提供set_jfs_opt操作实现无效导致设置JFS失败,关键日志：匹配`urma_set_jfs_opt`，匹配`Invalid parameter.`；日志路径：系统日志文件（URMA_LOG_PATH）,函数用于设置JFS，调用方传入的URMA context、provider操作表、JFS对象、provider未提供set_jfs_opt操作实现不满足接口前置条件，无法继续完成本次URMA操作。,无
urma_789,URMA,设置JFR过程中依赖步骤失败,关键日志：匹配`urma_set_jfs_opt`，匹配`Failed to exec urma_jfr_set_options.`；日志路径：系统日志文件（URMA_LOG_PATH）,函数用于设置JFR，执行过程中依赖的参数校验、状态转换、下层provider调用或系统资源处理未成功，导致本次URMA操作失败。,无
urma_790,URMA,设置JFS过程中依赖步骤失败,关键日志：匹配`urma_set_jfs_opt`，匹配`Failed to exec ops->set_jfs_opt.`；日志路径：系统日志文件（URMA_LOG_PATH）,函数用于设置JFS，执行过程中依赖的参数校验、状态转换、下层provider调用或系统资源处理未成功，导致本次URMA操作失败。,无
urma_791,用户,provider操作表、JFS对象无效导致激活JFS失败,关键日志：匹配`urma_active_jfs`，匹配`Invalid parameter.`；日志路径：系统日志文件（URMA_LOG_PATH）,函数用于激活JFS，调用方传入的provider操作表、JFS对象不满足接口前置条件，无法继续完成本次URMA操作。,无
urma_792,用户,JFS对象无效导致激活JFS失败,"关键日志：匹配`urma_active_jfs`，匹配`Invalid parameter, trans_mode:`；日志路径：系统日志文件（URMA_LOG_PATH）",函数用于激活JFS，调用方传入的JFS对象不满足接口前置条件，无法继续完成本次URMA操作。,无
urma_793,用户,JFS对象无效导致激活JFS失败,"关键日志：匹配`urma_active_jfs`，匹配`Invalid parameter, trans_mode:`，匹配`, order_type:`；日志路径：系统日志文件（URMA_LOG_PATH）",函数用于激活JFS，调用方传入的JFS对象不满足接口前置条件，无法继续完成本次URMA操作。,无
urma_794,用户,URMA context、设备对象、sysfs设备信息、provider操作表、JFS对象、provider未提供active_jfs操作实现无效导致激活JFS失败,关键日志：匹配`urma_active_jfs`，匹配`Invalid parameter.`；日志路径：系统日志文件（URMA_LOG_PATH）,函数用于激活JFS，调用方传入的URMA context、设备对象、sysfs设备信息、provider操作表、JFS对象、provider未提供active_jfs操作实现不满足接口前置条件，无法继续完成本次URMA操作。,无
urma_795,URMA,激活JFS过程中依赖步骤失败,"关键日志：匹配`urma_active_jfs`，匹配`jfs cfg out of range, depth:`，匹配`, max_depth:`，匹配`, inline_data:`，匹配`, max_inline_len:`，匹配`, sge:`，匹配`hu, max_sge:`，匹配`, rsge:`，匹配`hu, max_rsge:`；日志路径：系统日志文件（URMA_LOG_PATH）",函数用于激活JFS，执行过程中依赖的参数校验、状态转换、下层provider调用或系统资源处理未成功，导致本次URMA操作失败。,无
urma_796,URMA,激活JFS过程中依赖步骤失败,关键日志：匹配`urma_active_jfs`，匹配`Failed to exec ops->active_jfs.`；日志路径：系统日志文件（URMA_LOG_PATH）,函数用于激活JFS，执行过程中依赖的参数校验、状态转换、下层provider调用或系统资源处理未成功，导致本次URMA操作失败。,无
urma_797,用户,provider操作表、JFS对象无效导致去激活JFS失败,关键日志：匹配`urma_deactive_jfs`，匹配`Invalid parameter.`；日志路径：系统日志文件（URMA_LOG_PATH）,函数用于去激活JFS，调用方传入的provider操作表、JFS对象不满足接口前置条件，无法继续完成本次URMA操作。,无
urma_798,用户,URMA context、provider操作表、JFS对象、provider未提供deactive_jfs操作实现无效导致去激活JFS失败,关键日志：匹配`urma_deactive_jfs`，匹配`Invalid parameter.`；日志路径：系统日志文件（URMA_LOG_PATH）,函数用于去激活JFS，调用方传入的URMA context、provider操作表、JFS对象、provider未提供deactive_jfs操作实现不满足接口前置条件，无法继续完成本次URMA操作。,无
urma_799,URMA,去激活JFS过程中依赖步骤失败,关键日志：匹配`urma_deactive_jfs`，匹配`Failed to exec ops->deactive_jfs.`；日志路径：系统日志文件（URMA_LOG_PATH）,函数用于去激活JFS，执行过程中依赖的参数校验、状态转换、下层provider调用或系统资源处理未成功，导致本次URMA操作失败。,无
urma_800,用户,URMA context、provider操作表、JFS对象无效导致去激活JFS失败,关键日志：匹配`urma_deactive_jfs`，匹配`Invalid parameter.`；日志路径：系统日志文件（URMA_LOG_PATH）,函数用于去激活JFS，调用方传入的URMA context、provider操作表、JFS对象不满足接口前置条件，无法继续完成本次URMA操作。,无
urma_801,用户,URMA context无效导致去激活JFS失败,"关键日志：匹配`urma_deactive_jfs`，匹配`Invalid parameter, trans_mode:`；日志路径：系统日志文件（URMA_LOG_PATH）",函数用于去激活JFS，调用方传入的URMA context不满足接口前置条件，无法继续完成本次URMA操作。,无
urma_802,用户,URMA context、设备对象、sysfs设备信息、provider操作表、provider未提供create_jfr操作实现无效导致去激活JFS失败,关键日志：匹配`urma_deactive_jfs`，匹配`Invalid parameter.`；日志路径：系统日志文件（URMA_LOG_PATH）,函数用于去激活JFS，调用方传入的URMA context、设备对象、sysfs设备信息、provider操作表、provider未提供create_jfr操作实现不满足接口前置条件，无法继续完成本次URMA操作。,无
urma_803,URMA,去激活JFR过程中依赖步骤失败,"关键日志：匹配`urma_deactive_jfs`，匹配`jfr cfg out of range, depth:`，匹配`, max_depth:`，匹配`, sge:`，匹配`, max_sge:`；日志路径：系统日志文件（URMA_LOG_PATH）",函数用于去激活JFR，执行过程中依赖的参数校验、状态转换、下层provider调用或系统资源处理未成功，导致本次URMA操作失败。,无
urma_804,用户,URMA context、设备对象、JFR对象无效导致修改JFR失败,关键日志：匹配`urma_modify_jfr`，匹配`Invalid parameter.`；日志路径：系统日志文件（URMA_LOG_PATH）,函数用于修改JFR，调用方传入的URMA context、设备对象、JFR对象不满足接口前置条件，无法继续完成本次URMA操作。,无
urma_805,用户,URMA context、provider操作表、JFR对象、provider未提供modify_jfr操作实现无效导致修改JFR失败,关键日志：匹配`urma_modify_jfr`，匹配`Invalid parameter.`；日志路径：系统日志文件（URMA_LOG_PATH）,函数用于修改JFR，调用方传入的URMA context、provider操作表、JFR对象、provider未提供modify_jfr操作实现不满足接口前置条件，无法继续完成本次URMA操作。,无
urma_806,用户,URMA context、provider操作表、目标Jetty对象、provider未提供import_jfr_ex操作实现无效导致导入JFR失败,关键日志：匹配`urma_check_ctrlplane_compat`，匹配`Invalid parameter.`；日志路径：系统日志文件（URMA_LOG_PATH）,函数用于导入JFR，调用方传入的URMA context、provider操作表、目标Jetty对象、provider未提供import_jfr_ex操作实现不满足接口前置条件，无法继续完成本次URMA操作。,无
urma_807,用户,URMA context、设备对象、sysfs设备信息、provider操作表、目标Jetty对象无效导致导入context失败,关键日志：匹配`urma_check_ctrlplane_compat`，匹配`Invalid parameter.`；日志路径：系统日志文件（URMA_LOG_PATH）,函数用于导入context，调用方传入的URMA context、设备对象、sysfs设备信息、provider操作表、目标Jetty对象不满足接口前置条件，无法继续完成本次URMA操作。,无
urma_808,用户,URMA context、provider操作表无效导致导入Jetty失败,关键日志：匹配`urma_check_ctrlplane_compat`，匹配`Invalid parameter.`；日志路径：系统日志文件（URMA_LOG_PATH）,函数用于导入Jetty，调用方传入的URMA context、provider操作表不满足接口前置条件，无法继续完成本次URMA操作。,无
urma_809,用户,URMA context、provider操作表、provider未提供import_jfr_ex操作实现无效导致导入JFR失败,关键日志：匹配`urma_check_ctrlplane_compat`，匹配`Invalid parameter.`；日志路径：系统日志文件（URMA_LOG_PATH）,函数用于导入JFR，调用方传入的URMA context、provider操作表、provider未提供import_jfr_ex操作实现不满足接口前置条件，无法继续完成本次URMA操作。,无
urma_810,用户,URMA context、provider操作表、JFR对象无效导致设置JFR失败,关键日志：匹配`urma_set_jfr_opt`，匹配`Invalid parameter.`；日志路径：系统日志文件（URMA_LOG_PATH）,函数用于设置JFR，调用方传入的URMA context、provider操作表、JFR对象不满足接口前置条件，无法继续完成本次URMA操作。,无
urma_811,URMA,设置JFR过程中依赖步骤失败,"关键日志：匹配`urma_set_jfr_opt`，匹配`Failed to set opt, jfr has been activated`；日志路径：系统日志文件（URMA_LOG_PATH）",函数用于设置JFR，执行过程中依赖的参数校验、状态转换、下层provider调用或系统资源处理未成功，导致本次URMA操作失败。,无
urma_812,用户,JFR对象无效导致设置JFR失败,关键日志：匹配`urma_set_jfr_opt`，匹配`invalid opt id or opt len`；日志路径：系统日志文件（URMA_LOG_PATH）,函数用于设置JFR，调用方传入的JFR对象不满足接口前置条件，无法继续完成本次URMA操作。,无
urma_813,URMA,设置JFR过程中依赖步骤失败,关键日志：匹配`urma_set_jfr_opt`，匹配`Failed to exec urma_jfr_set_options.`；日志路径：系统日志文件（URMA_LOG_PATH）,函数用于设置JFR，执行过程中依赖的参数校验、状态转换、下层provider调用或系统资源处理未成功，导致本次URMA操作失败。,无
urma_814,用户,URMA context、provider操作表、JFR对象、provider未提供set_jfr_opt操作实现无效导致设置JFR失败,关键日志：匹配`urma_set_jfr_opt`，匹配`Invalid parameter.`；日志路径：系统日志文件（URMA_LOG_PATH）,函数用于设置JFR，调用方传入的URMA context、provider操作表、JFR对象、provider未提供set_jfr_opt操作实现不满足接口前置条件，无法继续完成本次URMA操作。,无
urma_815,URMA,设置JFR过程中依赖步骤失败,关键日志：匹配`urma_set_jfr_opt`，匹配`Failed to exec ops->set_jfr_opt.`；日志路径：系统日志文件（URMA_LOG_PATH）,函数用于设置JFR，执行过程中依赖的参数校验、状态转换、下层provider调用或系统资源处理未成功，导致本次URMA操作失败。,无
urma_816,用户,URMA context、provider操作表、JFR对象无效导致激活JFR失败,关键日志：匹配`urma_active_jfr`，匹配`Invalid parameter.`；日志路径：系统日志文件（URMA_LOG_PATH）,函数用于激活JFR，调用方传入的URMA context、provider操作表、JFR对象不满足接口前置条件，无法继续完成本次URMA操作。,无
urma_817,用户,URMA context、provider操作表、JFR对象无效导致激活JFR失败,"关键日志：匹配`urma_active_jfr`，匹配`Invalid parameter, trans_mode:`；日志路径：系统日志文件（URMA_LOG_PATH）",函数用于激活JFR，调用方传入的URMA context、provider操作表、JFR对象不满足接口前置条件，无法继续完成本次URMA操作。,无
urma_818,用户,URMA context、设备对象、sysfs设备信息、provider操作表、provider未提供active_jfr操作实现无效导致激活JFR失败,关键日志：匹配`urma_active_jfr`，匹配`Invalid parameter.`；日志路径：系统日志文件（URMA_LOG_PATH）,函数用于激活JFR，调用方传入的URMA context、设备对象、sysfs设备信息、provider操作表、provider未提供active_jfr操作实现不满足接口前置条件，无法继续完成本次URMA操作。,无
urma_819,URMA,激活JFR过程中依赖步骤失败,"关键日志：匹配`urma_active_jfr`，匹配`jfr cfg out of range, depth:`，匹配`, max_depth:`，匹配`, sge:`，匹配`, max_sge:`；日志路径：系统日志文件（URMA_LOG_PATH）",函数用于激活JFR，执行过程中依赖的参数校验、状态转换、下层provider调用或系统资源处理未成功，导致本次URMA操作失败。,无
urma_820,URMA,激活JFR过程中依赖步骤失败,关键日志：匹配`urma_active_jfr`，匹配`Failed to exec ops->active_jfr.`；日志路径：系统日志文件（URMA_LOG_PATH）,函数用于激活JFR，执行过程中依赖的参数校验、状态转换、下层provider调用或系统资源处理未成功，导致本次URMA操作失败。,无
urma_821,用户,provider操作表、JFR对象无效导致去激活JFR失败,关键日志：匹配`urma_deactive_jfr`，匹配`Invalid parameter.`；日志路径：系统日志文件（URMA_LOG_PATH）,函数用于去激活JFR，调用方传入的provider操作表、JFR对象不满足接口前置条件，无法继续完成本次URMA操作。,无
urma_822,用户,URMA context、provider操作表、JFR对象、provider未提供deactive_jfr操作实现无效导致去激活JFR失败,关键日志：匹配`urma_deactive_jfr`，匹配`Invalid parameter.`；日志路径：系统日志文件（URMA_LOG_PATH）,函数用于去激活JFR，调用方传入的URMA context、provider操作表、JFR对象、provider未提供deactive_jfr操作实现不满足接口前置条件，无法继续完成本次URMA操作。,无
urma_823,URMA,去激活JFR过程中依赖步骤失败,关键日志：匹配`urma_deactive_jfr`，匹配`Failed to exec ops->deactive_jfr.`；日志路径：系统日志文件（URMA_LOG_PATH）,函数用于去激活JFR，执行过程中依赖的参数校验、状态转换、下层provider调用或系统资源处理未成功，导致本次URMA操作失败。,无
urma_824,用户,URMA context、provider操作表、JFR对象无效导致去激活JFR失败,关键日志：匹配`urma_deactive_jfr`，匹配`Invalid parameter.`；日志路径：系统日志文件（URMA_LOG_PATH）,函数用于去激活JFR，调用方传入的URMA context、provider操作表、JFR对象不满足接口前置条件，无法继续完成本次URMA操作。,无
urma_825,用户,URMA context、provider操作表、provider未提供create_jfce操作实现无效导致去激活JFR失败,关键日志：匹配`urma_deactive_jfr`，匹配`Invalid parameter.`；日志路径：系统日志文件（URMA_LOG_PATH）,函数用于去激活JFR，调用方传入的URMA context、provider操作表、provider未提供create_jfce操作实现不满足接口前置条件，无法继续完成本次URMA操作。,无
urma_826,用户,URMA context无效导致等待锁失败,关键日志：匹配`urma_wait_notify`，匹配`Invalid parameter.`；日志路径：系统日志文件（URMA_LOG_PATH）,函数用于等待锁，调用方传入的URMA context不满足接口前置条件，无法继续完成本次URMA操作。,无
urma_827,用户,URMA context、provider操作表、provider未提供wait_notify操作实现无效导致等待Notifier失败,关键日志：匹配`urma_wait_notify`，匹配`Invalid parameter.`；日志路径：系统日志文件（URMA_LOG_PATH）,函数用于等待Notifier，调用方传入的URMA context、provider操作表、provider未提供wait_notify操作实现不满足接口前置条件，无法继续完成本次URMA操作。,无
urma_828,用户,URMA context、provider操作表、provider未提供ack_notify操作实现无效导致等待Notifier失败,关键日志：匹配`urma_wait_notify`，匹配`Invalid parameter.`；日志路径：系统日志文件（URMA_LOG_PATH）,函数用于等待Notifier，调用方传入的URMA context、provider操作表、provider未提供ack_notify操作实现不满足接口前置条件，无法继续完成本次URMA操作。,无
urma_829,用户,URMA context、provider操作表无效导致确认Jetty失败,关键日志：匹配`urma_ack_notify`，匹配`Invalid parameter.`；日志路径：系统日志文件（URMA_LOG_PATH）,函数用于确认Jetty，调用方传入的URMA context、provider操作表不满足接口前置条件，无法继续完成本次URMA操作。,无
urma_830,用户,URMA context、provider操作表、provider未提供ack_notify操作实现无效导致确认context失败,关键日志：匹配`urma_ack_notify`，匹配`Invalid parameter.`；日志路径：系统日志文件（URMA_LOG_PATH）,函数用于确认context，调用方传入的URMA context、provider操作表、provider未提供ack_notify操作实现不满足接口前置条件，无法继续完成本次URMA操作。,无
urma_831,用户,URMA context、provider操作表无效导致确认context失败,关键日志：匹配`urma_ack_notify`，匹配`Invalid parameter.`；日志路径：系统日志文件（URMA_LOG_PATH）,函数用于确认context，调用方传入的URMA context、provider操作表不满足接口前置条件，无法继续完成本次URMA操作。,无
urma_832,用户,URMA context、设备对象、sysfs设备信息、provider操作表、provider未提供create_jetty_grp操作实现无效导致确认Jetty失败,关键日志：匹配`urma_ack_notify`，匹配`Invalid parameter.`；日志路径：系统日志文件（URMA_LOG_PATH）,函数用于确认Jetty，调用方传入的URMA context、设备对象、sysfs设备信息、provider操作表、provider未提供create_jetty_grp操作实现不满足接口前置条件，无法继续完成本次URMA操作。,无
urma_833,URMA,设置Segment过程中依赖步骤失败,关键日志：匹配`urma_check_seg_cfg`，匹配`Local only access is not allowed to config with other accesses.`；日志路径：系统日志文件（URMA_LOG_PATH）,函数用于设置Segment，执行过程中依赖的参数校验、状态转换、下层provider调用或系统资源处理未成功，导致本次URMA操作失败。,无
urma_834,用户,URMA context、provider操作表、Segment对象无效导致注册Segment失败,关键日志：匹配`urma_check_seg_cfg`，匹配`Invalid parameter.`；日志路径：系统日志文件（URMA_LOG_PATH）,函数用于注册Segment，调用方传入的URMA context、provider操作表、Segment对象不满足接口前置条件，无法继续完成本次URMA操作。,无
urma_835,用户,URMA context、设备对象、provider操作表、Segment对象、provider未提供register_seg操作实现无效导致注册Segment失败,关键日志：匹配`urma_check_seg_cfg`，匹配`Invalid parameter.`；日志路径：系统日志文件（URMA_LOG_PATH）,函数用于注册Segment，调用方传入的URMA context、设备对象、provider操作表、Segment对象、provider未提供register_seg操作实现不满足接口前置条件，无法继续完成本次URMA操作。,无
urma_836,用户,URMA context、JFS对象无效导致释放JFR失败,关键日志：匹配`urma_advise_jfr`，匹配`Invalid parameter.`；日志路径：系统日志文件（URMA_LOG_PATH）,函数用于释放JFR，调用方传入的URMA context、JFS对象不满足接口前置条件，无法继续完成本次URMA操作。,无
urma_837,用户,URMA context、设备对象、JFS对象无效导致执行JFR失败,关键日志：匹配`urma_advise_jfr`，匹配`Invalid parameter.`；日志路径：系统日志文件（URMA_LOG_PATH）,函数用于执行JFR，调用方传入的URMA context、设备对象、JFS对象不满足接口前置条件，无法继续完成本次URMA操作。,无
urma_838,用户,URMA context、设备对象、provider操作表、JFS对象无效导致执行JFR失败,关键日志：匹配`urma_advise_jfr`，匹配`Invalid parameter.`；日志路径：系统日志文件（URMA_LOG_PATH）,函数用于执行JFR，调用方传入的URMA context、设备对象、provider操作表、JFS对象不满足接口前置条件，无法继续完成本次URMA操作。,无
urma_839,用户,URMA context、provider操作表、JFS对象无效导致执行JFR失败,关键日志：匹配`urma_unadvise_jfr`，匹配`Invalid parameter.`；日志路径：系统日志文件（URMA_LOG_PATH）,函数用于执行JFR，调用方传入的URMA context、provider操作表、JFS对象不满足接口前置条件，无法继续完成本次URMA操作。,无
urma_840,用户,URMA context、设备对象、JFS对象无效导致执行JFR失败,关键日志：匹配`urma_unadvise_jfr`，匹配`Invalid parameter.`；日志路径：系统日志文件（URMA_LOG_PATH）,函数用于执行JFR，调用方传入的URMA context、设备对象、JFS对象不满足接口前置条件，无法继续完成本次URMA操作。,无
urma_841,用户,URMA context、设备对象、provider操作表、JFS对象无效导致执行JFR失败,关键日志：匹配`urma_unadvise_jfr`，匹配`Invalid parameter.`；日志路径：系统日志文件（URMA_LOG_PATH）,函数用于执行JFR，调用方传入的URMA context、设备对象、provider操作表、JFS对象不满足接口前置条件，无法继续完成本次URMA操作。,无
urma_842,用户,URMA context、provider操作表、JFS对象无效导致执行JFR失败,关键日志：匹配`urma_advise_jfr_async`，匹配`Invalid parameter.`；日志路径：系统日志文件（URMA_LOG_PATH）,函数用于执行JFR，调用方传入的URMA context、provider操作表、JFS对象不满足接口前置条件，无法继续完成本次URMA操作。,无
urma_843,用户,URMA context、设备对象、JFS对象无效导致执行JFR失败,关键日志：匹配`urma_advise_jfr_async`，匹配`Invalid parameter.`；日志路径：系统日志文件（URMA_LOG_PATH）,函数用于执行JFR，调用方传入的URMA context、设备对象、JFS对象不满足接口前置条件，无法继续完成本次URMA操作。,无
urma_844,用户,URMA context、设备对象、provider操作表、JFS对象无效导致执行JFR失败,关键日志：匹配`urma_advise_jfr_async`，匹配`Invalid parameter.`；日志路径：系统日志文件（URMA_LOG_PATH）,函数用于执行JFR，调用方传入的URMA context、设备对象、provider操作表、JFS对象不满足接口前置条件，无法继续完成本次URMA操作。,无
urma_845,用户,URMA context、provider操作表无效导致确认context失败,关键日志：匹配`urma_ack_async_event`，匹配`Invalid parameter.`；日志路径：系统日志文件（URMA_LOG_PATH）,函数用于确认context，调用方传入的URMA context、provider操作表不满足接口前置条件，无法继续完成本次URMA操作。,无
urma_846,用户,URMA context、provider操作表无效导致确认context失败,关键日志：匹配`urma_ack_async_event`，匹配`Invalid parameter with ops nullptr.`；日志路径：系统日志文件（URMA_LOG_PATH）,函数用于确认context，调用方传入的URMA context、provider操作表不满足接口前置条件，无法继续完成本次URMA操作。,无
urma_847,用户,URMA context、provider操作表无效导致确认context失败,关键日志：匹配`urma_user_ctl`，匹配`Invalid parameter.`；日志路径：系统日志文件（URMA_LOG_PATH）,函数用于确认context，调用方传入的URMA context、provider操作表不满足接口前置条件，无法继续完成本次URMA操作。,无
urma_848,用户,URMA context、provider操作表、provider未提供user_ctl操作实现无效导致执行context失败,关键日志：匹配`urma_user_ctl`，匹配`Invalid parameter.`；日志路径：系统日志文件（URMA_LOG_PATH）,函数用于执行context，调用方传入的URMA context、provider操作表、provider未提供user_ctl操作实现不满足接口前置条件，无法继续完成本次URMA操作。,无
urma_849,URMA,执行context过程中依赖步骤失败,"关键日志：匹配`urma_user_ctl`，匹配`Failed to excecute user_ctl, ret:`；日志路径：系统日志文件（URMA_LOG_PATH）",函数用于执行context，执行过程中依赖的参数校验、状态转换、下层provider调用或系统资源处理未成功，导致本次URMA操作失败。,无
urma_850,URMA,分配设备过程中依赖步骤失败,关键日志：匹配`urma_match_driver`，匹配`snprintf failed`；日志路径：系统日志文件（URMA_LOG_PATH）,函数用于分配设备，执行过程中依赖的参数校验、状态转换、下层provider调用或系统资源处理未成功，导致本次URMA操作失败。,无
urma_851,URMA,执行context过程中依赖步骤失败,关键日志：匹配`check_valid_sgl`，匹配`sge is a null pointer.`；日志路径：系统日志文件（URMA_LOG_PATH）,函数用于执行context，执行过程中依赖的参数校验、状态转换、下层provider调用或系统资源处理未成功，导致本次URMA操作失败。,无
urma_852,用户,执行JFC所需输入对象无效导致轮询JFC失败,关键日志：匹配`urma_rearm_jfc`，匹配`Invalid parameter.`；日志路径：系统日志文件（URMA_LOG_PATH）,函数用于轮询JFC，调用方传入的执行JFC所需输入对象不满足接口前置条件，无法继续完成本次URMA操作。,无
urma_853,用户,等待JFC所需输入对象无效导致等待JFC失败,关键日志：匹配`urma_wait_jfc`，匹配`Invalid parameter.`；日志路径：系统日志文件（URMA_LOG_PATH）,函数用于等待JFC，调用方传入的等待JFC所需输入对象不满足接口前置条件，无法继续完成本次URMA操作。,无
urma_854,用户,确认JFC所需输入对象无效导致确认JFC失败,关键日志：匹配`urma_ack_jfc`，匹配`Invalid parameter.`；日志路径：系统日志文件（URMA_LOG_PATH）,函数用于确认JFC，调用方传入的确认JFC所需输入对象不满足接口前置条件，无法继续完成本次URMA操作。,无
urma_855,用户,确认JFC所需输入对象无效导致确认JFC失败,关键日志：匹配`urma_ack_jfc`，匹配`Invalid parameter.`；日志路径：系统日志文件（URMA_LOG_PATH）,函数用于确认JFC，调用方传入的确认JFC所需输入对象不满足接口前置条件，无法继续完成本次URMA操作。,无
urma_856,用户,执行EID所需输入对象无效导致执行EID失败,关键日志：匹配`urma_str_to_eid`，匹配`Invalid argument.`；日志路径：系统日志文件（URMA_LOG_PATH）,函数用于执行EID，调用方传入的执行EID所需输入对象不满足接口前置条件，无法继续完成本次URMA操作。,无
urma_857,URMA,执行EID过程中依赖步骤失败,关键日志：匹配`urma_str_to_eid`，匹配`format error:`；日志路径：系统日志文件（URMA_LOG_PATH）,函数用于执行EID，执行过程中依赖的参数校验、状态转换、下层provider调用或系统资源处理未成功，导致本次URMA操作失败。,无
urma_858,用户,执行URMA资源所需输入对象无效导致获取URMA资源失败,关键日志：匹配`urma_getenv_log_level`，匹配`Invalid parameter: log level str.`；日志路径：系统日志文件（URMA_LOG_PATH）,函数用于获取URMA资源，调用方传入的执行URMA资源所需输入对象不满足接口前置条件，无法继续完成本次URMA操作。,无
urma_859,用户,provider操作表无效导致注销URMA资源失败,关键日志：匹配`urma_validate_driver`，匹配`Invalid driver name length.`；日志路径：系统日志文件（URMA_LOG_PATH）,函数用于注销URMA资源，调用方传入的provider操作表不满足接口前置条件，无法继续完成本次URMA操作。,无
urma_860,URMA,打开URMA资源过程中依赖步骤失败,关键日志：匹配`urma_open_drivers`，匹配`Failed to prepare dli_fname.`；日志路径：系统日志文件（URMA_LOG_PATH）,函数用于打开URMA资源，执行过程中依赖的参数校验、状态转换、下层provider调用或系统资源处理未成功，导致本次URMA操作失败。,无
urma_861,OS,设备、EID、端口、能力或字符设备路径信息的sysfs读取或解析失败,关键日志：匹配`urma_open_drivers`，匹配`Failed to open liburma dir`；日志路径：系统日志文件（URMA_LOG_PATH）,函数需要从sysfs获取设备、EID、端口、能力或字符设备路径信息来构建设备上下文，文件打开、读取或内容解析失败导致URMA无法完成设备发现或能力初始化。,无
urma_862,URMA,打开URMA资源过程中依赖步骤失败,关键日志：匹配`urma_open_drivers`，匹配`snprintf_s`，匹配`failed`；日志路径：系统日志文件（URMA_LOG_PATH）,函数用于打开URMA资源，执行过程中依赖的参数校验、状态转换、下层provider调用或系统资源处理未成功，导致本次URMA操作失败。,无
urma_863,用户,URMA context、设备对象、provider操作表无效导致设置context失败,关键日志：匹配`urma_set_context_opt`，匹配`Invalid parameter.`；日志路径：系统日志文件（URMA_LOG_PATH）,函数用于设置context，调用方传入的URMA context、设备对象、provider操作表不满足接口前置条件，无法继续完成本次URMA操作。,无
urma_864,用户,URMA context、设备对象、provider操作表无效导致设置context失败,关键日志：匹配`urma_set_context_opt`，匹配`Invalid option value.`；日志路径：系统日志文件（URMA_LOG_PATH）,函数用于设置context，调用方传入的URMA context、设备对象、provider操作表不满足接口前置条件，无法继续完成本次URMA操作。,无
urma_865,用户,URMA context、设备对象、provider操作表无效导致设置context失败,关键日志：匹配`urma_set_context_opt`，匹配`Invalid option value len.`；日志路径：系统日志文件（URMA_LOG_PATH）,函数用于设置context，调用方传入的URMA context、设备对象、provider操作表不满足接口前置条件，无法继续完成本次URMA操作。,无
urma_866,用户,URMA context无效导致设置context失败,关键日志：匹配`urma_set_context_opt`，匹配`Invalid option name.`；日志路径：系统日志文件（URMA_LOG_PATH）,函数用于设置context，调用方传入的URMA context不满足接口前置条件，无法继续完成本次URMA操作。,无
