故障编号,故障名称,故障现象,故障原因,解决办法
urma_001,初始化失败,向下级匹配。,向下级匹配。,向下级匹配。
urma_002,urma_provider_bond_init 装载或匹配 provider 失败导致设备驱动能力不可用,关键日志：匹配 Provider Bond register ops failed；日志路径：URMA_LOG_PATH,urma_provider_bond_init 在初始化或注册设备时未能打开 provider 动态库、获取动态库路径、匹配驱动名称或完成 provider 注册，导致 URMA 用户态无法绑定对应设备的 provider 操作集。,无
urma_003,urma_register_log_func 校验 URMA 对象 无效导致注册流程拒绝继续执行,关键日志：匹配 Invalid parameter；日志路径：URMA_LOG_PATH,urma_register_log_func 在执行注册前发现调用方传入的 URMA 对象 不满足当前操作要求，通常是对象为空、状态不匹配或与 provider 能力不一致，因此直接返回错误以避免继续访问非法资源。,当前不会触发失败
urma_004,urma_register_provider_ops 校验 provider 无效导致注册流程拒绝继续执行,关键日志：匹配 Invalid parameter；日志路径：URMA_LOG_PATH,urma_register_provider_ops 在执行注册前发现调用方传入的 provider 不满足当前操作要求，通常是对象为空、状态不匹配或与 provider 能力不一致，因此直接返回错误以避免继续访问非法资源。,无
urma_005,urma_unregister_provider_ops 校验 provider 无效导致注册流程拒绝继续执行,关键日志：匹配 Invalid parameter；日志路径：URMA_LOG_PATH,urma_unregister_provider_ops 在执行注册前发现调用方传入的 provider 不满足当前操作要求，通常是对象为空、状态不匹配或与 provider 能力不一致，因此直接返回错误以避免继续访问非法资源。,无
urma_006,urma_init 装载或匹配 provider 失败导致设备驱动能力不可用,关键日志：匹配 urma_init has been called before；日志路径：URMA_LOG_PATH,urma_init 在初始化或注册设备时未能打开 provider 动态库、获取动态库路径、匹配驱动名称或完成 provider 注册，导致 URMA 用户态无法绑定对应设备的 provider 操作集。,查看 `/usr/lib64/urma` 目录下是否存在 `liburma_udma.so` 等驱动文件，确认文件具备执行权限，完成正确部署后重试
urma_007,urma_init 装载或匹配 provider 失败导致设备驱动能力不可用,关键日志：匹配 None of the providers registered；日志路径：URMA_LOG_PATH,urma_init 在初始化或注册设备时未能打开 provider 动态库、获取动态库路径、匹配驱动名称或完成 provider 注册，导致 URMA 用户态无法绑定对应设备的 provider 操作集。,查看 `/usr/lib64/urma` 目录下是否存在 `liburma_udma.so` 等驱动文件，确认文件具备执行权限，完成正确部署后重试
urma_008,建链失败,向下级匹配。,向下级匹配。,向下级匹配。
urma_009,bondp_create_jfc 执行创建 设备 失败导致当前资源状态无法推进,"关键日志：依次匹配 `Failed to create bondp comp, dev_name:`、`, eid_idx:`；日志路径：URMA_LOG_PATH",bondp_create_jfc 调用下层 provider、bond 组件或系统接口处理 设备 时返回失败，当前分支携带 ret/errno 等错误结果退出，导致该资源的创建、导入、修改、投递或清理状态无法继续推进。,无
urma_010,bondp_create_jfc 执行创建 context 失败导致当前资源状态无法推进,"关键日志：依次匹配 `Failed to create vjfc, dev_name:`、`, eid_idx:`；日志路径：URMA_LOG_PATH",bondp_create_jfc 调用下层 provider、bond 组件或系统接口处理 context 时返回失败，当前分支携带 ret/errno 等错误结果退出，导致该资源的创建、导入、修改、投递或清理状态无法继续推进。,无
urma_011,bondp_import_jetty 执行导入 context 失败导致当前资源状态无法推进,"关键日志：依次匹配 `Failed to import vjetty, [`、`]:`；日志路径：URMA_LOG_PATH",bondp_import_jetty 调用下层 provider、bond 组件或系统接口处理 context 时返回失败，当前分支携带 ret/errno 等错误结果退出，导致该资源的创建、导入、修改、投递或清理状态无法继续推进。,无
urma_012,bondp_import_jetty 校验 Jetty 业务条件不满足导致导入流程拒绝继续执行,"关键日志：匹配 `Multi-path jetty only support CTP, tp_type:`；日志路径：URMA_LOG_PATH",bondp_import_jetty 在执行导入时发现 Jetty 的传输模式、绑定关系、路由选择、数量限制或设备属性与当前操作要求不一致，因此直接返回错误，避免建立错误的资源关系或下发不被支持的请求。,无
urma_013,bondp_import_jetty 校验 Jetty 业务条件不满足导致导入流程拒绝继续执行,"关键日志：匹配 `Multi-path jetty only support RM or RC, trans_mode:`；日志路径：URMA_LOG_PATH",bondp_import_jetty 在执行导入时发现 Jetty 的传输模式、绑定关系、路由选择、数量限制或设备属性与当前操作要求不一致，因此直接返回错误，避免建立错误的资源关系或下发不被支持的请求。,无
urma_014,bondp_import_jetty 校验 Jetty 业务条件不满足导致导入流程拒绝继续执行,"关键日志：匹配 `Single-path jetty only support UTP or RTP, tp_type:`；日志路径：URMA_LOG_PATH",bondp_import_jetty 在执行导入时发现 Jetty 的传输模式、绑定关系、路由选择、数量限制或设备属性与当前操作要求不一致，因此直接返回错误，避免建立错误的资源关系或下发不被支持的请求。,无
urma_015,bondp_import_jetty 校验 Jetty 业务条件不满足导致导入流程拒绝继续执行,"关键日志：匹配 `Single-path jetty only support RC, trans_mode:`；日志路径：URMA_LOG_PATH",bondp_import_jetty 在执行导入时发现 Jetty 的传输模式、绑定关系、路由选择、数量限制或设备属性与当前操作要求不一致，因此直接返回错误，避免建立错误的资源关系或下发不被支持的请求。,无
urma_016,bondp_import_jetty 执行导入 context 失败导致当前资源状态无法推进,关键日志：匹配 Failed to import pjetty；日志路径：URMA_LOG_PATH,bondp_import_jetty 调用下层 provider、bond 组件或系统接口处理 context 时返回失败，当前分支携带 ret/errno 等错误结果退出，导致该资源的创建、导入、修改、投递或清理状态无法继续推进。,无
urma_017,bind_jetty_single_path 校验 Jetty 业务条件不满足导致绑定流程拒绝继续执行,关键日志：匹配 No valid direct route；日志路径：URMA_LOG_PATH,bind_jetty_single_path 在执行绑定时发现 Jetty 的传输模式、绑定关系、路由选择、数量限制或设备属性与当前操作要求不一致，因此直接返回错误，避免建立错误的资源关系或下发不被支持的请求。,无
urma_018,bondp_bind_jetty 校验 Jetty 无效导致绑定流程拒绝继续执行,关键日志：匹配 Invalid param jetty；日志路径：URMA_LOG_PATH,bondp_bind_jetty 在执行绑定前发现调用方传入的 Jetty 不满足当前操作要求，通常是对象为空、状态不匹配或与 provider 能力不一致，因此直接返回错误以避免继续访问非法资源。,无
urma_019,bondp_bind_jetty 校验 Jetty 业务条件不满足导致绑定流程拒绝继续执行,关键日志：匹配 Jetty already has a binded target jetty；日志路径：URMA_LOG_PATH,bondp_bind_jetty 在执行绑定时发现 Jetty 的传输模式、绑定关系、路由选择、数量限制或设备属性与当前操作要求不一致，因此直接返回错误，避免建立错误的资源关系或下发不被支持的请求。,无
urma_020,bondp_bind_jetty 校验 context 业务条件不满足导致绑定流程拒绝继续执行,关键日志：匹配 The is_multipath attributes of jetty and tjetty are different；日志路径：URMA_LOG_PATH,bondp_bind_jetty 在执行绑定时发现 context 的传输模式、绑定关系、路由选择、数量限制或设备属性与当前操作要求不一致，因此直接返回错误，避免建立错误的资源关系或下发不被支持的请求。,无
urma_021,bondp_unbind_jetty 校验 Jetty 无效导致绑定流程拒绝继续执行,关键日志：匹配 Invalid param jetty；日志路径：URMA_LOG_PATH,bondp_unbind_jetty 在执行绑定前发现调用方传入的 Jetty 不满足当前操作要求，通常是对象为空、状态不匹配或与 provider 能力不一致，因此直接返回错误以避免继续访问非法资源。,无
urma_022,bondp_unbind_jetty 执行绑定 目标 Jetty 失败导致当前资源状态无法推进,关键日志：依次匹配 `Failed to unbind tjetty [`、`](`；日志路径：URMA_LOG_PATH,bondp_unbind_jetty 调用下层 provider、bond 组件或系统接口处理 目标 Jetty 时返回失败，当前分支携带 ret/errno 等错误结果退出，导致该资源的创建、导入、修改、投递或清理状态无法继续推进。,无
urma_023,import_jfr_default 校验 JFR 业务条件不满足导致导入流程拒绝继续执行,"关键日志：匹配 Failed to import jfr, no valid route to rjfr；日志路径：URMA_LOG_PATH",import_jfr_default 在执行导入时发现 JFR 的传输模式、绑定关系、路由选择、数量限制或设备属性与当前操作要求不一致，因此直接返回错误，避免建立错误的资源关系或下发不被支持的请求。,无
urma_024,get_new_jfs_wr 执行获取 JFS 失败导致当前资源状态无法推进,关键日志：匹配 `unsupport opcode`；日志路径：URMA_LOG_PATH,get_new_jfs_wr 调用下层 provider、bond 组件或系统接口处理 JFS 时返回失败，当前分支携带 ret/errno 等错误结果退出，导致该资源的创建、导入、修改、投递或清理状态无法继续推进。,无
urma_025,bondp_global_ctx_init 分配 context 临时参数失败导致初始化流程无法继续,关键日志：匹配 Failed to alloc global context；日志路径：URMA_LOG_PATH,bondp_global_ctx_init 需要为 context 构造命令参数、资源描述或临时缓存，但内存分配返回失败，后续 provider 调用或驱动命令缺少必要入参，因此当前 URMA 操作被阻断。,无
urma_026,get_bonding_eid_by_target_eid 校验 EID 无效导致获取流程拒绝继续执行,关键日志：匹配 Invalid param；日志路径：URMA_LOG_PATH,get_bonding_eid_by_target_eid 在执行获取前发现调用方传入的 EID 不满足当前操作要求，通常是对象为空、状态不匹配或与 provider 能力不一致，因此直接返回错误以避免继续访问非法资源。,无
urma_027,urma_cmd_create_jfs 校验 context 无效导致创建流程拒绝继续执行,关键日志：匹配 Invalid parameter；日志路径：URMA_LOG_PATH,urma_cmd_create_jfs 在执行创建前发现调用方传入的 context 不满足当前操作要求，通常是对象为空、状态不匹配或与 provider 能力不一致，因此直接返回错误以避免继续访问非法资源。,无
urma_028,urma_cmd_set_jfs_opt URMA 控制面命令 ioctl 下发内核驱动失败导致用户态操作中断,关键日志：匹配 jfc not exist in jfs；日志路径：URMA_LOG_PATH,urma_cmd_set_jfs_opt 通过 fd 向内核驱动下发URMA 控制面命令请求时，ioctl 返回失败，说明内核驱动没有完成对应控制面动作，用户态无法取得或更新 JFS 状态。,无
urma_029,urma_cmd_set_jfs_opt URMA 控制面命令 ioctl 下发内核驱动失败导致用户态操作中断,"关键日志：依次匹配 `ioctl failed in urma_cmd_set_jfs_opt, ret:`、`, errno:`；日志路径：URMA_LOG_PATH",urma_cmd_set_jfs_opt 通过 fd 向内核驱动下发URMA 控制面命令请求时，ioctl 返回失败，说明内核驱动没有完成对应控制面动作，用户态无法取得或更新 JFS 状态。,无
urma_030,urma_cmd_get_jfs_opt 校验 JFS 无效导致获取流程拒绝继续执行,关键日志：匹配 Invalid parameter；日志路径：URMA_LOG_PATH,urma_cmd_get_jfs_opt 在执行获取前发现调用方传入的 JFS 不满足当前操作要求，通常是对象为空、状态不匹配或与 provider 能力不一致，因此直接返回错误以避免继续访问非法资源。,无
urma_031,urma_cmd_get_jfs_opt 校验 context 无效导致获取流程拒绝继续执行,关键日志：匹配 Invalid parameter；日志路径：URMA_LOG_PATH,urma_cmd_get_jfs_opt 在执行获取前发现调用方传入的 context 不满足当前操作要求，通常是对象为空、状态不匹配或与 provider 能力不一致，因此直接返回错误以避免继续访问非法资源。,无
urma_032,urma_cmd_get_jfs_opt URMA 控制面命令 ioctl 下发内核驱动失败导致用户态操作中断,"关键日志：依次匹配 `ioctl failed in urma_cmd_get_jfs_opt, ret:`、`, errno:`；日志路径：URMA_LOG_PATH",urma_cmd_get_jfs_opt 通过 fd 向内核驱动下发URMA 控制面命令请求时，ioctl 返回失败，说明内核驱动没有完成对应控制面动作，用户态无法取得或更新 JFS 状态。,无
urma_033,urma_cmd_get_jfs_opt 校验 JFS 无效导致获取流程拒绝继续执行,关键日志：匹配 Invalid out buffer from kernel；日志路径：URMA_LOG_PATH,urma_cmd_get_jfs_opt 在执行获取前发现调用方传入的 JFS 不满足当前操作要求，通常是对象为空、状态不匹配或与 provider 能力不一致，因此直接返回错误以避免继续访问非法资源。,无
urma_034,urma_cmd_get_jfs_opt URMA 控制面命令 ioctl 下发内核驱动失败导致用户态操作中断,"关键日志：依次匹配 `output length too large, out.len=`、`, buf.len=`；日志路径：URMA_LOG_PATH",urma_cmd_get_jfs_opt 通过 fd 向内核驱动下发URMA 控制面命令请求时，ioctl 返回失败，说明内核驱动没有完成对应控制面动作，用户态无法取得或更新 JFS 状态。,无
urma_035,urma_cmd_active_jfs 校验 context 无效导致激活流程拒绝继续执行,关键日志：匹配 Invalid parameter；日志路径：URMA_LOG_PATH,urma_cmd_active_jfs 在执行激活前发现调用方传入的 context 不满足当前操作要求，通常是对象为空、状态不匹配或与 provider 能力不一致，因此直接返回错误以避免继续访问非法资源。,无
urma_036,urma_cmd_active_jfs URMA 控制面命令 ioctl 下发内核驱动失败导致用户态操作中断,"关键日志：依次匹配 `ioctl failed in urma_cmd_active_jfs, ret:`、`, errno:`；日志路径：URMA_LOG_PATH",urma_cmd_active_jfs 通过 fd 向内核驱动下发URMA 控制面命令请求时，ioctl 返回失败，说明内核驱动没有完成对应控制面动作，用户态无法取得或更新 JFS 状态。,无
urma_037,urma_cmd_deactive_jfs 校验 context 无效导致激活流程拒绝继续执行,关键日志：匹配 Invalid parameter；日志路径：URMA_LOG_PATH,urma_cmd_deactive_jfs 在执行激活前发现调用方传入的 context 不满足当前操作要求，通常是对象为空、状态不匹配或与 provider 能力不一致，因此直接返回错误以避免继续访问非法资源。,无
urma_038,urma_cmd_deactive_jfs URMA 控制面命令 ioctl 下发内核驱动失败导致用户态操作中断,"关键日志：依次匹配 `ioctl failed in urma_cmd_deactive_jfs, ret:`、`, errno:`；日志路径：URMA_LOG_PATH",urma_cmd_deactive_jfs 通过 fd 向内核驱动下发URMA 控制面命令请求时，ioctl 返回失败，说明内核驱动没有完成对应控制面动作，用户态无法取得或更新 JFS 状态。,无
urma_039,urma_cmd_get_jfc_opt 校验 JFC 无效导致获取流程拒绝继续执行,关键日志：匹配 Invalid parameter；日志路径：URMA_LOG_PATH,urma_cmd_get_jfc_opt 在执行获取前发现调用方传入的 JFC 不满足当前操作要求，通常是对象为空、状态不匹配或与 provider 能力不一致，因此直接返回错误以避免继续访问非法资源。,无
urma_040,urma_cmd_get_jfc_opt 校验 context 无效导致获取流程拒绝继续执行,关键日志：匹配 Invalid parameter；日志路径：URMA_LOG_PATH,urma_cmd_get_jfc_opt 在执行获取前发现调用方传入的 context 不满足当前操作要求，通常是对象为空、状态不匹配或与 provider 能力不一致，因此直接返回错误以避免继续访问非法资源。,无
urma_041,urma_cmd_get_jfc_opt URMA 控制面命令 ioctl 下发内核驱动失败导致用户态操作中断,"关键日志：依次匹配 `ioctl failed in urma_cmd_get_jfc_opt, ret:`、`, errno:`；日志路径：URMA_LOG_PATH",urma_cmd_get_jfc_opt 通过 fd 向内核驱动下发URMA 控制面命令请求时，ioctl 返回失败，说明内核驱动没有完成对应控制面动作，用户态无法取得或更新 JFC 状态。,无
urma_042,urma_cmd_get_jfc_opt 校验 JFC 无效导致获取流程拒绝继续执行,关键日志：匹配 Invalid out buffer from kernel；日志路径：URMA_LOG_PATH,urma_cmd_get_jfc_opt 在执行获取前发现调用方传入的 JFC 不满足当前操作要求，通常是对象为空、状态不匹配或与 provider 能力不一致，因此直接返回错误以避免继续访问非法资源。,无
urma_043,urma_cmd_get_jfc_opt URMA 控制面命令 ioctl 下发内核驱动失败导致用户态操作中断,"关键日志：依次匹配 `output length too large, out.len=`、`, buf.len=`；日志路径：URMA_LOG_PATH",urma_cmd_get_jfc_opt 通过 fd 向内核驱动下发URMA 控制面命令请求时，ioctl 返回失败，说明内核驱动没有完成对应控制面动作，用户态无法取得或更新 JFC 状态。,无
urma_044,urma_cmd_active_jfc 校验 context 无效导致激活流程拒绝继续执行,关键日志：匹配 Invalid parameter；日志路径：URMA_LOG_PATH,urma_cmd_active_jfc 在执行激活前发现调用方传入的 context 不满足当前操作要求，通常是对象为空、状态不匹配或与 provider 能力不一致，因此直接返回错误以避免继续访问非法资源。,无
urma_045,urma_cmd_active_jfc URMA 控制面命令 ioctl 下发内核驱动失败导致用户态操作中断,"关键日志：依次匹配 `ioctl failed in urma_cmd_active_jfc, ret:`、`, errno:`；日志路径：URMA_LOG_PATH",urma_cmd_active_jfc 通过 fd 向内核驱动下发URMA 控制面命令请求时，ioctl 返回失败，说明内核驱动没有完成对应控制面动作，用户态无法取得或更新 JFC 状态。,无
urma_046,urma_cmd_deactive_jfc 校验 context 无效导致激活流程拒绝继续执行,关键日志：匹配 Invalid parameter；日志路径：URMA_LOG_PATH,urma_cmd_deactive_jfc 在执行激活前发现调用方传入的 context 不满足当前操作要求，通常是对象为空、状态不匹配或与 provider 能力不一致，因此直接返回错误以避免继续访问非法资源。,无
urma_047,urma_cmd_deactive_jfc URMA 控制面命令 ioctl 下发内核驱动失败导致用户态操作中断,"关键日志：依次匹配 `ioctl failed in urma_cmd_active_jfc, ret:`、`, errno:`；日志路径：URMA_LOG_PATH",urma_cmd_deactive_jfc 通过 fd 向内核驱动下发URMA 控制面命令请求时，ioctl 返回失败，说明内核驱动没有完成对应控制面动作，用户态无法取得或更新 JFC 状态。,无
urma_048,urma_cmd_create_jfce URMA 控制面命令 ioctl 下发内核驱动失败导致用户态操作中断,"关键日志：依次匹配 `ioctl failed in urma_cmd_create_jfce, ret:`、`, errno:`；日志路径：URMA_LOG_PATH",urma_cmd_create_jfce 通过 fd 向内核驱动下发URMA 控制面命令请求时，ioctl 返回失败，说明内核驱动没有完成对应控制面动作，用户态无法取得或更新 JFCE 状态。,无
urma_049,urma_cmd_import_jfr 校验 context 无效导致导入流程拒绝继续执行,关键日志：匹配 Invalid parameter；日志路径：URMA_LOG_PATH,urma_cmd_import_jfr 在执行导入前发现调用方传入的 context 不满足当前操作要求，通常是对象为空、状态不匹配或与 provider 能力不一致，因此直接返回错误以避免继续访问非法资源。,无
urma_050,urma_cmd_import_jfr_ex 校验 context 无效导致导入流程拒绝继续执行,关键日志：匹配 Invalid parameter；日志路径：URMA_LOG_PATH,urma_cmd_import_jfr_ex 在执行导入前发现调用方传入的 context 不满足当前操作要求，通常是对象为空、状态不匹配或与 provider 能力不一致，因此直接返回错误以避免继续访问非法资源。,无
urma_051,urma_cmd_set_jfr_opt URMA 控制面命令 ioctl 下发内核驱动失败导致用户态操作中断,关键日志：匹配 jfc not exist in jfr；日志路径：URMA_LOG_PATH,urma_cmd_set_jfr_opt 通过 fd 向内核驱动下发URMA 控制面命令请求时，ioctl 返回失败，说明内核驱动没有完成对应控制面动作，用户态无法取得或更新 JFR 状态。,无
urma_052,urma_cmd_set_jfr_opt URMA 控制面命令 ioctl 下发内核驱动失败导致用户态操作中断,"关键日志：依次匹配 `ioctl failed in urma_cmd_set_jfr_opt, ret:`、`, errno:`；日志路径：URMA_LOG_PATH",urma_cmd_set_jfr_opt 通过 fd 向内核驱动下发URMA 控制面命令请求时，ioctl 返回失败，说明内核驱动没有完成对应控制面动作，用户态无法取得或更新 JFR 状态。,无
urma_053,urma_cmd_get_jfr_opt 校验 JFR 无效导致获取流程拒绝继续执行,关键日志：匹配 Invalid parameter；日志路径：URMA_LOG_PATH,urma_cmd_get_jfr_opt 在执行获取前发现调用方传入的 JFR 不满足当前操作要求，通常是对象为空、状态不匹配或与 provider 能力不一致，因此直接返回错误以避免继续访问非法资源。,无
urma_054,urma_cmd_get_jfr_opt 校验 context 无效导致获取流程拒绝继续执行,关键日志：匹配 Invalid parameter；日志路径：URMA_LOG_PATH,urma_cmd_get_jfr_opt 在执行获取前发现调用方传入的 context 不满足当前操作要求，通常是对象为空、状态不匹配或与 provider 能力不一致，因此直接返回错误以避免继续访问非法资源。,无
urma_055,urma_cmd_get_jfr_opt URMA 控制面命令 ioctl 下发内核驱动失败导致用户态操作中断,"关键日志：依次匹配 `ioctl failed in urma_cmd_get_jfr_opt, ret:`、`, errno:`；日志路径：URMA_LOG_PATH",urma_cmd_get_jfr_opt 通过 fd 向内核驱动下发URMA 控制面命令请求时，ioctl 返回失败，说明内核驱动没有完成对应控制面动作，用户态无法取得或更新 JFR 状态。,无
urma_056,urma_cmd_get_jfr_opt 校验 JFR 无效导致获取流程拒绝继续执行,关键日志：匹配 Invalid out buffer from kernel；日志路径：URMA_LOG_PATH,urma_cmd_get_jfr_opt 在执行获取前发现调用方传入的 JFR 不满足当前操作要求，通常是对象为空、状态不匹配或与 provider 能力不一致，因此直接返回错误以避免继续访问非法资源。,无
urma_057,urma_cmd_get_jfr_opt URMA 控制面命令 ioctl 下发内核驱动失败导致用户态操作中断,"关键日志：依次匹配 `output length too large, out.len=`、`, buf.len=`；日志路径：URMA_LOG_PATH",urma_cmd_get_jfr_opt 通过 fd 向内核驱动下发URMA 控制面命令请求时，ioctl 返回失败，说明内核驱动没有完成对应控制面动作，用户态无法取得或更新 JFR 状态。,无
urma_058,urma_cmd_active_jfr 校验 context 无效导致激活流程拒绝继续执行,关键日志：匹配 Invalid parameter；日志路径：URMA_LOG_PATH,urma_cmd_active_jfr 在执行激活前发现调用方传入的 context 不满足当前操作要求，通常是对象为空、状态不匹配或与 provider 能力不一致，因此直接返回错误以避免继续访问非法资源。,无
urma_059,urma_cmd_active_jfr URMA 控制面命令 ioctl 下发内核驱动失败导致用户态操作中断,"关键日志：依次匹配 `ioctl failed in urma_cmd_active_jfr, ret:`、`, errno:`；日志路径：URMA_LOG_PATH",urma_cmd_active_jfr 通过 fd 向内核驱动下发URMA 控制面命令请求时，ioctl 返回失败，说明内核驱动没有完成对应控制面动作，用户态无法取得或更新 JFR 状态。,无
urma_060,urma_cmd_deactive_jfr 校验 context 无效导致激活流程拒绝继续执行,关键日志：匹配 Invalid parameter；日志路径：URMA_LOG_PATH,urma_cmd_deactive_jfr 在执行激活前发现调用方传入的 context 不满足当前操作要求，通常是对象为空、状态不匹配或与 provider 能力不一致，因此直接返回错误以避免继续访问非法资源。,无
urma_061,urma_cmd_deactive_jfr URMA 控制面命令 ioctl 下发内核驱动失败导致用户态操作中断,"关键日志：依次匹配 `ioctl failed in urma_cmd_deactive_jfr, ret:`、`, errno:`；日志路径：URMA_LOG_PATH",urma_cmd_deactive_jfr 通过 fd 向内核驱动下发URMA 控制面命令请求时，ioctl 返回失败，说明内核驱动没有完成对应控制面动作，用户态无法取得或更新 JFR 状态。,无
urma_062,urma_cmd_bind_jetty 校验 context 无效导致绑定流程拒绝继续执行,关键日志：匹配 Invalid parameter；日志路径：URMA_LOG_PATH,urma_cmd_bind_jetty 在执行绑定前发现调用方传入的 context 不满足当前操作要求，通常是对象为空、状态不匹配或与 provider 能力不一致，因此直接返回错误以避免继续访问非法资源。,无
urma_063,urma_cmd_bind_jetty_ex 校验 context 无效导致绑定流程拒绝继续执行,关键日志：匹配 Invalid parameter；日志路径：URMA_LOG_PATH,urma_cmd_bind_jetty_ex 在执行绑定前发现调用方传入的 context 不满足当前操作要求，通常是对象为空、状态不匹配或与 provider 能力不一致，因此直接返回错误以避免继续访问非法资源。,无
urma_064,urma_cmd_unbind_jetty 校验 context 无效导致绑定流程拒绝继续执行,关键日志：匹配 Invalid parameter；日志路径：URMA_LOG_PATH,urma_cmd_unbind_jetty 在执行绑定前发现调用方传入的 context 不满足当前操作要求，通常是对象为空、状态不匹配或与 provider 能力不一致，因此直接返回错误以避免继续访问非法资源。,无
urma_065,urma_cmd_import_jetty 校验 context 无效导致导入流程拒绝继续执行,关键日志：匹配 Invalid parameter；日志路径：URMA_LOG_PATH,urma_cmd_import_jetty 在执行导入前发现调用方传入的 context 不满足当前操作要求，通常是对象为空、状态不匹配或与 provider 能力不一致，因此直接返回错误以避免继续访问非法资源。,无
urma_066,urma_cmd_import_jetty_ex 校验 context 无效导致导入流程拒绝继续执行,关键日志：匹配 Invalid parameter；日志路径：URMA_LOG_PATH,urma_cmd_import_jetty_ex 在执行导入前发现调用方传入的 context 不满足当前操作要求，通常是对象为空、状态不匹配或与 provider 能力不一致，因此直接返回错误以避免继续访问非法资源。,无
urma_067,urma_cmd_set_jetty_opt 装载或匹配 provider 失败导致设备驱动能力不可用,关键日志：匹配 jetty->jetty_cfg.shared.jfc is not exist；日志路径：URMA_LOG_PATH,urma_cmd_set_jetty_opt 在初始化或注册设备时未能打开 provider 动态库、获取动态库路径、匹配驱动名称或完成 provider 注册，导致 URMA 用户态无法绑定对应设备的 provider 操作集。,无
urma_068,urma_cmd_set_jetty_opt 装载或匹配 provider 失败导致设备驱动能力不可用,关键日志：匹配 jetty->jetty_cfg.shared.jfr is not exist；日志路径：URMA_LOG_PATH,urma_cmd_set_jetty_opt 在初始化或注册设备时未能打开 provider 动态库、获取动态库路径、匹配驱动名称或完成 provider 注册，导致 URMA 用户态无法绑定对应设备的 provider 操作集。,无
urma_069,urma_cmd_set_jetty_opt 装载或匹配 provider 失败导致设备驱动能力不可用,关键日志：匹配 jetty->jetty_cfg.jetty_grp is not exist；日志路径：URMA_LOG_PATH,urma_cmd_set_jetty_opt 在初始化或注册设备时未能打开 provider 动态库、获取动态库路径、匹配驱动名称或完成 provider 注册，导致 URMA 用户态无法绑定对应设备的 provider 操作集。,无
urma_070,urma_cmd_set_jetty_opt URMA 控制面命令 ioctl 下发内核驱动失败导致用户态操作中断,关键日志：匹配 jetty->jetty_cfg.jfs_cfg.jfc is not exist；日志路径：URMA_LOG_PATH,urma_cmd_set_jetty_opt 通过 fd 向内核驱动下发URMA 控制面命令请求时，ioctl 返回失败，说明内核驱动没有完成对应控制面动作，用户态无法取得或更新 Jetty 状态。,无
urma_071,urma_cmd_set_jetty_opt URMA 控制面命令 ioctl 下发内核驱动失败导致用户态操作中断,"关键日志：依次匹配 `ioctl failed in urma_cmd_set_jetty_opt, ret:`、`, errno:`；日志路径：URMA_LOG_PATH",urma_cmd_set_jetty_opt 通过 fd 向内核驱动下发URMA 控制面命令请求时，ioctl 返回失败，说明内核驱动没有完成对应控制面动作，用户态无法取得或更新 Jetty 状态。,无
urma_072,urma_cmd_get_jetty_opt 校验 Jetty 无效导致获取流程拒绝继续执行,关键日志：匹配 Invalid parameter；日志路径：URMA_LOG_PATH,urma_cmd_get_jetty_opt 在执行获取前发现调用方传入的 Jetty 不满足当前操作要求，通常是对象为空、状态不匹配或与 provider 能力不一致，因此直接返回错误以避免继续访问非法资源。,无
urma_073,urma_cmd_get_jetty_opt 校验 context 无效导致获取流程拒绝继续执行,关键日志：匹配 Invalid parameter；日志路径：URMA_LOG_PATH,urma_cmd_get_jetty_opt 在执行获取前发现调用方传入的 context 不满足当前操作要求，通常是对象为空、状态不匹配或与 provider 能力不一致，因此直接返回错误以避免继续访问非法资源。,无
urma_074,urma_cmd_get_jetty_opt URMA 控制面命令 ioctl 下发内核驱动失败导致用户态操作中断,"关键日志：依次匹配 `ioctl failed in urma_cmd_get_jetty_opt, ret:`、`, errno:`；日志路径：URMA_LOG_PATH",urma_cmd_get_jetty_opt 通过 fd 向内核驱动下发URMA 控制面命令请求时，ioctl 返回失败，说明内核驱动没有完成对应控制面动作，用户态无法取得或更新 Jetty 状态。,无
urma_075,urma_cmd_get_jetty_opt 校验 Jetty 无效导致获取流程拒绝继续执行,关键日志：匹配 Invalid out buffer from kernel；日志路径：URMA_LOG_PATH,urma_cmd_get_jetty_opt 在执行获取前发现调用方传入的 Jetty 不满足当前操作要求，通常是对象为空、状态不匹配或与 provider 能力不一致，因此直接返回错误以避免继续访问非法资源。,无
urma_076,urma_cmd_active_jetty 校验 context 无效导致激活流程拒绝继续执行,关键日志：匹配 Invalid parameter；日志路径：URMA_LOG_PATH,urma_cmd_active_jetty 在执行激活前发现调用方传入的 context 不满足当前操作要求，通常是对象为空、状态不匹配或与 provider 能力不一致，因此直接返回错误以避免继续访问非法资源。,无
urma_077,urma_cmd_active_jetty 校验 Jetty 无效导致激活流程拒绝继续执行,关键日志：匹配 Invalid flag；日志路径：URMA_LOG_PATH,urma_cmd_active_jetty 在执行激活前发现调用方传入的 Jetty 不满足当前操作要求，通常是对象为空、状态不匹配或与 provider 能力不一致，因此直接返回错误以避免继续访问非法资源。,无
urma_078,urma_cmd_active_jetty URMA 控制面命令 ioctl 下发内核驱动失败导致用户态操作中断,"关键日志：匹配 `ioctl failed in urma_cmd_active_jetty, ret:`；日志路径：URMA_LOG_PATH",urma_cmd_active_jetty 通过 fd 向内核驱动下发URMA 控制面命令请求时，ioctl 返回失败，说明内核驱动没有完成对应控制面动作，用户态无法取得或更新 Jetty 状态。,无
urma_079,urma_cmd_deactive_jetty 校验 context 无效导致激活流程拒绝继续执行,关键日志：匹配 Invalid parameter；日志路径：URMA_LOG_PATH,urma_cmd_deactive_jetty 在执行激活前发现调用方传入的 context 不满足当前操作要求，通常是对象为空、状态不匹配或与 provider 能力不一致，因此直接返回错误以避免继续访问非法资源。,无
urma_080,urma_cmd_deactive_jetty URMA 控制面命令 ioctl 下发内核驱动失败导致用户态操作中断,"关键日志：依次匹配 `ioctl failed in urma_cmd_deactive_jetty, ret:`、`, errno:`；日志路径：URMA_LOG_PATH",urma_cmd_deactive_jetty 通过 fd 向内核驱动下发URMA 控制面命令请求时，ioctl 返回失败，说明内核驱动没有完成对应控制面动作，用户态无法取得或更新 Jetty 状态。,无
urma_081,urma_cmd_modify_tp 校验 context 无效导致修改流程拒绝继续执行,关键日志：匹配 Invalid parameter；日志路径：URMA_LOG_PATH,urma_cmd_modify_tp 在执行修改前发现调用方传入的 context 不满足当前操作要求，通常是对象为空、状态不匹配或与 provider 能力不一致，因此直接返回错误以避免继续访问非法资源。,无
urma_082,urma_cmd_query_device_attr 校验 设备 无效导致查询流程拒绝继续执行,关键日志：匹配 Invalid parameter；日志路径：URMA_LOG_PATH,urma_cmd_query_device_attr 在执行查询前发现调用方传入的 设备 不满足当前操作要求，通常是对象为空、状态不匹配或与 provider 能力不一致，因此直接返回错误以避免继续访问非法资源。,无
urma_083,urma_cmd_import_jetty_async 校验 context 无效导致导入流程拒绝继续执行,关键日志：匹配 Invalid parameter；日志路径：URMA_LOG_PATH,urma_cmd_import_jetty_async 在执行导入前发现调用方传入的 context 不满足当前操作要求，通常是对象为空、状态不匹配或与 provider 能力不一致，因此直接返回错误以避免继续访问非法资源。,无
urma_084,urma_cmd_bind_jetty_async 校验 context 无效导致绑定流程拒绝继续执行,关键日志：匹配 Invalid parameter；日志路径：URMA_LOG_PATH,urma_cmd_bind_jetty_async 在执行绑定前发现调用方传入的 context 不满足当前操作要求，通常是对象为空、状态不匹配或与 provider 能力不一致，因此直接返回错误以避免继续访问非法资源。,无
urma_085,urma_cmd_unbind_jetty_async 校验 context 无效导致绑定流程拒绝继续执行,关键日志：匹配 Invalid parameter；日志路径：URMA_LOG_PATH,urma_cmd_unbind_jetty_async 在执行绑定前发现调用方传入的 context 不满足当前操作要求，通常是对象为空、状态不匹配或与 provider 能力不一致，因此直接返回错误以避免继续访问非法资源。,无
urma_086,urma_cmd_get_tp_list 校验 context 无效导致获取流程拒绝继续执行,关键日志：匹配 Invalid parameter；日志路径：URMA_LOG_PATH,urma_cmd_get_tp_list 在执行获取前发现调用方传入的 context 不满足当前操作要求，通常是对象为空、状态不匹配或与 provider 能力不一致，因此直接返回错误以避免继续访问非法资源。,无
urma_087,urma_cmd_set_tp_attr 校验 context 无效导致设置流程拒绝继续执行,关键日志：匹配 Invalid parameter；日志路径：URMA_LOG_PATH,urma_cmd_set_tp_attr 在执行设置前发现调用方传入的 context 不满足当前操作要求，通常是对象为空、状态不匹配或与 provider 能力不一致，因此直接返回错误以避免继续访问非法资源。,无
urma_088,urma_cmd_set_tp_attr 校验 TP 无效导致设置流程拒绝继续执行,关键日志：匹配 Invalid tp_attr bytes；日志路径：URMA_LOG_PATH,urma_cmd_set_tp_attr 在执行设置前发现调用方传入的 TP 不满足当前操作要求，通常是对象为空、状态不匹配或与 provider 能力不一致，因此直接返回错误以避免继续访问非法资源。,无
urma_089,urma_cmd_set_tp_attr URMA 控制面命令 ioctl 下发内核驱动失败导致用户态操作中断,"关键日志：匹配 `Failed in ioctl set_tp_attr, ret:`；日志路径：URMA_LOG_PATH",urma_cmd_set_tp_attr 通过 fd 向内核驱动下发URMA 控制面命令请求时，ioctl 返回失败，说明内核驱动没有完成对应控制面动作，用户态无法取得或更新 TP 状态。,无
urma_090,urma_cmd_get_tp_attr 校验 context 无效导致获取流程拒绝继续执行,关键日志：匹配 Invalid parameter；日志路径：URMA_LOG_PATH,urma_cmd_get_tp_attr 在执行获取前发现调用方传入的 context 不满足当前操作要求，通常是对象为空、状态不匹配或与 provider 能力不一致，因此直接返回错误以避免继续访问非法资源。,无
urma_091,urma_cmd_get_tp_attr 校验 TP 无效导致获取流程拒绝继续执行,关键日志：匹配 Invalid tp_attr bytes；日志路径：URMA_LOG_PATH,urma_cmd_get_tp_attr 在执行获取前发现调用方传入的 TP 不满足当前操作要求，通常是对象为空、状态不匹配或与 provider 能力不一致，因此直接返回错误以避免继续访问非法资源。,无
urma_092,urma_cmd_get_tp_attr URMA 控制面命令 ioctl 下发内核驱动失败导致用户态操作中断,"关键日志：匹配 `Failed in ioctl get_tp_attr, ret:`；日志路径：URMA_LOG_PATH",urma_cmd_get_tp_attr 通过 fd 向内核驱动下发URMA 控制面命令请求时，ioctl 返回失败，说明内核驱动没有完成对应控制面动作，用户态无法取得或更新 TP 状态。,无
urma_093,urma_cmd_exchange_tp_info 校验 context 无效导致处理流程拒绝继续执行,关键日志：匹配 Invalid parameter；日志路径：URMA_LOG_PATH,urma_cmd_exchange_tp_info 在执行处理前发现调用方传入的 context 不满足当前操作要求，通常是对象为空、状态不匹配或与 provider 能力不一致，因此直接返回错误以避免继续访问非法资源。,无
urma_094,urma_cmd_get_eid_by_ip 校验 context 无效导致获取流程拒绝继续执行,关键日志：匹配 Invalid parameter；日志路径：URMA_LOG_PATH,urma_cmd_get_eid_by_ip 在执行获取前发现调用方传入的 context 不满足当前操作要求，通常是对象为空、状态不匹配或与 provider 能力不一致，因此直接返回错误以避免继续访问非法资源。,无
urma_095,urma_tlv_ioctl 下发内核驱动失败导致用户态操作中断,"关键日志：依次匹配 `ioctl failed, ret:`、`, errno:`、`, cmd:`、`, kdrv_err:`；日志路径：URMA_LOG_PATH",urma_tlv_ioctl URMA内核态调用驱动异常，返回错误码2048，则容器中用户态日志出现ioctl失败，并且errno为特定的2048，故障发生在内核态驱动,UDMA驱动相关，需进一步排查硬件
urma_096,urma_active_jfc 校验 JFC 无效导致激活流程拒绝继续执行,关键日志：匹配 Invalid parameter；日志路径：URMA_LOG_PATH,urma_active_jfc 在执行激活前发现调用方传入的 JFC 不满足当前操作要求，通常是对象为空、状态不匹配或与 provider 能力不一致，因此直接返回错误以避免继续访问非法资源。,无
urma_097,urma_active_jfc 读取或解析 sysfs 设备/EID/端口信息失败导致设备信息不可用,"关键日志：依次匹配 `jfc cfg depth of range, depth:`、`, max_depth:`；日志路径：URMA_LOG_PATH",urma_active_jfc 依赖 sysfs 中的设备、EID、端口、能力或 cdev 路径信息枚举 URMA 设备并构建设备属性，但文件打开、读取、格式化路径或内容解析失败，导致设备、端口或 EID 信息无法被用户态正确使用。,无
urma_098,urma_active_jfc 读取或解析 sysfs 设备/EID/端口信息失败导致设备信息不可用,关键日志：匹配 Jfc state is wrong in active_jfc；日志路径：URMA_LOG_PATH,urma_active_jfc 依赖 sysfs 中的设备、EID、端口、能力或 cdev 路径信息枚举 URMA 设备并构建设备属性，但文件打开、读取、格式化路径或内容解析失败，导致设备、端口或 EID 信息无法被用户态正确使用。,无
urma_099,urma_active_jfc 校验 context 无效导致激活流程拒绝继续执行,关键日志：匹配 Invalid parameter；日志路径：URMA_LOG_PATH,urma_active_jfc 在执行激活前发现调用方传入的 context 不满足当前操作要求，通常是对象为空、状态不匹配或与 provider 能力不一致，因此直接返回错误以避免继续访问非法资源。,无
urma_100,urma_active_jfc 执行激活 JFC 失败导致当前资源状态无法推进,关键日志：匹配 Failed to exec ops->active_jfc；日志路径：URMA_LOG_PATH,urma_active_jfc 调用下层 provider、bond 组件或系统接口处理 JFC 时返回失败，当前分支携带 ret/errno 等错误结果退出，导致该资源的创建、导入、修改、投递或清理状态无法继续推进。,无
urma_101,urma_deactive_jfc 校验 JFC 无效导致激活流程拒绝继续执行,关键日志：匹配 Invalid parameter；日志路径：URMA_LOG_PATH,urma_deactive_jfc 在执行激活前发现调用方传入的 JFC 不满足当前操作要求，通常是对象为空、状态不匹配或与 provider 能力不一致，因此直接返回错误以避免继续访问非法资源。,无
urma_102,urma_deactive_jfc 执行激活 JFC 失败导致当前资源状态无法推进,关键日志：匹配 Jfc state is wrong in deactive_jfc；日志路径：URMA_LOG_PATH,urma_deactive_jfc 调用下层 provider、bond 组件或系统接口处理 JFC 时返回失败，当前分支携带 ret/errno 等错误结果退出，导致该资源的创建、导入、修改、投递或清理状态无法继续推进。,无
urma_103,urma_deactive_jfc 校验 context 无效导致激活流程拒绝继续执行,关键日志：匹配 Invalid parameter；日志路径：URMA_LOG_PATH,urma_deactive_jfc 在执行激活前发现调用方传入的 context 不满足当前操作要求，通常是对象为空、状态不匹配或与 provider 能力不一致，因此直接返回错误以避免继续访问非法资源。,无
urma_104,urma_deactive_jfc 执行激活 JFC 失败导致当前资源状态无法推进,关键日志：匹配 Failed to exec ops->deactive_jfc；日志路径：URMA_LOG_PATH,urma_deactive_jfc 调用下层 provider、bond 组件或系统接口处理 JFC 时返回失败，当前分支携带 ret/errno 等错误结果退出，导致该资源的创建、导入、修改、投递或清理状态无法继续推进。,无
urma_105,urma_active_jfs 校验 JFS 无效导致激活流程拒绝继续执行,关键日志：匹配 Invalid parameter；日志路径：URMA_LOG_PATH,urma_active_jfs 在执行激活前发现调用方传入的 JFS 不满足当前操作要求，通常是对象为空、状态不匹配或与 provider 能力不一致，因此直接返回错误以避免继续访问非法资源。,无
urma_106,urma_active_jfs 读取或解析 sysfs 设备/EID/端口信息失败导致设备信息不可用,关键日志：匹配 jfs state is wrong in active_jfs；日志路径：URMA_LOG_PATH,urma_active_jfs 依赖 sysfs 中的设备、EID、端口、能力或 cdev 路径信息枚举 URMA 设备并构建设备属性，但文件打开、读取、格式化路径或内容解析失败，导致设备、端口或 EID 信息无法被用户态正确使用。,无
urma_107,urma_active_jfs 校验 context 无效导致激活流程拒绝继续执行,关键日志：匹配 Invalid parameter；日志路径：URMA_LOG_PATH,urma_active_jfs 在执行激活前发现调用方传入的 context 不满足当前操作要求，通常是对象为空、状态不匹配或与 provider 能力不一致，因此直接返回错误以避免继续访问非法资源。,无
urma_108,urma_active_jfs 读取或解析 sysfs 设备/EID/端口信息失败导致设备信息不可用,"关键日志：依次匹配 `jfs cfg out of range, depth:`、`, max_depth:`、`, inline_data:`、`, max_inline_len:`、`, sge:`、`, max_sge:`、`, rsge:`、`, max_rsge:`；日志路径：URMA_LOG_PATH",urma_active_jfs 依赖 sysfs 中的设备、EID、端口、能力或 cdev 路径信息枚举 URMA 设备并构建设备属性，但文件打开、读取、格式化路径或内容解析失败，导致设备、端口或 EID 信息无法被用户态正确使用。,无
urma_109,urma_active_jfs 执行激活 JFS 失败导致当前资源状态无法推进,关键日志：匹配 Failed to exec ops->active_jfs；日志路径：URMA_LOG_PATH,urma_active_jfs 调用下层 provider、bond 组件或系统接口处理 JFS 时返回失败，当前分支携带 ret/errno 等错误结果退出，导致该资源的创建、导入、修改、投递或清理状态无法继续推进。,无
urma_110,urma_deactive_jfs 校验 JFS 无效导致激活流程拒绝继续执行,关键日志：匹配 Invalid parameter；日志路径：URMA_LOG_PATH,urma_deactive_jfs 在执行激活前发现调用方传入的 JFS 不满足当前操作要求，通常是对象为空、状态不匹配或与 provider 能力不一致，因此直接返回错误以避免继续访问非法资源。,无
urma_111,urma_deactive_jfs 执行激活 JFS 失败导致当前资源状态无法推进,关键日志：匹配 jfs state is wrong in deactive_jfs；日志路径：URMA_LOG_PATH,urma_deactive_jfs 调用下层 provider、bond 组件或系统接口处理 JFS 时返回失败，当前分支携带 ret/errno 等错误结果退出，导致该资源的创建、导入、修改、投递或清理状态无法继续推进。,无
urma_112,urma_deactive_jfs 校验 context 无效导致激活流程拒绝继续执行,关键日志：匹配 Invalid parameter；日志路径：URMA_LOG_PATH,urma_deactive_jfs 在执行激活前发现调用方传入的 context 不满足当前操作要求，通常是对象为空、状态不匹配或与 provider 能力不一致，因此直接返回错误以避免继续访问非法资源。,无
urma_113,urma_deactive_jfs 执行激活 JFS 失败导致当前资源状态无法推进,关键日志：匹配 Failed to exec ops->deactive_jfs；日志路径：URMA_LOG_PATH,urma_deactive_jfs 调用下层 provider、bond 组件或系统接口处理 JFS 时返回失败，当前分支携带 ret/errno 等错误结果退出，导致该资源的创建、导入、修改、投递或清理状态无法继续推进。,无
urma_114,urma_import_jfr_compat 校验 context 无效导致导入流程拒绝继续执行,关键日志：匹配 Invalid parameter；日志路径：URMA_LOG_PATH,urma_import_jfr_compat 在执行导入前发现调用方传入的 context 不满足当前操作要求，通常是对象为空、状态不匹配或与 provider 能力不一致，因此直接返回错误以避免继续访问非法资源。,无
urma_115,urma_import_jfr_compat 校验 context 无效导致导入流程拒绝继续执行,关键日志：匹配 Invalid parameter；日志路径：URMA_LOG_PATH,urma_import_jfr_compat 在执行导入前发现调用方传入的 context 不满足当前操作要求，通常是对象为空、状态不匹配或与 provider 能力不一致，因此直接返回错误以避免继续访问非法资源。,无
urma_116,urma_import_jfr 校验 context 无效导致导入流程拒绝继续执行,关键日志：匹配 Invalid parameter；日志路径：URMA_LOG_PATH,urma_import_jfr 在执行导入前发现调用方传入的 context 不满足当前操作要求，通常是对象为空、状态不匹配或与 provider 能力不一致，因此直接返回错误以避免继续访问非法资源。,UDMA 错误定界；建链交换信息失败，可重试
urma_117,urma_active_jfr 校验 JFR 无效导致激活流程拒绝继续执行,关键日志：匹配 Invalid parameter；日志路径：URMA_LOG_PATH,urma_active_jfr 在执行激活前发现调用方传入的 JFR 不满足当前操作要求，通常是对象为空、状态不匹配或与 provider 能力不一致，因此直接返回错误以避免继续访问非法资源。,无
urma_118,urma_active_jfr 校验 JFR 无效导致激活流程拒绝继续执行,"关键日志：匹配 `Invalid parameter, trans_mode:`；日志路径：URMA_LOG_PATH",urma_active_jfr 在执行激活前发现调用方传入的 JFR 不满足当前操作要求，通常是对象为空、状态不匹配或与 provider 能力不一致，因此直接返回错误以避免继续访问非法资源。,无
urma_119,urma_active_jfr 校验 context 无效导致激活流程拒绝继续执行,关键日志：匹配 Invalid parameter；日志路径：URMA_LOG_PATH,urma_active_jfr 在执行激活前发现调用方传入的 context 不满足当前操作要求，通常是对象为空、状态不匹配或与 provider 能力不一致，因此直接返回错误以避免继续访问非法资源。,无
urma_120,urma_active_jfr 读取或解析 sysfs 设备/EID/端口信息失败导致设备信息不可用,"关键日志：依次匹配 `jfr cfg out of range, depth:`、`, max_depth:`、`, sge:`、`, max_sge:`；日志路径：URMA_LOG_PATH",urma_active_jfr 依赖 sysfs 中的设备、EID、端口、能力或 cdev 路径信息枚举 URMA 设备并构建设备属性，但文件打开、读取、格式化路径或内容解析失败，导致设备、端口或 EID 信息无法被用户态正确使用。,无
urma_121,urma_active_jfr 读取或解析 sysfs 设备/EID/端口信息失败导致设备信息不可用,关键日志：匹配 jfr state is wrong in active_jfr；日志路径：URMA_LOG_PATH,urma_active_jfr 依赖 sysfs 中的设备、EID、端口、能力或 cdev 路径信息枚举 URMA 设备并构建设备属性，但文件打开、读取、格式化路径或内容解析失败，导致设备、端口或 EID 信息无法被用户态正确使用。,无
urma_122,urma_active_jfr 执行激活 JFR 失败导致当前资源状态无法推进,关键日志：匹配 Failed to exec ops->active_jfr；日志路径：URMA_LOG_PATH,urma_active_jfr 调用下层 provider、bond 组件或系统接口处理 JFR 时返回失败，当前分支携带 ret/errno 等错误结果退出，导致该资源的创建、导入、修改、投递或清理状态无法继续推进。,无
urma_123,urma_deactive_jfr 校验 JFR 无效导致激活流程拒绝继续执行,关键日志：匹配 Invalid parameter；日志路径：URMA_LOG_PATH,urma_deactive_jfr 在执行激活前发现调用方传入的 JFR 不满足当前操作要求，通常是对象为空、状态不匹配或与 provider 能力不一致，因此直接返回错误以避免继续访问非法资源。,无
urma_124,urma_deactive_jfr 执行激活 JFR 失败导致当前资源状态无法推进,关键日志：匹配 jfr state is wrong in deactive_jfr；日志路径：URMA_LOG_PATH,urma_deactive_jfr 调用下层 provider、bond 组件或系统接口处理 JFR 时返回失败，当前分支携带 ret/errno 等错误结果退出，导致该资源的创建、导入、修改、投递或清理状态无法继续推进。,无
urma_125,urma_deactive_jfr 校验 context 无效导致激活流程拒绝继续执行,关键日志：匹配 Invalid parameter；日志路径：URMA_LOG_PATH,urma_deactive_jfr 在执行激活前发现调用方传入的 context 不满足当前操作要求，通常是对象为空、状态不匹配或与 provider 能力不一致，因此直接返回错误以避免继续访问非法资源。,无
urma_126,urma_deactive_jfr 执行激活 JFR 失败导致当前资源状态无法推进,关键日志：匹配 Failed to exec ops->deactive_jfr；日志路径：URMA_LOG_PATH,urma_deactive_jfr 调用下层 provider、bond 组件或系统接口处理 JFR 时返回失败，当前分支携带 ret/errno 等错误结果退出，导致该资源的创建、导入、修改、投递或清理状态无法继续推进。,无
urma_127,urma_flush_jetty 校验 context 无效导致处理流程拒绝继续执行,关键日志：匹配 Invalid parameter；日志路径：URMA_LOG_PATH,urma_flush_jetty 在执行处理前发现调用方传入的 context 不满足当前操作要求，通常是对象为空、状态不匹配或与 provider 能力不一致，因此直接返回错误以避免继续访问非法资源。,无
urma_128,urma_import_jetty_compat 校验 context 无效导致导入流程拒绝继续执行,关键日志：匹配 Invalid parameter；日志路径：URMA_LOG_PATH,urma_import_jetty_compat 在执行导入前发现调用方传入的 context 不满足当前操作要求，通常是对象为空、状态不匹配或与 provider 能力不一致，因此直接返回错误以避免继续访问非法资源。,无
urma_129,urma_import_jetty_compat 校验 context 无效导致导入流程拒绝继续执行,关键日志：匹配 Invalid parameter；日志路径：URMA_LOG_PATH,urma_import_jetty_compat 在执行导入前发现调用方传入的 context 不满足当前操作要求，通常是对象为空、状态不匹配或与 provider 能力不一致，因此直接返回错误以避免继续访问非法资源。,无
urma_130,urma_import_jetty 校验 context 无效导致导入流程拒绝继续执行,关键日志：匹配 Invalid parameter；日志路径：URMA_LOG_PATH,urma_import_jetty 在执行导入前发现调用方传入的 context 不满足当前操作要求，通常是对象为空、状态不匹配或与 provider 能力不一致，因此直接返回错误以避免继续访问非法资源。,无
urma_131,urma_bind_jetty 校验 目标 Jetty 无效导致绑定流程拒绝继续执行,关键日志：匹配 Invalid parameter；日志路径：URMA_LOG_PATH,urma_bind_jetty 在执行绑定前发现调用方传入的 目标 Jetty 不满足当前操作要求，通常是对象为空、状态不匹配或与 provider 能力不一致，因此直接返回错误以避免继续访问非法资源。,无
urma_132,urma_bind_jetty 校验 context 无效导致绑定流程拒绝继续执行,关键日志：匹配 Invalid parameter；日志路径：URMA_LOG_PATH,urma_bind_jetty 在执行绑定前发现调用方传入的 context 不满足当前操作要求，通常是对象为空、状态不匹配或与 provider 能力不一致，因此直接返回错误以避免继续访问非法资源。,无
urma_133,urma_bind_jetty 读取或解析 sysfs 设备/EID/端口信息失败导致设备信息不可用,关键日志：匹配 Not allowed to bind local jetty: of mode: with remote jetty: of mode；日志路径：URMA_LOG_PATH,urma_bind_jetty 依赖 sysfs 中的设备、EID、端口、能力或 cdev 路径信息枚举 URMA 设备并构建设备属性，但文件打开、读取、格式化路径或内容解析失败，导致设备、端口或 EID 信息无法被用户态正确使用。,无
urma_134,urma_bind_jetty 执行绑定 Jetty 失败导致当前资源状态无法推进,"关键日志：依次匹配 `Not allowed to bind local jetty:`、`of mode:`、`, with remote jetty:`、`of mode:`；日志路径：URMA_LOG_PATH",urma_bind_jetty 调用下层 provider、bond 组件或系统接口处理 Jetty 时返回失败，当前分支携带 ret/errno 等错误结果退出，导致该资源的创建、导入、修改、投递或清理状态无法继续推进。,无
urma_135,urma_bind_jetty_ex 校验 目标 Jetty 无效导致绑定流程拒绝继续执行,关键日志：匹配 Invalid parameter；日志路径：URMA_LOG_PATH,urma_bind_jetty_ex 在执行绑定前发现调用方传入的 目标 Jetty 不满足当前操作要求，通常是对象为空、状态不匹配或与 provider 能力不一致，因此直接返回错误以避免继续访问非法资源。,无
urma_136,urma_bind_jetty_ex 执行绑定 目标 Jetty 失败导致当前资源状态无法推进,关键日志：匹配 Not allowed to bind local jetty: of mode: with remote jetty: of mode；日志路径：URMA_LOG_PATH,urma_bind_jetty_ex 调用下层 provider、bond 组件或系统接口处理 目标 Jetty 时返回失败，当前分支携带 ret/errno 等错误结果退出，导致该资源的创建、导入、修改、投递或清理状态无法继续推进。,无
urma_137,urma_bind_jetty_ex 执行绑定 Jetty 失败导致当前资源状态无法推进,"关键日志：依次匹配 `Not allowed to bind local jetty:`、`, with remote jetty:`；日志路径：URMA_LOG_PATH",urma_bind_jetty_ex 调用下层 provider、bond 组件或系统接口处理 Jetty 时返回失败，当前分支携带 ret/errno 等错误结果退出，导致该资源的创建、导入、修改、投递或清理状态无法继续推进。,无
urma_138,urma_bind_jetty_ex 校验 context 无效导致绑定流程拒绝继续执行,关键日志：匹配 Invalid parameter；日志路径：URMA_LOG_PATH,urma_bind_jetty_ex 在执行绑定前发现调用方传入的 context 不满足当前操作要求，通常是对象为空、状态不匹配或与 provider 能力不一致，因此直接返回错误以避免继续访问非法资源。,无
urma_139,urma_unbind_jetty 校验 Jetty 无效导致绑定流程拒绝继续执行,关键日志：匹配 Invalid parameter；日志路径：URMA_LOG_PATH,urma_unbind_jetty 在执行绑定前发现调用方传入的 Jetty 不满足当前操作要求，通常是对象为空、状态不匹配或与 provider 能力不一致，因此直接返回错误以避免继续访问非法资源。,无
urma_140,urma_unbind_jetty 执行绑定 Jetty 失败导致当前资源状态无法推进,关键日志：匹配 Not allowed to call unbind as the tp mode of jetty : is；日志路径：URMA_LOG_PATH,urma_unbind_jetty 调用下层 provider、bond 组件或系统接口处理 Jetty 时返回失败，当前分支携带 ret/errno 等错误结果退出，导致该资源的创建、导入、修改、投递或清理状态无法继续推进。,无
urma_141,urma_unbind_jetty 校验 context 无效导致绑定流程拒绝继续执行,关键日志：匹配 Invalid parameter；日志路径：URMA_LOG_PATH,urma_unbind_jetty 在执行绑定前发现调用方传入的 context 不满足当前操作要求，通常是对象为空、状态不匹配或与 provider 能力不一致，因此直接返回错误以避免继续访问非法资源。,无
urma_142,urma_bind_jetty_async 校验 目标 Jetty 无效导致绑定流程拒绝继续执行,关键日志：匹配 Invalid parameter；日志路径：URMA_LOG_PATH,urma_bind_jetty_async 在执行绑定前发现调用方传入的 目标 Jetty 不满足当前操作要求，通常是对象为空、状态不匹配或与 provider 能力不一致，因此直接返回错误以避免继续访问非法资源。,无
urma_143,urma_bind_jetty_async 执行绑定 目标 Jetty 失败导致当前资源状态无法推进,关键日志：依次匹配 `Not allowed to bind local jetty:`、`of mode:`、`with remote jetty:`、`of mode:`；日志路径：URMA_LOG_PATH,urma_bind_jetty_async 调用下层 provider、bond 组件或系统接口处理 目标 Jetty 时返回失败，当前分支携带 ret/errno 等错误结果退出，导致该资源的创建、导入、修改、投递或清理状态无法继续推进。,无
urma_144,urma_bind_jetty_async 执行绑定 Jetty 失败导致当前资源状态无法推进,"关键日志：依次匹配 `Not allowed to bind local jetty:`、`, with remote jetty:`；日志路径：URMA_LOG_PATH",urma_bind_jetty_async 调用下层 provider、bond 组件或系统接口处理 Jetty 时返回失败，当前分支携带 ret/errno 等错误结果退出，导致该资源的创建、导入、修改、投递或清理状态无法继续推进。,无
urma_145,urma_bind_jetty_async 校验 context 无效导致绑定流程拒绝继续执行,关键日志：匹配 Invalid parameter；日志路径：URMA_LOG_PATH,urma_bind_jetty_async 在执行绑定前发现调用方传入的 context 不满足当前操作要求，通常是对象为空、状态不匹配或与 provider 能力不一致，因此直接返回错误以避免继续访问非法资源。,无
urma_146,urma_unbind_jetty_async 校验 Jetty 无效导致绑定流程拒绝继续执行,关键日志：匹配 Invalid parameter；日志路径：URMA_LOG_PATH,urma_unbind_jetty_async 在执行绑定前发现调用方传入的 Jetty 不满足当前操作要求，通常是对象为空、状态不匹配或与 provider 能力不一致，因此直接返回错误以避免继续访问非法资源。,无
urma_147,urma_unbind_jetty_async 执行绑定 Jetty 失败导致当前资源状态无法推进,关键日志：依次匹配 `Not allowed to call unbind as the tp mode of jetty :`、`is:`；日志路径：URMA_LOG_PATH,urma_unbind_jetty_async 调用下层 provider、bond 组件或系统接口处理 Jetty 时返回失败，当前分支携带 ret/errno 等错误结果退出，导致该资源的创建、导入、修改、投递或清理状态无法继续推进。,无
urma_148,urma_unbind_jetty_async 校验 context 无效导致绑定流程拒绝继续执行,关键日志：匹配 Invalid parameter；日志路径：URMA_LOG_PATH,urma_unbind_jetty_async 在执行绑定前发现调用方传入的 context 不满足当前操作要求，通常是对象为空、状态不匹配或与 provider 能力不一致，因此直接返回错误以避免继续访问非法资源。,无
urma_149,urma_active_jetty 校验 Jetty 无效导致激活流程拒绝继续执行,关键日志：匹配 Invalid parameter；日志路径：URMA_LOG_PATH,urma_active_jetty 在执行激活前发现调用方传入的 Jetty 不满足当前操作要求，通常是对象为空、状态不匹配或与 provider 能力不一致，因此直接返回错误以避免继续访问非法资源。,无
urma_150,urma_active_jetty 校验 Jetty 无效导致激活流程拒绝继续执行,关键日志：匹配 Invalid parameter；日志路径：URMA_LOG_PATH,urma_active_jetty 在执行激活前发现调用方传入的 Jetty 不满足当前操作要求，通常是对象为空、状态不匹配或与 provider 能力不一致，因此直接返回错误以避免继续访问非法资源。,无
urma_151,urma_active_jetty 校验 context 无效导致激活流程拒绝继续执行,关键日志：匹配 Invalid parameter；日志路径：URMA_LOG_PATH,urma_active_jetty 在执行激活前发现调用方传入的 context 不满足当前操作要求，通常是对象为空、状态不匹配或与 provider 能力不一致，因此直接返回错误以避免继续访问非法资源。,无
urma_152,urma_active_jetty 校验 Jetty 无效导致激活流程拒绝继续执行,关键日志：匹配 Invalid parameter；日志路径：URMA_LOG_PATH,urma_active_jetty 在执行激活前发现调用方传入的 Jetty 不满足当前操作要求，通常是对象为空、状态不匹配或与 provider 能力不一致，因此直接返回错误以避免继续访问非法资源。,无
urma_153,urma_active_jetty 执行激活 Jetty 失败导致当前资源状态无法推进,关键日志：匹配 Jetty state is wrong in active_jetty；日志路径：URMA_LOG_PATH,urma_active_jetty 调用下层 provider、bond 组件或系统接口处理 Jetty 时返回失败，当前分支携带 ret/errno 等错误结果退出，导致该资源的创建、导入、修改、投递或清理状态无法继续推进。,无
urma_154,urma_active_jetty 校验 context 无效导致激活流程拒绝继续执行,关键日志：匹配 Invalid parameter；日志路径：URMA_LOG_PATH,urma_active_jetty 在执行激活前发现调用方传入的 context 不满足当前操作要求，通常是对象为空、状态不匹配或与 provider 能力不一致，因此直接返回错误以避免继续访问非法资源。,无
urma_155,urma_active_jetty 执行激活 Jetty 失败导致当前资源状态无法推进,关键日志：匹配 Failed to exec ops->active_jetty；日志路径：URMA_LOG_PATH,urma_active_jetty 调用下层 provider、bond 组件或系统接口处理 Jetty 时返回失败，当前分支携带 ret/errno 等错误结果退出，导致该资源的创建、导入、修改、投递或清理状态无法继续推进。,无
urma_156,urma_deactive_jetty 校验 Jetty 无效导致激活流程拒绝继续执行,关键日志：匹配 Invalid parameter；日志路径：URMA_LOG_PATH,urma_deactive_jetty 在执行激活前发现调用方传入的 Jetty 不满足当前操作要求，通常是对象为空、状态不匹配或与 provider 能力不一致，因此直接返回错误以避免继续访问非法资源。,无
urma_157,urma_deactive_jetty 执行激活 Jetty 失败导致当前资源状态无法推进,关键日志：匹配 Jetty state is wrong in deactive_jetty；日志路径：URMA_LOG_PATH,urma_deactive_jetty 调用下层 provider、bond 组件或系统接口处理 Jetty 时返回失败，当前分支携带 ret/errno 等错误结果退出，导致该资源的创建、导入、修改、投递或清理状态无法继续推进。,无
urma_158,urma_deactive_jetty 校验 context 无效导致激活流程拒绝继续执行,关键日志：匹配 Invalid parameter；日志路径：URMA_LOG_PATH,urma_deactive_jetty 在执行激活前发现调用方传入的 context 不满足当前操作要求，通常是对象为空、状态不匹配或与 provider 能力不一致，因此直接返回错误以避免继续访问非法资源。,无
urma_159,urma_deactive_jetty 执行激活 Jetty 失败导致当前资源状态无法推进,关键日志：匹配 Failed to exec ops->deactive_jetty；日志路径：URMA_LOG_PATH,urma_deactive_jetty 调用下层 provider、bond 组件或系统接口处理 Jetty 时返回失败，当前分支携带 ret/errno 等错误结果退出，导致该资源的创建、导入、修改、投递或清理状态无法继续推进。,无
urma_160,urma_get_tpn 校验 Jetty 无效导致获取流程拒绝继续执行,关键日志：匹配 Invalid parameter；日志路径：URMA_LOG_PATH,urma_get_tpn 在执行获取前发现调用方传入的 Jetty 不满足当前操作要求，通常是对象为空、状态不匹配或与 provider 能力不一致，因此直接返回错误以避免继续访问非法资源。,无
urma_161,urma_get_tpn 校验 context 无效导致获取流程拒绝继续执行,关键日志：匹配 Invalid parameter；日志路径：URMA_LOG_PATH,urma_get_tpn 在执行获取前发现调用方传入的 context 不满足当前操作要求，通常是对象为空、状态不匹配或与 provider 能力不一致，因此直接返回错误以避免继续访问非法资源。,无
urma_162,urma_get_net_addr_list 校验 context 无效导致获取流程拒绝继续执行,关键日志：匹配 Invalid parameter；日志路径：URMA_LOG_PATH,urma_get_net_addr_list 在执行获取前发现调用方传入的 context 不满足当前操作要求，通常是对象为空、状态不匹配或与 provider 能力不一致，因此直接返回错误以避免继续访问非法资源。,无
urma_163,urma_free_net_addr_list 校验 URMA 对象 无效导致释放流程拒绝继续执行,关键日志：匹配 Invalid parameter；日志路径：URMA_LOG_PATH,urma_free_net_addr_list 在执行释放前发现调用方传入的 URMA 对象 不满足当前操作要求，通常是对象为空、状态不匹配或与 provider 能力不一致，因此直接返回错误以避免继续访问非法资源。,无
urma_164,urma_modify_tp 校验 context 无效导致修改流程拒绝继续执行,关键日志：匹配 Invalid parameter；日志路径：URMA_LOG_PATH,urma_modify_tp 在执行修改前发现调用方传入的 context 不满足当前操作要求，通常是对象为空、状态不匹配或与 provider 能力不一致，因此直接返回错误以避免继续访问非法资源。,无
urma_165,urma_modify_tp 校验 context 无效导致修改流程拒绝继续执行,关键日志：匹配 Invalid parameter；日志路径：URMA_LOG_PATH,urma_modify_tp 在执行修改前发现调用方传入的 context 不满足当前操作要求，通常是对象为空、状态不匹配或与 provider 能力不一致，因此直接返回错误以避免继续访问非法资源。,无
urma_166,urma_get_tp_list 校验 context 无效导致获取流程拒绝继续执行,关键日志：匹配 Invalid parameter；日志路径：URMA_LOG_PATH,urma_get_tp_list 在执行获取前发现调用方传入的 context 不满足当前操作要求，通常是对象为空、状态不匹配或与 provider 能力不一致，因此直接返回错误以避免继续访问非法资源。,无
urma_167,urma_get_tp_list 校验 TP 无效导致获取流程拒绝继续执行,"关键日志：匹配 `Invalid parameter, trans_mode:`；日志路径：URMA_LOG_PATH",urma_get_tp_list 在执行获取前发现调用方传入的 TP 不满足当前操作要求，通常是对象为空、状态不匹配或与 provider 能力不一致，因此直接返回错误以避免继续访问非法资源。,无
urma_168,urma_get_tp_list 校验 context 无效导致获取流程拒绝继续执行,关键日志：匹配 Invalid parameter；日志路径：URMA_LOG_PATH,urma_get_tp_list 在执行获取前发现调用方传入的 context 不满足当前操作要求，通常是对象为空、状态不匹配或与 provider 能力不一致，因此直接返回错误以避免继续访问非法资源。,无
urma_169,urma_set_tp_attr 校验 context 无效导致设置流程拒绝继续执行,关键日志：匹配 Invalid parameter；日志路径：URMA_LOG_PATH,urma_set_tp_attr 在执行设置前发现调用方传入的 context 不满足当前操作要求，通常是对象为空、状态不匹配或与 provider 能力不一致，因此直接返回错误以避免继续访问非法资源。,无
urma_170,urma_set_tp_attr 校验 context 无效导致设置流程拒绝继续执行,关键日志：匹配 Invalid parameter；日志路径：URMA_LOG_PATH,urma_set_tp_attr 在执行设置前发现调用方传入的 context 不满足当前操作要求，通常是对象为空、状态不匹配或与 provider 能力不一致，因此直接返回错误以避免继续访问非法资源。,无
urma_171,urma_get_tp_attr 校验 context 无效导致获取流程拒绝继续执行,关键日志：匹配 Invalid parameter；日志路径：URMA_LOG_PATH,urma_get_tp_attr 在执行获取前发现调用方传入的 context 不满足当前操作要求，通常是对象为空、状态不匹配或与 provider 能力不一致，因此直接返回错误以避免继续访问非法资源。,无
urma_172,urma_get_tp_attr 校验 context 无效导致获取流程拒绝继续执行,关键日志：匹配 Invalid parameter；日志路径：URMA_LOG_PATH,urma_get_tp_attr 在执行获取前发现调用方传入的 context 不满足当前操作要求，通常是对象为空、状态不匹配或与 provider 能力不一致，因此直接返回错误以避免继续访问非法资源。,无
urma_173,urma_get_eid_by_ip 校验 context 无效导致获取流程拒绝继续执行,关键日志：匹配 Invalid parameter；日志路径：URMA_LOG_PATH,urma_get_eid_by_ip 在执行获取前发现调用方传入的 context 不满足当前操作要求，通常是对象为空、状态不匹配或与 provider 能力不一致，因此直接返回错误以避免继续访问非法资源。,无
urma_174,urma_get_eid_by_ip 校验 context 无效导致获取流程拒绝继续执行,关键日志：匹配 Invalid parameter；日志路径：URMA_LOG_PATH,urma_get_eid_by_ip 在执行获取前发现调用方传入的 context 不满足当前操作要求，通常是对象为空、状态不匹配或与 provider 能力不一致，因此直接返回错误以避免继续访问非法资源。,无
urma_175,资源创建失败,向下级匹配。,向下级匹配。,向下级匹配。
urma_176,bondp_create_jfce 执行创建 JFCE 失败导致当前资源状态无法推进,关键日志：匹配 Failed to create bonding jfce；日志路径：URMA_LOG_PATH,bondp_create_jfce 调用下层 provider、bond 组件或系统接口处理 JFCE 时返回失败，当前分支携带 ret/errno 等错误结果退出，导致该资源的创建、导入、修改、投递或清理状态无法继续推进。,无
urma_177,bondp_create_vjfs 执行创建 context 失败导致当前资源状态无法推进,关键日志：匹配 ubcore create jfs failed；日志路径：URMA_LOG_PATH,bondp_create_vjfs 调用下层 provider、bond 组件或系统接口处理 context 时返回失败，当前分支携带 ret/errno 等错误结果退出，导致该资源的创建、导入、修改、投递或清理状态无法继续推进。,无
urma_178,bondp_create_pjfs 执行创建 JFS 失败导致当前资源状态无法推进,关键日志：匹配 Failed to create pjfs；日志路径：URMA_LOG_PATH,bondp_create_pjfs 调用下层 provider、bond 组件或系统接口处理 JFS 时返回失败，当前分支携带 ret/errno 等错误结果退出，导致该资源的创建、导入、修改、投递或清理状态无法继续推进。,无
urma_179,bondp_create_jfs 执行创建 JFS 失败导致当前资源状态无法推进,"关键日志：匹配 In matrix server, JFS don't support single-path mode；日志路径：URMA_LOG_PATH",bondp_create_jfs 调用下层 provider、bond 组件或系统接口处理 JFS 时返回失败，当前分支携带 ret/errno 等错误结果退出，导致该资源的创建、导入、修改、投递或清理状态无法继续推进。,无
urma_180,bondp_create_jfs 执行创建 JFS 失败导致当前资源状态无法推进,关键日志：匹配 Failed to create bondp comp；日志路径：URMA_LOG_PATH,bondp_create_jfs 调用下层 provider、bond 组件或系统接口处理 JFS 时返回失败，当前分支携带 ret/errno 等错误结果退出，导致该资源的创建、导入、修改、投递或清理状态无法继续推进。,无
urma_181,bondp_create_jfs 执行创建 context 失败导致当前资源状态无法推进,关键日志：匹配 Failed to create pjfs；日志路径：URMA_LOG_PATH,bondp_create_jfs 调用下层 provider、bond 组件或系统接口处理 context 时返回失败，当前分支携带 ret/errno 等错误结果退出，导致该资源的创建、导入、修改、投递或清理状态无法继续推进。,无
urma_182,bondp_create_jfs 执行创建 context 失败导致当前资源状态无法推进,关键日志：匹配 Failed to create vjfs；日志路径：URMA_LOG_PATH,bondp_create_jfs 调用下层 provider、bond 组件或系统接口处理 context 时返回失败，当前分支携带 ret/errno 等错误结果退出，导致该资源的创建、导入、修改、投递或清理状态无法继续推进。,无
urma_183,bondp_create_jfs 执行创建 context 失败导致当前资源状态无法推进,关键日志：匹配 Failed to add jfs p_vjetty_id info；日志路径：URMA_LOG_PATH,bondp_create_jfs 调用下层 provider、bond 组件或系统接口处理 context 时返回失败，当前分支携带 ret/errno 等错误结果退出，导致该资源的创建、导入、修改、投递或清理状态无法继续推进。,无
urma_184,bondp_create_jfs 执行创建 context 失败导致当前资源状态无法推进,关键日志：匹配 Failed to create jfs datapath ctx；日志路径：URMA_LOG_PATH,bondp_create_jfs 调用下层 provider、bond 组件或系统接口处理 context 时返回失败，当前分支携带 ret/errno 等错误结果退出，导致该资源的创建、导入、修改、投递或清理状态无法继续推进。,无
urma_185,bondp_create_vjfr 执行创建 JFR 失败导致当前资源状态无法推进,关键日志：匹配 bondp init jfr fail；日志路径：URMA_LOG_PATH,bondp_create_vjfr 调用下层 provider、bond 组件或系统接口处理 JFR 时返回失败，当前分支携带 ret/errno 等错误结果退出，导致该资源的创建、导入、修改、投递或清理状态无法继续推进。,无
urma_186,bondp_create_pjfr 校验 JFR 无效导致创建流程拒绝继续执行,关键日志：匹配 Invalid param jfc；日志路径：URMA_LOG_PATH,bondp_create_pjfr 在执行创建前发现调用方传入的 JFR 不满足当前操作要求，通常是对象为空、状态不匹配或与 provider 能力不一致，因此直接返回错误以避免继续访问非法资源。,无
urma_187,bondp_create_pjfr 执行创建 JFR 失败导致当前资源状态无法推进,关键日志：匹配 Failed to create pjfr；日志路径：URMA_LOG_PATH,bondp_create_pjfr 调用下层 provider、bond 组件或系统接口处理 JFR 时返回失败，当前分支携带 ret/errno 等错误结果退出，导致该资源的创建、导入、修改、投递或清理状态无法继续推进。,无
urma_188,bondp_create_jfr 执行创建 context 失败导致当前资源状态无法推进,关键日志：匹配 Failed to create pjfr；日志路径：URMA_LOG_PATH,bondp_create_jfr 调用下层 provider、bond 组件或系统接口处理 context 时返回失败，当前分支携带 ret/errno 等错误结果退出，导致该资源的创建、导入、修改、投递或清理状态无法继续推进。,无
urma_189,bondp_create_jfr 执行创建 context 失败导致当前资源状态无法推进,关键日志：匹配 Failed to create vjfr；日志路径：URMA_LOG_PATH,bondp_create_jfr 调用下层 provider、bond 组件或系统接口处理 context 时返回失败，当前分支携带 ret/errno 等错误结果退出，导致该资源的创建、导入、修改、投递或清理状态无法继续推进。,无
urma_190,bondp_create_jfr 执行创建 context 失败导致当前资源状态无法推进,关键日志：匹配 Failed to create jfr datapath ctx；日志路径：URMA_LOG_PATH,bondp_create_jfr 调用下层 provider、bond 组件或系统接口处理 context 时返回失败，当前分支携带 ret/errno 等错误结果退出，导致该资源的创建、导入、修改、投递或清理状态无法继续推进。,无
urma_191,bondp_create_pjetty 执行创建 Jetty 失败导致当前资源状态无法推进,关键日志：匹配 Failed to create pjetty；日志路径：URMA_LOG_PATH,bondp_create_pjetty 调用下层 provider、bond 组件或系统接口处理 Jetty 时返回失败，当前分支携带 ret/errno 等错误结果退出，导致该资源的创建、导入、修改、投递或清理状态无法继续推进。,无
urma_192,bondp_create_jetty 执行创建 设备 失败导致当前资源状态无法推进,关键日志：匹配 UB device must use shared jfr when create jetty；日志路径：URMA_LOG_PATH,bondp_create_jetty 调用下层 provider、bond 组件或系统接口处理 设备 时返回失败，当前分支携带 ret/errno 等错误结果退出，导致该资源的创建、导入、修改、投递或清理状态无法继续推进。,无
urma_193,bondp_create_jetty 校验 Jetty 无效导致创建流程拒绝继续执行,"关键日志：依次匹配 `Invalid well known jetty id:`、`, should be in (0, 1024)`；日志路径：URMA_LOG_PATH",bondp_create_jetty 在执行创建前发现调用方传入的 Jetty 不满足当前操作要求，通常是对象为空、状态不匹配或与 provider 能力不一致，因此直接返回错误以避免继续访问非法资源。,无
urma_194,bondp_create_jetty 校验 Jetty 业务条件不满足导致创建流程拒绝继续执行,"关键日志：匹配 In matrix server, jetty only supports single-path mode with RC；日志路径：URMA_LOG_PATH",bondp_create_jetty 在执行创建时发现 Jetty 的传输模式、绑定关系、路由选择、数量限制或设备属性与当前操作要求不一致，因此直接返回错误，避免建立错误的资源关系或下发不被支持的请求。,无
urma_195,bondp_create_jetty 执行创建 context 失败导致当前资源状态无法推进,"关键日志：匹配 In matrix server, multi-device mode don't support single path currently；日志路径：URMA_LOG_PATH",bondp_create_jetty 调用下层 provider、bond 组件或系统接口处理 context 时返回失败，当前分支携带 ret/errno 等错误结果退出，导致该资源的创建、导入、修改、投递或清理状态无法继续推进。,无
urma_196,bondp_create_jetty 执行创建 Jetty 失败导致当前资源状态无法推进,关键日志：匹配 Failed to create bondp comp；日志路径：URMA_LOG_PATH,bondp_create_jetty 调用下层 provider、bond 组件或系统接口处理 Jetty 时返回失败，当前分支携带 ret/errno 等错误结果退出，导致该资源的创建、导入、修改、投递或清理状态无法继续推进。,无
urma_197,bondp_create_jetty 执行创建 context 失败导致当前资源状态无法推进,关键日志：匹配 Failed to create pjetty；日志路径：URMA_LOG_PATH,bondp_create_jetty 调用下层 provider、bond 组件或系统接口处理 context 时返回失败，当前分支携带 ret/errno 等错误结果退出，导致该资源的创建、导入、修改、投递或清理状态无法继续推进。,无
urma_198,bondp_create_jetty 执行创建 context 失败导致当前资源状态无法推进,关键日志：匹配 Failed to create vjetty；日志路径：URMA_LOG_PATH,bondp_create_jetty 调用下层 provider、bond 组件或系统接口处理 context 时返回失败，当前分支携带 ret/errno 等错误结果退出，导致该资源的创建、导入、修改、投递或清理状态无法继续推进。,无
urma_199,bondp_create_jetty 更新 context 映射结构失败导致资源索引不可用,关键日志：匹配 Failed to add jetty id to p_vjetty_id table；日志路径：URMA_LOG_PATH,bondp_create_jetty 需要维护 context 到物理资源或虚拟资源的映射关系，但哈希表创建、插入、删除或查找失败，后续无法通过标识定位正确资源。,无
urma_200,bondp_create_jetty 执行创建 context 失败导致当前资源状态无法推进,关键日志：匹配 Failed to create jetty ctx；日志路径：URMA_LOG_PATH,bondp_create_jetty 调用下层 provider、bond 组件或系统接口处理 context 时返回失败，当前分支携带 ret/errno 等错误结果退出，导致该资源的创建、导入、修改、投递或清理状态无法继续推进。,无
urma_201,bondp_import_jetty 分配 目标 Jetty 临时参数失败导致导入流程无法继续,关键日志：匹配 Failed to alloc target jetty；日志路径：URMA_LOG_PATH,bondp_import_jetty 需要为 目标 Jetty 构造命令参数、资源描述或临时缓存，但内存分配返回失败，后续 provider 调用或驱动命令缺少必要入参，因此当前 URMA 操作被阻断。,无
urma_202,bondp_import_jfr 校验 context 无效导致导入流程拒绝继续执行,关键日志：匹配 Invalid param ctx；日志路径：URMA_LOG_PATH,bondp_import_jfr 在执行导入前发现调用方传入的 context 不满足当前操作要求，通常是对象为空、状态不匹配或与 provider 能力不一致，因此直接返回错误以避免继续访问非法资源。,无
urma_203,bondp_import_jfr 分配 目标 Jetty 临时参数失败导致导入流程无法继续,关键日志：匹配 Failed to alloc target jetty；日志路径：URMA_LOG_PATH,bondp_import_jfr 需要为 目标 Jetty 构造命令参数、资源描述或临时缓存，但内存分配返回失败，后续 provider 调用或驱动命令缺少必要入参，因此当前 URMA 操作被阻断。,无
urma_204,bondp_import_jfr 执行导入 context 失败导致当前资源状态无法推进,"关键日志：依次匹配 `Failed to import vjetty, [`、`]:`；日志路径：URMA_LOG_PATH",bondp_import_jfr 调用下层 provider、bond 组件或系统接口处理 context 时返回失败，当前分支携带 ret/errno 等错误结果退出，导致该资源的创建、导入、修改、投递或清理状态无法继续推进。,无
urma_205,bdp_vjfce_info_table_add 更新 JFCE 映射结构失败导致资源索引不可用,关键日志：匹配 exist node in map；日志路径：URMA_LOG_PATH,bdp_vjfce_info_table_add 需要维护 JFCE 到物理资源或虚拟资源的映射关系，但哈希表创建、插入、删除或查找失败，后续无法通过标识定位正确资源。,无
urma_206,bondp_jfce_get_args_list 分配 JFCE 临时参数失败导致获取流程无法继续,关键日志：匹配 Failed to alloc jfce args；日志路径：URMA_LOG_PATH,bondp_jfce_get_args_list 需要为 JFCE 构造命令参数、资源描述或临时缓存，但内存分配返回失败，后续 provider 调用或驱动命令缺少必要入参，因此当前 URMA 操作被阻断。,无
urma_207,bondp_jfce_init_comp_attr_not_single_die 管理 epoll fd 失败导致 JFCE 事件聚合不可用,关键日志：匹配 Fail to create epoll_fd；日志路径：URMA_LOG_PATH,bondp_jfce_init_comp_attr_not_single_die 在 bond 模式下需要把物理 JFCE fd 加入或移出虚拟 JFCE 的 epoll 集合，但 epoll 系统调用失败，完成事件无法被统一监听和分发。,无
urma_208,bondp_jfce_init_comp_attr_not_single_die 管理 epoll fd 失败导致 JFCE 事件聚合不可用,关键日志：匹配 Fail to create hash table；日志路径：URMA_LOG_PATH,bondp_jfce_init_comp_attr_not_single_die 在 bond 模式下需要把物理 JFCE fd 加入或移出虚拟 JFCE 的 epoll 集合，但 epoll 系统调用失败，完成事件无法被统一监听和分发。,无
urma_209,bondp_jfc_get_args_list 分配 JFC 临时参数失败导致获取流程无法继续,关键日志：匹配 Failed to alloc args；日志路径：URMA_LOG_PATH,bondp_jfc_get_args_list 需要为 JFC 构造命令参数、资源描述或临时缓存，但内存分配返回失败，后续 provider 调用或驱动命令缺少必要入参，因此当前 URMA 操作被阻断。,无
urma_210,bondp_jfs_get_args_list 分配 JFS 临时参数失败导致获取流程无法继续,关键日志：匹配 Failed to alloc args；日志路径：URMA_LOG_PATH,bondp_jfs_get_args_list 需要为 JFS 构造命令参数、资源描述或临时缓存，但内存分配返回失败，后续 provider 调用或驱动命令缺少必要入参，因此当前 URMA 操作被阻断。,无
urma_211,bondp_jfr_get_args_list 校验 JFR 无效导致获取流程拒绝继续执行,关键日志：匹配 Invalid param jfc；日志路径：URMA_LOG_PATH,bondp_jfr_get_args_list 在执行获取前发现调用方传入的 JFR 不满足当前操作要求，通常是对象为空、状态不匹配或与 provider 能力不一致，因此直接返回错误以避免继续访问非法资源。,无
urma_212,bondp_jfr_get_args_list 分配 JFR 临时参数失败导致获取流程无法继续,关键日志：匹配 Failed to alloc args；日志路径：URMA_LOG_PATH,bondp_jfr_get_args_list 需要为 JFR 构造命令参数、资源描述或临时缓存，但内存分配返回失败，后续 provider 调用或驱动命令缺少必要入参，因此当前 URMA 操作被阻断。,无
urma_213,bondp_jetty_get_args_list 分配 Jetty 临时参数失败导致获取流程无法继续,关键日志：匹配 Failed to alloc args；日志路径：URMA_LOG_PATH,bondp_jetty_get_args_list 需要为 Jetty 构造命令参数、资源描述或临时缓存，但内存分配返回失败，后续 provider 调用或驱动命令缺少必要入参，因此当前 URMA 操作被阻断。,无
urma_214,bondp_segment_get_args_list 校验 segment 无效导致获取流程拒绝继续执行,关键日志：匹配 Invalid param va；日志路径：URMA_LOG_PATH,bondp_segment_get_args_list 在执行获取前发现调用方传入的 segment 不满足当前操作要求，通常是对象为空、状态不匹配或与 provider 能力不一致，因此直接返回错误以避免继续访问非法资源。,无
urma_215,bondp_segment_get_args_list 分配 segment 临时参数失败导致获取流程无法继续,关键日志：匹配 Failed to alloc args；日志路径：URMA_LOG_PATH,bondp_segment_get_args_list 需要为 segment 构造命令参数、资源描述或临时缓存，但内存分配返回失败，后续 provider 调用或驱动命令缺少必要入参，因此当前 URMA 操作被阻断。,无
urma_216,bondp_segment_uninit_comp_attr 校验 segment 无效导致初始化流程拒绝继续执行,关键日志：匹配 invalid param；日志路径：URMA_LOG_PATH,bondp_segment_uninit_comp_attr 在执行初始化前发现调用方传入的 segment 不满足当前操作要求，通常是对象为空、状态不匹配或与 provider 能力不一致，因此直接返回错误以避免继续访问非法资源。,无
urma_217,bondp_segment_uninit_comp_attr 装载或匹配 provider 失败导致设备驱动能力不可用,"关键日志：依次匹配 `Failed to unregister segment, token_id:`、`, handle:`；日志路径：URMA_LOG_PATH",bondp_segment_uninit_comp_attr 在初始化或注册设备时未能打开 provider 动态库、获取动态库路径、匹配驱动名称或完成 provider 注册，导致 URMA 用户态无法绑定对应设备的 provider 操作集。,无
urma_218,bondp_create_comp 校验 context 无效导致创建流程拒绝继续执行,关键日志：匹配 Invalid param ctx；日志路径：URMA_LOG_PATH,bondp_create_comp 在执行创建前发现调用方传入的 context 不满足当前操作要求，通常是对象为空、状态不匹配或与 provider 能力不一致，因此直接返回错误以避免继续访问非法资源。,无
urma_219,bondp_create_comp 执行创建 URMA 对象 失败导致当前资源状态无法推进,"关键日志：匹配 `Failed to get args list, type:`；日志路径：URMA_LOG_PATH",bondp_create_comp 调用下层 provider、bond 组件或系统接口处理 URMA 对象 时返回失败，当前分支携带 ret/errno 等错误结果退出，导致该资源的创建、导入、修改、投递或清理状态无法继续推进。,无
urma_220,bondp_create_comp 执行创建 URMA 对象 失败导致当前资源状态无法推进,"关键日志：依次匹配 `Failed to create comp`、`, type:`；日志路径：URMA_LOG_PATH",bondp_create_comp 调用下层 provider、bond 组件或系统接口处理 URMA 对象 时返回失败，当前分支携带 ret/errno 等错误结果退出，导致该资源的创建、导入、修改、投递或清理状态无法继续推进。,无
urma_221,bdp_v_conn_init 更新 映射表 映射结构失败导致资源索引不可用,关键日志：匹配 Failed to init slide window in bdp_v_conn_table_add；日志路径：URMA_LOG_PATH,bdp_v_conn_init 需要维护 映射表 到物理资源或虚拟资源的映射关系，但哈希表创建、插入、删除或查找失败，后续无法通过标识定位正确资源。,无
urma_222,bdp_v_conn_init 更新 映射表 映射结构失败导致资源索引不可用,关键日志：匹配 Failed to init sender slide window in bdp_v_conn_table_add；日志路径：URMA_LOG_PATH,bdp_v_conn_init 需要维护 映射表 到物理资源或虚拟资源的映射关系，但哈希表创建、插入、删除或查找失败，后续无法通过标识定位正确资源。,无
urma_223,set_write_wr_ptseg_ptjetty 执行设置 目标 Jetty 失败导致当前资源状态无法推进,关键日志：匹配 tjetty in WR is NULL；日志路径：URMA_LOG_PATH,set_write_wr_ptseg_ptjetty 调用下层 provider、bond 组件或系统接口处理 目标 Jetty 时返回失败，当前分支携带 ret/errno 等错误结果退出，导致该资源的创建、导入、修改、投递或清理状态无法继续推进。,无
urma_224,set_write_wr_ptseg_ptjetty 校验 目标 Jetty 无效导致设置流程拒绝继续执行,"关键日志：匹配 Invalid vtjetty, the structure may be self-consturcted；日志路径：URMA_LOG_PATH",set_write_wr_ptseg_ptjetty 在执行设置前发现调用方传入的 目标 Jetty 不满足当前操作要求，通常是对象为空、状态不匹配或与 provider 能力不一致，因此直接返回错误以避免继续访问非法资源。,无
urma_225,set_write_wr_ptseg_ptjetty 装载或匹配 provider 失败导致设备驱动能力不可用,"关键日志：匹配 Failed to set ptseg, vtseg is NULL；日志路径：URMA_LOG_PATH",set_write_wr_ptseg_ptjetty 在初始化或注册设备时未能打开 provider 动态库、获取动态库路径、匹配驱动名称或完成 provider 注册，导致 URMA 用户态无法绑定对应设备的 provider 操作集。,无
urma_226,set_write_wr_ptseg_ptjetty 装载或匹配 provider 失败导致设备驱动能力不可用,关键日志：匹配 Write sge.dst->handle is NULL；日志路径：URMA_LOG_PATH,set_write_wr_ptseg_ptjetty 在初始化或注册设备时未能打开 provider 动态库、获取动态库路径、匹配驱动名称或完成 provider 注册，导致 URMA 用户态无法绑定对应设备的 provider 操作集。,无
urma_227,set_write_wr_ptseg_ptjetty 装载或匹配 provider 失败导致设备驱动能力不可用,关键日志：匹配 bondp_find_vtseg_by_va fail；日志路径：URMA_LOG_PATH,set_write_wr_ptseg_ptjetty 在初始化或注册设备时未能打开 provider 动态库、获取动态库路径、匹配驱动名称或完成 provider 注册，导致 URMA 用户态无法绑定对应设备的 provider 操作集。,无
urma_228,set_write_wr_ptseg_ptjetty 装载或匹配 provider 失败导致设备驱动能力不可用,"关键日志：匹配 Failed to set ptseg, vtseg is NULL；日志路径：URMA_LOG_PATH",set_write_wr_ptseg_ptjetty 在初始化或注册设备时未能打开 provider 动态库、获取动态库路径、匹配驱动名称或完成 provider 注册，导致 URMA 用户态无法绑定对应设备的 provider 操作集。,无
urma_229,set_write_wr_ptseg_ptjetty 装载或匹配 provider 失败导致设备驱动能力不可用,关键日志：匹配 Write sge.dst->handle is NULL；日志路径：URMA_LOG_PATH,set_write_wr_ptseg_ptjetty 在初始化或注册设备时未能打开 provider 动态库、获取动态库路径、匹配驱动名称或完成 provider 注册，导致 URMA 用户态无法绑定对应设备的 provider 操作集。,无
urma_230,set_write_wr_ptseg_ptjetty 装载或匹配 provider 失败导致设备驱动能力不可用,关键日志：匹配 bondp_find_vtseg_by_va fail；日志路径：URMA_LOG_PATH,set_write_wr_ptseg_ptjetty 在初始化或注册设备时未能打开 provider 动态库、获取动态库路径、匹配驱动名称或完成 provider 注册，导致 URMA 用户态无法绑定对应设备的 provider 操作集。,无
urma_231,set_cas_wr_ptseg_pjetty 执行设置 目标 Jetty 失败导致当前资源状态无法推进,关键日志：匹配 tjetty in WR is NULL；日志路径：URMA_LOG_PATH,set_cas_wr_ptseg_pjetty 调用下层 provider、bond 组件或系统接口处理 目标 Jetty 时返回失败，当前分支携带 ret/errno 等错误结果退出，导致该资源的创建、导入、修改、投递或清理状态无法继续推进。,无
urma_232,set_cas_wr_ptseg_pjetty 校验 目标 Jetty 无效导致设置流程拒绝继续执行,"关键日志：匹配 Invalid vtjetty, the structure may be self-consturcted；日志路径：URMA_LOG_PATH",set_cas_wr_ptseg_pjetty 在执行设置前发现调用方传入的 目标 Jetty 不满足当前操作要求，通常是对象为空、状态不匹配或与 provider 能力不一致，因此直接返回错误以避免继续访问非法资源。,无
urma_233,set_cas_wr_ptseg_pjetty 装载或匹配 provider 失败导致设备驱动能力不可用,"关键日志：匹配 when set cas_wr, one of src or dst is NULL；日志路径：URMA_LOG_PATH",set_cas_wr_ptseg_pjetty 在初始化或注册设备时未能打开 provider 动态库、获取动态库路径、匹配驱动名称或完成 provider 注册，导致 URMA 用户态无法绑定对应设备的 provider 操作集。,无
urma_234,set_cas_wr_ptseg_pjetty 装载或匹配 provider 失败导致设备驱动能力不可用,"关键日志：匹配 Failed to set ptseg, vtseg is NULL；日志路径：URMA_LOG_PATH",set_cas_wr_ptseg_pjetty 在初始化或注册设备时未能打开 provider 动态库、获取动态库路径、匹配驱动名称或完成 provider 注册，导致 URMA 用户态无法绑定对应设备的 provider 操作集。,无
urma_235,set_cas_wr_ptseg_pjetty 装载或匹配 provider 失败导致设备驱动能力不可用,"关键日志：匹配 Failed to set ptseg, vtseg is NULL；日志路径：URMA_LOG_PATH",set_cas_wr_ptseg_pjetty 在初始化或注册设备时未能打开 provider 动态库、获取动态库路径、匹配驱动名称或完成 provider 注册，导致 URMA 用户态无法绑定对应设备的 provider 操作集。,无
urma_236,set_fadd_wr_ptseg_pjetty 执行设置 目标 Jetty 失败导致当前资源状态无法推进,关键日志：匹配 tjetty in WR is NULL；日志路径：URMA_LOG_PATH,set_fadd_wr_ptseg_pjetty 调用下层 provider、bond 组件或系统接口处理 目标 Jetty 时返回失败，当前分支携带 ret/errno 等错误结果退出，导致该资源的创建、导入、修改、投递或清理状态无法继续推进。,无
urma_237,set_fadd_wr_ptseg_pjetty 校验 目标 Jetty 无效导致设置流程拒绝继续执行,"关键日志：匹配 Invalid vtjetty, the structure may be self-consturcted；日志路径：URMA_LOG_PATH",set_fadd_wr_ptseg_pjetty 在执行设置前发现调用方传入的 目标 Jetty 不满足当前操作要求，通常是对象为空、状态不匹配或与 provider 能力不一致，因此直接返回错误以避免继续访问非法资源。,无
urma_238,set_fadd_wr_ptseg_pjetty 装载或匹配 provider 失败导致设备驱动能力不可用,"关键日志：匹配 when set faa_wr, one of src or dst is NULL；日志路径：URMA_LOG_PATH",set_fadd_wr_ptseg_pjetty 在初始化或注册设备时未能打开 provider 动态库、获取动态库路径、匹配驱动名称或完成 provider 注册，导致 URMA 用户态无法绑定对应设备的 provider 操作集。,无
urma_239,set_fadd_wr_ptseg_pjetty 装载或匹配 provider 失败导致设备驱动能力不可用,"关键日志：匹配 Failed to set ptseg, vtseg is NULL；日志路径：URMA_LOG_PATH",set_fadd_wr_ptseg_pjetty 在初始化或注册设备时未能打开 provider 动态库、获取动态库路径、匹配驱动名称或完成 provider 注册，导致 URMA 用户态无法绑定对应设备的 provider 操作集。,无
urma_240,set_fadd_wr_ptseg_pjetty 装载或匹配 provider 失败导致设备驱动能力不可用,"关键日志：匹配 Failed to set ptseg, vtseg is NULL；日志路径：URMA_LOG_PATH",set_fadd_wr_ptseg_pjetty 在初始化或注册设备时未能打开 provider 动态库、获取动态库路径、匹配驱动名称或完成 provider 注册，导致 URMA 用户态无法绑定对应设备的 provider 操作集。,无
urma_241,set_jfs_wr_ptseg_ptjetty 执行设置 目标 Jetty 失败导致当前资源状态无法推进,关键日志：匹配 Unsupported send opcode；日志路径：URMA_LOG_PATH,set_jfs_wr_ptseg_ptjetty 调用下层 provider、bond 组件或系统接口处理 目标 Jetty 时返回失败，当前分支携带 ret/errno 等错误结果退出，导致该资源的创建、导入、修改、投递或清理状态无法继续推进。,无
urma_242,set_jfr_wr_ptjetty_ptseg_without_hdr 执行设置 目标 Jetty 失败导致当前资源状态无法推进,关键日志：依次匹配 `Recv sge[`、`] has NULL tseg`；日志路径：URMA_LOG_PATH,set_jfr_wr_ptjetty_ptseg_without_hdr 调用下层 provider、bond 组件或系统接口处理 目标 Jetty 时返回失败，当前分支携带 ret/errno 等错误结果退出，导致该资源的创建、导入、修改、投递或清理状态无法继续推进。,无
urma_243,create_bjetty_ctx 执行创建 context 失败导致当前资源状态无法推进,关键日志：匹配 Unaligned hdr_buf_size；日志路径：URMA_LOG_PATH,create_bjetty_ctx 调用下层 provider、bond 组件或系统接口处理 context 时返回失败，当前分支携带 ret/errno 等错误结果退出，导致该资源的创建、导入、修改、投递或清理状态无法继续推进。,无
urma_244,urma_provider_bond_uninit 装载或匹配 provider 失败导致设备驱动能力不可用,关键日志：匹配 Provider Bond register ops not registered；日志路径：URMA_LOG_PATH,urma_provider_bond_uninit 在初始化或注册设备时未能打开 provider 动态库、获取动态库路径、匹配驱动名称或完成 provider 注册，导致 URMA 用户态无法绑定对应设备的 provider 操作集。,无
urma_245,bondp_init 校验 context 业务条件不满足导致初始化流程拒绝继续执行,关键日志：匹配 Initialized already；日志路径：URMA_LOG_PATH,bondp_init 在执行初始化时发现 context 的传输模式、绑定关系、路由选择、数量限制或设备属性与当前操作要求不一致，因此直接返回错误，避免建立错误的资源关系或下发不被支持的请求。,无
urma_246,bondp_init 执行初始化 context 失败导致当前资源状态无法推进,关键日志：匹配 Failed to create global context；日志路径：URMA_LOG_PATH,bondp_init 调用下层 provider、bond 组件或系统接口处理 context 时返回失败，当前分支携带 ret/errno 等错误结果退出，导致该资源的创建、导入、修改、投递或清理状态无法继续推进。,无
urma_247,bondp_uninit 执行初始化 context 失败导致当前资源状态无法推进,关键日志：匹配 Failed to delete global context；日志路径：URMA_LOG_PATH,bondp_uninit 调用下层 provider、bond 组件或系统接口处理 context 时返回失败，当前分支携带 ret/errno 等错误结果退出，导致该资源的创建、导入、修改、投递或清理状态无法继续推进。,无
urma_248,bondp_init_v_ctx 读取或解析 sysfs 设备/EID/端口信息失败导致设备信息不可用,关键日志：匹配 Failed to query eid；日志路径：URMA_LOG_PATH,bondp_init_v_ctx 依赖 sysfs 中的设备、EID、端口、能力或 cdev 路径信息枚举 URMA 设备并构建设备属性，但文件打开、读取、格式化路径或内容解析失败，导致设备、端口或 EID 信息无法被用户态正确使用。,无
urma_249,bondp_init_ctx_table 更新 context 映射结构失败导致资源索引不可用,关键日志：匹配 Failed to create p_vjetty_id_table；日志路径：URMA_LOG_PATH,bondp_init_ctx_table 需要维护 context 到物理资源或虚拟资源的映射关系，但哈希表创建、插入、删除或查找失败，后续无法通过标识定位正确资源。,无
urma_250,bondp_init_ctx_table 更新 context 映射结构失败导致资源索引不可用,关键日志：匹配 Failed to create remote_p2v_jetty_id_table；日志路径：URMA_LOG_PATH,bondp_init_ctx_table 需要维护 context 到物理资源或虚拟资源的映射关系，但哈希表创建、插入、删除或查找失败，后续无法通过标识定位正确资源。,无
urma_251,bondp_init_ctx_table 更新 context 映射结构失败导致资源索引不可用,关键日志：匹配 Failed to create remote_v2p_token_id_table；日志路径：URMA_LOG_PATH,bondp_init_ctx_table 需要维护 context 到物理资源或虚拟资源的映射关系，但哈希表创建、插入、删除或查找失败，后续无法通过标识定位正确资源。,无
urma_252,set_fd_noblock 执行设置 fd 失败导致当前资源状态无法推进,关键日志：匹配 `flags:`；日志路径：URMA_LOG_PATH,set_fd_noblock 调用下层 provider、bond 组件或系统接口处理 fd 时返回失败，当前分支携带 ret/errno 等错误结果退出，导致该资源的创建、导入、修改、投递或清理状态无法继续推进。,无
urma_253,set_fd_noblock 管理 epoll fd 失败导致 JFCE 事件聚合不可用,关键日志：匹配 `ret:`；日志路径：URMA_LOG_PATH,set_fd_noblock 在 bond 模式下需要把物理 JFCE fd 加入或移出虚拟 JFCE 的 epoll 集合，但 epoll 系统调用失败，完成事件无法被统一监听和分发。,无
urma_254,init_slave_context_fd 管理 epoll fd 失败导致 JFCE 事件聚合不可用,"关键日志：依次匹配 `failed to add fd:`、`, errno:`；日志路径：URMA_LOG_PATH",init_slave_context_fd 在 bond 模式下需要把物理 JFCE fd 加入或移出虚拟 JFCE 的 epoll 集合，但 epoll 系统调用失败，完成事件无法被统一监听和分发。,无
urma_255,init_general_slave_devices 装载或匹配 provider 失败导致设备驱动能力不可用,关键日志：匹配 Failed to get slave device info；日志路径：URMA_LOG_PATH,init_general_slave_devices 在初始化或注册设备时未能打开 provider 动态库、获取动态库路径、匹配驱动名称或完成 provider 注册，导致 URMA 用户态无法绑定对应设备的 provider 操作集。,无
urma_256,init_general_slave_devices 校验 设备 无效导致初始化流程拒绝继续执行,关键日志：匹配 Invalid slave device number of device；日志路径：URMA_LOG_PATH,init_general_slave_devices 在执行初始化前发现调用方传入的 设备 不满足当前操作要求，通常是对象为空、状态不匹配或与 provider 能力不一致，因此直接返回错误以避免继续访问非法资源。,无
urma_257,init_general_slave_devices 执行初始化 context 失败导致当前资源状态无法推进,关键日志：匹配 Failed to create dev ctx in bonding；日志路径：URMA_LOG_PATH,init_general_slave_devices 调用下层 provider、bond 组件或系统接口处理 context 时返回失败，当前分支携带 ret/errno 等错误结果退出，导致该资源的创建、导入、修改、投递或清理状态无法继续推进。,无
urma_258,init_matrix_slave_devices 执行初始化 设备 失败导致当前资源状态无法推进,关键日志：匹配 urma get device list failed!；日志路径：URMA_LOG_PATH,init_matrix_slave_devices 调用下层 provider、bond 组件或系统接口处理 设备 时返回失败，当前分支携带 ret/errno 等错误结果退出，导致该资源的创建、导入、修改、投递或清理状态无法继续推进。,无
urma_259,init_matrix_slave_devices 执行初始化 设备 失败导致当前资源状态无法推进,关键日志：匹配 Failed to get topo info by bonding eid；日志路径：URMA_LOG_PATH,init_matrix_slave_devices 调用下层 provider、bond 组件或系统接口处理 设备 时返回失败，当前分支携带 ret/errno 等错误结果退出，导致该资源的创建、导入、修改、投递或清理状态无法继续推进。,无
urma_260,init_matrix_slave_devices 执行初始化 设备 失败导致当前资源状态无法推进,关键日志：匹配 Primary eid is empty；日志路径：URMA_LOG_PATH,init_matrix_slave_devices 调用下层 provider、bond 组件或系统接口处理 设备 时返回失败，当前分支携带 ret/errno 等错误结果退出，导致该资源的创建、导入、修改、投递或清理状态无法继续推进。,无
urma_261,init_matrix_slave_devices 执行初始化 设备 失败导致当前资源状态无法推进,关键日志：匹配 No port eid valid；日志路径：URMA_LOG_PATH,init_matrix_slave_devices 调用下层 provider、bond 组件或系统接口处理 设备 时返回失败，当前分支携带 ret/errno 等错误结果退出，导致该资源的创建、导入、修改、投递或清理状态无法继续推进。,无
urma_262,init_matrix_slave_devices 执行初始化 context 失败导致当前资源状态无法推进,关键日志：依次匹配 `Failed to create ctx for primary eid[`、`]`；日志路径：URMA_LOG_PATH,init_matrix_slave_devices 调用下层 provider、bond 组件或系统接口处理 context 时返回失败，当前分支携带 ret/errno 等错误结果退出，导致该资源的创建、导入、修改、投递或清理状态无法继续推进。,无
urma_263,bondp_create_context 执行创建 context 失败导致当前资源状态无法推进,关键日志：匹配 Uninitialized variables；日志路径：URMA_LOG_PATH,bondp_create_context 调用下层 provider、bond 组件或系统接口处理 context 时返回失败，当前分支携带 ret/errno 等错误结果退出，导致该资源的创建、导入、修改、投递或清理状态无法继续推进。,无
urma_264,bondp_create_context 执行创建 context 失败导致当前资源状态无法推进,关键日志：匹配 Failed to create ctx；日志路径：URMA_LOG_PATH,bondp_create_context 调用下层 provider、bond 组件或系统接口处理 context 时返回失败，当前分支携带 ret/errno 等错误结果退出，导致该资源的创建、导入、修改、投递或清理状态无法继续推进。,无
urma_265,bondp_create_context 执行创建 context 失败导致当前资源状态无法推进,关键日志：匹配 Failed to init v_ctx；日志路径：URMA_LOG_PATH,bondp_create_context 调用下层 provider、bond 组件或系统接口处理 context 时返回失败，当前分支携带 ret/errno 等错误结果退出，导致该资源的创建、导入、修改、投递或清理状态无法继续推进。,无
urma_266,bondp_create_context 管理 epoll fd 失败导致 JFCE 事件聚合不可用,关键日志：匹配 Failed to create context；日志路径：URMA_LOG_PATH,bondp_create_context 在 bond 模式下需要把物理 JFCE fd 加入或移出虚拟 JFCE 的 epoll 集合，但 epoll 系统调用失败，完成事件无法被统一监听和分发。,无
urma_267,bondp_create_context 管理 epoll fd 失败导致 JFCE 事件聚合不可用,关键日志：匹配 Failed to create epoll；日志路径：URMA_LOG_PATH,bondp_create_context 在 bond 模式下需要把物理 JFCE fd 加入或移出虚拟 JFCE 的 epoll 集合，但 epoll 系统调用失败，完成事件无法被统一监听和分发。,无
urma_268,bondp_set_aggr_mode 校验 context 无效导致设置流程拒绝继续执行,关键日志：匹配 bonding context is invalid in user ctl；日志路径：URMA_LOG_PATH,bondp_set_aggr_mode 在执行设置前发现调用方传入的 context 不满足当前操作要求，通常是对象为空、状态不匹配或与 provider 能力不一致，因此直接返回错误以避免继续访问非法资源。,无
urma_269,bondp_find_vtseg_by_va 更新 目标 segment 映射结构失败导致资源索引不可用,关键日志：匹配 bondp_hash_table_lookup fail；日志路径：URMA_LOG_PATH,bondp_find_vtseg_by_va 需要维护 目标 segment 到物理资源或虚拟资源的映射关系，但哈希表创建、插入、删除或查找失败，后续无法通过标识定位正确资源。,无
urma_270,bondp_create_pseg 校验 segment 无效导致创建流程拒绝继续执行,关键日志：匹配 Invalid segment address for bondp seg；日志路径：URMA_LOG_PATH,bondp_create_pseg 在执行创建前发现调用方传入的 segment 不满足当前操作要求，通常是对象为空、状态不匹配或与 provider 能力不一致，因此直接返回错误以避免继续访问非法资源。,无
urma_271,bondp_create_pseg 装载或匹配 provider 失败导致设备驱动能力不可用,关键日志：匹配 Failed to register pseg；日志路径：URMA_LOG_PATH,bondp_create_pseg 在初始化或注册设备时未能打开 provider 动态库、获取动态库路径、匹配驱动名称或完成 provider 注册，导致 URMA 用户态无法绑定对应设备的 provider 操作集。,无
urma_272,bondp_create_vseg 装载或匹配 provider 失败导致设备驱动能力不可用,"关键日志：匹配 `Fail to register vseg, ret:`；日志路径：URMA_LOG_PATH",bondp_create_vseg 在初始化或注册设备时未能打开 provider 动态库、获取动态库路径、匹配驱动名称或完成 provider 注册，导致 URMA 用户态无法绑定对应设备的 provider 操作集。,无
urma_273,bondp_register_seg 校验 segment 无效导致注册流程拒绝继续执行,关键日志：匹配 Invalid token id for register bondp seg；日志路径：URMA_LOG_PATH,bondp_register_seg 在执行注册前发现调用方传入的 segment 不满足当前操作要求，通常是对象为空、状态不匹配或与 provider 能力不一致，因此直接返回错误以避免继续访问非法资源。,无
urma_274,bondp_register_seg 分配 segment 临时参数失败导致注册流程无法继续,关键日志：匹配 Failed to alloc bondp segment comp；日志路径：URMA_LOG_PATH,bondp_register_seg 需要为 segment 构造命令参数、资源描述或临时缓存，但内存分配返回失败，后续 provider 调用或驱动命令缺少必要入参，因此当前 URMA 操作被阻断。,无
urma_275,bondp_register_seg 执行注册 context 失败导致当前资源状态无法推进,关键日志：匹配 Failed to create pseg；日志路径：URMA_LOG_PATH,bondp_register_seg 调用下层 provider、bond 组件或系统接口处理 context 时返回失败，当前分支携带 ret/errno 等错误结果退出，导致该资源的创建、导入、修改、投递或清理状态无法继续推进。,无
urma_276,bondp_register_seg 执行注册 context 失败导致当前资源状态无法推进,关键日志：匹配 Failed to create vseg；日志路径：URMA_LOG_PATH,bondp_register_seg 调用下层 provider、bond 组件或系统接口处理 context 时返回失败，当前分支携带 ret/errno 等错误结果退出，导致该资源的创建、导入、修改、投递或清理状态无法继续推进。,无
urma_277,bondp_import_seg 分配 目标 segment 临时参数失败导致导入流程无法继续,关键日志：匹配 Failed to alloc target seg；日志路径：URMA_LOG_PATH,bondp_import_seg 需要为 目标 segment 构造命令参数、资源描述或临时缓存，但内存分配返回失败，后续 provider 调用或驱动命令缺少必要入参，因此当前 URMA 操作被阻断。,无
urma_278,bdp_queue_push_tail 校验 URMA 对象 无效导致处理流程拒绝继续执行,"关键日志：依次匹配 `Failed to enqueue with invalid node_num:`、`, max_node:`；日志路径：URMA_LOG_PATH",bdp_queue_push_tail 在执行处理前发现调用方传入的 URMA 对象 不满足当前操作要求，通常是对象为空、状态不匹配或与 provider 能力不一致，因此直接返回错误以避免继续访问非法资源。,无
urma_279,bdp_queue_push_tail 分配 URMA 对象 临时参数失败导致处理流程无法继续,关键日志：匹配 Failed to alloc bdp_queue_node；日志路径：URMA_LOG_PATH,bdp_queue_push_tail 需要为 URMA 对象 构造命令参数、资源描述或临时缓存，但内存分配返回失败，后续 provider 调用或驱动命令缺少必要入参，因此当前 URMA 操作被阻断。,无
urma_280,bdp_slide_wnd_init 校验 URMA 对象 无效导致初始化流程拒绝继续执行,关键日志：匹配 Invalid param wnd；日志路径：URMA_LOG_PATH,bdp_slide_wnd_init 在执行初始化前发现调用方传入的 URMA 对象 不满足当前操作要求，通常是对象为空、状态不匹配或与 provider 能力不一致，因此直接返回错误以避免继续访问非法资源。,无
urma_281,bdp_slide_wnd_init 校验 URMA 对象 无效导致初始化流程拒绝继续执行,关键日志：匹配 Invalid param: total_size <= window_size；日志路径：URMA_LOG_PATH,bdp_slide_wnd_init 在执行初始化前发现调用方传入的 URMA 对象 不满足当前操作要求，通常是对象为空、状态不匹配或与 provider 能力不一致，因此直接返回错误以避免继续访问非法资源。,无
urma_282,bdp_slide_wnd_init 更新 URMA 对象 映射结构失败导致资源索引不可用,关键日志：匹配 Failed to init bitmap；日志路径：URMA_LOG_PATH,bdp_slide_wnd_init 需要维护 URMA 对象 到物理资源或虚拟资源的映射关系，但哈希表创建、插入、删除或查找失败，后续无法通过标识定位正确资源。,无
urma_283,bdp_slide_wnd_uninit 校验 URMA 对象 无效导致初始化流程拒绝继续执行,关键日志：匹配 Invalid param wnd；日志路径：URMA_LOG_PATH,bdp_slide_wnd_uninit 在执行初始化前发现调用方传入的 URMA 对象 不满足当前操作要求，通常是对象为空、状态不匹配或与 provider 能力不一致，因此直接返回错误以避免继续访问非法资源。,无
urma_284,create_topo_map 校验 拓扑信息 无效导致创建流程拒绝继续执行,关键日志：匹配 Invalid topo info to create topo map；日志路径：URMA_LOG_PATH,create_topo_map 在执行创建前发现调用方传入的 拓扑信息 不满足当前操作要求，通常是对象为空、状态不匹配或与 provider 能力不一致，因此直接返回错误以避免继续访问非法资源。,无
urma_285,create_topo_map 分配 拓扑信息 临时参数失败导致创建流程无法继续,关键日志：匹配 Failed to alloc topo_map；日志路径：URMA_LOG_PATH,create_topo_map 需要为 拓扑信息 构造命令参数、资源描述或临时缓存，但内存分配返回失败，后续 provider 调用或驱动命令缺少必要入参，因此当前 URMA 操作被阻断。,无
urma_286,create_topo_map 执行创建 拓扑信息 失败导致当前资源状态无法推进,关键日志：匹配 topo info doesn't have cur_node；日志路径：URMA_LOG_PATH,create_topo_map 调用下层 provider、bond 组件或系统接口处理 拓扑信息 时返回失败，当前分支携带 ret/errno 等错误结果退出，导致该资源的创建、导入、修改、投递或清理状态无法继续推进。,无
urma_287,create_topo_map 更新 EID 映射结构失败导致资源索引不可用,关键日志：匹配 Failed to create eid_mapping_hash_table；日志路径：URMA_LOG_PATH,create_topo_map 需要维护 EID 到物理资源或虚拟资源的映射关系，但哈希表创建、插入、删除或查找失败，后续无法通过标识定位正确资源。,无
urma_288,deepcopy_sge 校验 SGE 无效导致复制流程拒绝继续执行,"关键日志：匹配 Invalid sge pointer, dst or src is NULL；日志路径：URMA_LOG_PATH",deepcopy_sge 在执行复制前发现调用方传入的 SGE 不满足当前操作要求，通常是对象为空、状态不匹配或与 provider 能力不一致，因此直接返回错误以避免继续访问非法资源。,无
urma_289,deepcopy_sg 校验 URMA 对象 无效导致复制流程拒绝继续执行,"关键日志：匹配 Invalid sg pointer, dst or src is NULL；日志路径：URMA_LOG_PATH",deepcopy_sg 在执行复制前发现调用方传入的 URMA 对象 不满足当前操作要求，通常是对象为空、状态不匹配或与 provider 能力不一致，因此直接返回错误以避免继续访问非法资源。,无
urma_290,deepcopy_sg 校验 SGE 无效导致复制流程拒绝继续执行,关键日志：匹配 Invalid num_sge；日志路径：URMA_LOG_PATH,deepcopy_sg 在执行复制前发现调用方传入的 SGE 不满足当前操作要求，通常是对象为空、状态不匹配或与 provider 能力不一致，因此直接返回错误以避免继续访问非法资源。,无
urma_291,deepcopy_sg 分配 SGE 临时参数失败导致复制流程无法继续,关键日志：匹配 Failed to alloc dst sge；日志路径：URMA_LOG_PATH,deepcopy_sg 需要为 SGE 构造命令参数、资源描述或临时缓存，但内存分配返回失败，后续 provider 调用或驱动命令缺少必要入参，因此当前 URMA 操作被阻断。,无
urma_292,deepcopy_cas_wr 分配 WR 临时参数失败导致复制流程无法继续,关键日志：匹配 Failed to alloc new_wr_cas->dst；日志路径：URMA_LOG_PATH,deepcopy_cas_wr 需要为 WR 构造命令参数、资源描述或临时缓存，但内存分配返回失败，后续 provider 调用或驱动命令缺少必要入参，因此当前 URMA 操作被阻断。,无
urma_293,deepcopy_cas_wr 执行复制 WR 失败导致当前资源状态无法推进,关键日志：匹配 Failed to deepcopy dst sge；日志路径：URMA_LOG_PATH,deepcopy_cas_wr 调用下层 provider、bond 组件或系统接口处理 WR 时返回失败，当前分支携带 ret/errno 等错误结果退出，导致该资源的创建、导入、修改、投递或清理状态无法继续推进。,无
urma_294,deepcopy_cas_wr 分配 WR 临时参数失败导致复制流程无法继续,关键日志：匹配 Failed to alloc new_wr_cas->src；日志路径：URMA_LOG_PATH,deepcopy_cas_wr 需要为 WR 构造命令参数、资源描述或临时缓存，但内存分配返回失败，后续 provider 调用或驱动命令缺少必要入参，因此当前 URMA 操作被阻断。,无
urma_295,deepcopy_cas_wr 执行复制 WR 失败导致当前资源状态无法推进,关键日志：匹配 Failed to copy src sge；日志路径：URMA_LOG_PATH,deepcopy_cas_wr 调用下层 provider、bond 组件或系统接口处理 WR 时返回失败，当前分支携带 ret/errno 等错误结果退出，导致该资源的创建、导入、修改、投递或清理状态无法继续推进。,无
urma_296,deepcopy_faa_wr 分配 WR 临时参数失败导致复制流程无法继续,关键日志：匹配 Failed to alloc new_wr_faa->dst；日志路径：URMA_LOG_PATH,deepcopy_faa_wr 需要为 WR 构造命令参数、资源描述或临时缓存，但内存分配返回失败，后续 provider 调用或驱动命令缺少必要入参，因此当前 URMA 操作被阻断。,无
urma_297,deepcopy_faa_wr 执行复制 WR 失败导致当前资源状态无法推进,关键日志：匹配 Failed to deepcopy dst sge；日志路径：URMA_LOG_PATH,deepcopy_faa_wr 调用下层 provider、bond 组件或系统接口处理 WR 时返回失败，当前分支携带 ret/errno 等错误结果退出，导致该资源的创建、导入、修改、投递或清理状态无法继续推进。,无
urma_298,deepcopy_faa_wr 分配 WR 临时参数失败导致复制流程无法继续,关键日志：匹配 Failed to alloc new_wr_faa->src；日志路径：URMA_LOG_PATH,deepcopy_faa_wr 需要为 WR 构造命令参数、资源描述或临时缓存，但内存分配返回失败，后续 provider 调用或驱动命令缺少必要入参，因此当前 URMA 操作被阻断。,无
urma_299,deepcopy_faa_wr 执行复制 WR 失败导致当前资源状态无法推进,关键日志：匹配 Failed to deepcopy src sge；日志路径：URMA_LOG_PATH,deepcopy_faa_wr 调用下层 provider、bond 组件或系统接口处理 WR 时返回失败，当前分支携带 ret/errno 等错误结果退出，导致该资源的创建、导入、修改、投递或清理状态无法继续推进。,无
urma_300,deepcopy_jfs_wr_node 分配 JFS 临时参数失败导致复制流程无法继续,关键日志：匹配 Malloc wr failed；日志路径：URMA_LOG_PATH,deepcopy_jfs_wr_node 需要为 JFS 构造命令参数、资源描述或临时缓存，但内存分配返回失败，后续 provider 调用或驱动命令缺少必要入参，因此当前 URMA 操作被阻断。,无
urma_301,deepcopy_jfs_wr_node 执行复制 JFS 失败导致当前资源状态无法推进,关键日志：匹配 Deepcopy sg failed；日志路径：URMA_LOG_PATH,deepcopy_jfs_wr_node 调用下层 provider、bond 组件或系统接口处理 JFS 时返回失败，当前分支携带 ret/errno 等错误结果退出，导致该资源的创建、导入、修改、投递或清理状态无法继续推进。,无
urma_302,deepcopy_jfr_wr_node 分配 JFR 临时参数失败导致复制流程无法继续,关键日志：匹配 Malloc wr failed；日志路径：URMA_LOG_PATH,deepcopy_jfr_wr_node 需要为 JFR 构造命令参数、资源描述或临时缓存，但内存分配返回失败，后续 provider 调用或驱动命令缺少必要入参，因此当前 URMA 操作被阻断。,无
urma_303,deepcopy_jfr_wr_node 执行复制 JFR 失败导致当前资源状态无法推进,关键日志：匹配 Deepcopy sg failed；日志路径：URMA_LOG_PATH,deepcopy_jfr_wr_node 调用下层 provider、bond 组件或系统接口处理 JFR 时返回失败，当前分支携带 ret/errno 等错误结果退出，导致该资源的创建、导入、修改、投递或清理状态无法继续推进。,无
urma_304,urma_cmd_create_context 校验 context 无效导致创建流程拒绝继续执行,关键日志：匹配 Invalid parameter；日志路径：URMA_LOG_PATH,urma_cmd_create_context 在执行创建前发现调用方传入的 context 不满足当前操作要求，通常是对象为空、状态不匹配或与 provider 能力不一致，因此直接返回错误以避免继续访问非法资源。,无
urma_305,urma_cmd_create_context URMA 控制面命令 ioctl 下发内核驱动失败导致用户态操作中断,关键日志：匹配 Failed to query eid；日志路径：URMA_LOG_PATH,urma_cmd_create_context 通过 fd 向内核驱动下发URMA 控制面命令请求时，ioctl 返回失败，说明内核驱动没有完成对应控制面动作，用户态无法取得或更新 context 状态。,无
urma_306,urma_cmd_create_context URMA 控制面命令 ioctl 下发内核驱动失败导致用户态操作中断,"关键日志：依次匹配 `ioctl failed, ret:`、`, errno:`；日志路径：URMA_LOG_PATH",urma_cmd_create_context 通过 fd 向内核驱动下发URMA 控制面命令请求时，ioctl 返回失败，说明内核驱动没有完成对应控制面动作，用户态无法取得或更新 context 状态。,无
urma_307,urma_cmd_alloc_token_id 校验 context 无效导致分配流程拒绝继续执行,关键日志：匹配 Invalid parameter；日志路径：URMA_LOG_PATH,urma_cmd_alloc_token_id 在执行分配前发现调用方传入的 context 不满足当前操作要求，通常是对象为空、状态不匹配或与 provider 能力不一致，因此直接返回错误以避免继续访问非法资源。,无
urma_308,urma_cmd_alloc_token_id 分配 token_id 临时参数失败导致分配流程无法继续,"关键日志：依次匹配 `ioctl failed in urma_cmd_alloc_token_id, ret:`、`, errno:`；日志路径：URMA_LOG_PATH",urma_cmd_alloc_token_id 需要为 token_id 构造命令参数、资源描述或临时缓存，但内存分配返回失败，后续 provider 调用或驱动命令缺少必要入参，因此当前 URMA 操作被阻断。,无
urma_309,urma_cmd_alloc_token_id_ex 校验 context 无效导致分配流程拒绝继续执行,关键日志：匹配 Invalid parameter；日志路径：URMA_LOG_PATH,urma_cmd_alloc_token_id_ex 在执行分配前发现调用方传入的 context 不满足当前操作要求，通常是对象为空、状态不匹配或与 provider 能力不一致，因此直接返回错误以避免继续访问非法资源。,无
urma_310,urma_cmd_alloc_token_id_ex 分配 token_id 临时参数失败导致分配流程无法继续,"关键日志：依次匹配 `ioctl failed in urma_cmd_alloc_token_id, ret:`、`, errno:`；日志路径：URMA_LOG_PATH",urma_cmd_alloc_token_id_ex 需要为 token_id 构造命令参数、资源描述或临时缓存，但内存分配返回失败，后续 provider 调用或驱动命令缺少必要入参，因此当前 URMA 操作被阻断。,无
urma_311,urma_cmd_create_jfs URMA 控制面命令 ioctl 下发内核驱动失败导致用户态操作中断,"关键日志：依次匹配 `ioctl failed, ret:`、`, errno:`；日志路径：URMA_LOG_PATH",urma_cmd_create_jfs 通过 fd 向内核驱动下发URMA 控制面命令请求时，ioctl 返回失败，说明内核驱动没有完成对应控制面动作，用户态无法取得或更新 JFS 状态。,无
urma_312,urma_cmd_delete_jfs_batch 校验 设备 无效导致删除流程拒绝继续执行,关键日志：匹配 Invalid parameter；日志路径：URMA_LOG_PATH,urma_cmd_delete_jfs_batch 在执行删除前发现调用方传入的 设备 不满足当前操作要求，通常是对象为空、状态不匹配或与 provider 能力不一致，因此直接返回错误以避免继续访问非法资源。,无
urma_313,urma_cmd_delete_jfs_batch 装载或匹配 provider 失败导致设备驱动能力不可用,"关键日志：匹配 `jfs not from the same dev, cannot delete in a batch, index:`；日志路径：URMA_LOG_PATH",urma_cmd_delete_jfs_batch 在初始化或注册设备时未能打开 provider 动态库、获取动态库路径、匹配驱动名称或完成 provider 注册，导致 URMA 用户态无法绑定对应设备的 provider 操作集。,无
urma_314,urma_cmd_delete_jfs_batch 分配 JFS 临时参数失败导致删除流程无法继续,关键日志：匹配 Failed to malloc buffer；日志路径：URMA_LOG_PATH,urma_cmd_delete_jfs_batch 需要为 JFS 构造命令参数、资源描述或临时缓存，但内存分配返回失败，后续 provider 调用或驱动命令缺少必要入参，因此当前 URMA 操作被阻断。,无
urma_315,urma_cmd_create_jfr 校验 context 无效导致创建流程拒绝继续执行,关键日志：匹配 Invalid parameter；日志路径：URMA_LOG_PATH,urma_cmd_create_jfr 在执行创建前发现调用方传入的 context 不满足当前操作要求，通常是对象为空、状态不匹配或与 provider 能力不一致，因此直接返回错误以避免继续访问非法资源。,无
urma_316,urma_cmd_create_jfr URMA 控制面命令 ioctl 下发内核驱动失败导致用户态操作中断,"关键日志：依次匹配 `ioctl failed in urma_cmd_create_jfr, ret:`、`, errno:`；日志路径：URMA_LOG_PATH",urma_cmd_create_jfr 通过 fd 向内核驱动下发URMA 控制面命令请求时，ioctl 返回失败，说明内核驱动没有完成对应控制面动作，用户态无法取得或更新 JFR 状态。,无
urma_317,urma_cmd_alloc_jfs 校验 context 无效导致分配流程拒绝继续执行,关键日志：匹配 Invalid parameter；日志路径：URMA_LOG_PATH,urma_cmd_alloc_jfs 在执行分配前发现调用方传入的 context 不满足当前操作要求，通常是对象为空、状态不匹配或与 provider 能力不一致，因此直接返回错误以避免继续访问非法资源。,无
urma_318,urma_cmd_alloc_jfs 分配 JFS 临时参数失败导致分配流程无法继续,"关键日志：依次匹配 `ioctl failed in urma_cmd_alloc_jfr, ret:`、`, errno:`；日志路径：URMA_LOG_PATH",urma_cmd_alloc_jfs 需要为 JFS 构造命令参数、资源描述或临时缓存，但内存分配返回失败，后续 provider 调用或驱动命令缺少必要入参，因此当前 URMA 操作被阻断。,无
urma_319,urma_cmd_free_jfs 校验 context 无效导致释放流程拒绝继续执行,关键日志：匹配 Invalid parameter；日志路径：URMA_LOG_PATH,urma_cmd_free_jfs 在执行释放前发现调用方传入的 context 不满足当前操作要求，通常是对象为空、状态不匹配或与 provider 能力不一致，因此直接返回错误以避免继续访问非法资源。,无
urma_320,urma_cmd_set_jfs_opt 校验 JFS 无效导致设置流程拒绝继续执行,关键日志：匹配 Invalid parameter；日志路径：URMA_LOG_PATH,urma_cmd_set_jfs_opt 在执行设置前发现调用方传入的 JFS 不满足当前操作要求，通常是对象为空、状态不匹配或与 provider 能力不一致，因此直接返回错误以避免继续访问非法资源。,无
urma_321,urma_cmd_set_jfs_opt 校验 context 无效导致设置流程拒绝继续执行,关键日志：匹配 Invalid parameter；日志路径：URMA_LOG_PATH,urma_cmd_set_jfs_opt 在执行设置前发现调用方传入的 context 不满足当前操作要求，通常是对象为空、状态不匹配或与 provider 能力不一致，因此直接返回错误以避免继续访问非法资源。,无
urma_322,urma_cmd_delete_jfr_batch 校验 设备 无效导致删除流程拒绝继续执行,关键日志：匹配 Invalid parameter；日志路径：URMA_LOG_PATH,urma_cmd_delete_jfr_batch 在执行删除前发现调用方传入的 设备 不满足当前操作要求，通常是对象为空、状态不匹配或与 provider 能力不一致，因此直接返回错误以避免继续访问非法资源。,无
urma_323,urma_cmd_delete_jfr_batch 装载或匹配 provider 失败导致设备驱动能力不可用,"关键日志：匹配 `jfr not from the same dev, cannot delete in a batch, index:`；日志路径：URMA_LOG_PATH",urma_cmd_delete_jfr_batch 在初始化或注册设备时未能打开 provider 动态库、获取动态库路径、匹配驱动名称或完成 provider 注册，导致 URMA 用户态无法绑定对应设备的 provider 操作集。,无
urma_324,urma_cmd_delete_jfr_batch 分配 JFR 临时参数失败导致删除流程无法继续,关键日志：匹配 Failed to malloc buffer；日志路径：URMA_LOG_PATH,urma_cmd_delete_jfr_batch 需要为 JFR 构造命令参数、资源描述或临时缓存，但内存分配返回失败，后续 provider 调用或驱动命令缺少必要入参，因此当前 URMA 操作被阻断。,无
urma_325,urma_cmd_create_jfc 校验 context 无效导致创建流程拒绝继续执行,关键日志：匹配 Invalid parameter；日志路径：URMA_LOG_PATH,urma_cmd_create_jfc 在执行创建前发现调用方传入的 context 不满足当前操作要求，通常是对象为空、状态不匹配或与 provider 能力不一致，因此直接返回错误以避免继续访问非法资源。,无
urma_326,urma_cmd_create_jfc URMA 控制面命令 ioctl 下发内核驱动失败导致用户态操作中断,"关键日志：依次匹配 `ioctl failed in urma_cmd_create_jfc, ret:`、`, errno:`；日志路径：URMA_LOG_PATH",urma_cmd_create_jfc 通过 fd 向内核驱动下发URMA 控制面命令请求时，ioctl 返回失败，说明内核驱动没有完成对应控制面动作，用户态无法取得或更新 JFC 状态。,无
urma_327,urma_cmd_delete_jfc_batch 校验 设备 无效导致删除流程拒绝继续执行,关键日志：匹配 Invalid parameter；日志路径：URMA_LOG_PATH,urma_cmd_delete_jfc_batch 在执行删除前发现调用方传入的 设备 不满足当前操作要求，通常是对象为空、状态不匹配或与 provider 能力不一致，因此直接返回错误以避免继续访问非法资源。,无
urma_328,urma_cmd_delete_jfc_batch 装载或匹配 provider 失败导致设备驱动能力不可用,"关键日志：匹配 `jfc not from the same dev, cannot delete in a batch, index:`；日志路径：URMA_LOG_PATH",urma_cmd_delete_jfc_batch 在初始化或注册设备时未能打开 provider 动态库、获取动态库路径、匹配驱动名称或完成 provider 注册，导致 URMA 用户态无法绑定对应设备的 provider 操作集。,无
urma_329,urma_cmd_delete_jfc_batch 分配 JFC 临时参数失败导致删除流程无法继续,关键日志：匹配 Failed to malloc buffer；日志路径：URMA_LOG_PATH,urma_cmd_delete_jfc_batch 需要为 JFC 构造命令参数、资源描述或临时缓存，但内存分配返回失败，后续 provider 调用或驱动命令缺少必要入参，因此当前 URMA 操作被阻断。,无
urma_330,urma_cmd_alloc_jfc 校验 context 无效导致分配流程拒绝继续执行,关键日志：匹配 Invalid parameter；日志路径：URMA_LOG_PATH,urma_cmd_alloc_jfc 在执行分配前发现调用方传入的 context 不满足当前操作要求，通常是对象为空、状态不匹配或与 provider 能力不一致，因此直接返回错误以避免继续访问非法资源。,无
urma_331,urma_cmd_alloc_jfc 分配 JFC 临时参数失败导致分配流程无法继续,"关键日志：依次匹配 `ioctl failed in urma_cmd_alloc_jfc, ret:`、`, errno:`；日志路径：URMA_LOG_PATH",urma_cmd_alloc_jfc 需要为 JFC 构造命令参数、资源描述或临时缓存，但内存分配返回失败，后续 provider 调用或驱动命令缺少必要入参，因此当前 URMA 操作被阻断。,无
urma_332,urma_cmd_free_jfc 校验 context 无效导致释放流程拒绝继续执行,关键日志：匹配 Invalid parameter；日志路径：URMA_LOG_PATH,urma_cmd_free_jfc 在执行释放前发现调用方传入的 context 不满足当前操作要求，通常是对象为空、状态不匹配或与 provider 能力不一致，因此直接返回错误以避免继续访问非法资源。,无
urma_333,urma_cmd_set_jfc_opt 校验 JFC 无效导致设置流程拒绝继续执行,关键日志：匹配 Invalid parameter；日志路径：URMA_LOG_PATH,urma_cmd_set_jfc_opt 在执行设置前发现调用方传入的 JFC 不满足当前操作要求，通常是对象为空、状态不匹配或与 provider 能力不一致，因此直接返回错误以避免继续访问非法资源。,无
urma_334,urma_cmd_set_jfc_opt 校验 context 无效导致设置流程拒绝继续执行,关键日志：匹配 Invalid parameter；日志路径：URMA_LOG_PATH,urma_cmd_set_jfc_opt 在执行设置前发现调用方传入的 context 不满足当前操作要求，通常是对象为空、状态不匹配或与 provider 能力不一致，因此直接返回错误以避免继续访问非法资源。,无
urma_335,urma_cmd_set_jfc_opt URMA 控制面命令 ioctl 下发内核驱动失败导致用户态操作中断,"关键日志：依次匹配 `ioctl failed in urma_cmd_set_jfc_opt, ret:`、`, errno:`；日志路径：URMA_LOG_PATH",urma_cmd_set_jfc_opt 通过 fd 向内核驱动下发URMA 控制面命令请求时，ioctl 返回失败，说明内核驱动没有完成对应控制面动作，用户态无法取得或更新 JFC 状态。,无
urma_336,urma_cmd_create_jfce 校验 context 无效导致创建流程拒绝继续执行,关键日志：匹配 Invalid parameter；日志路径：URMA_LOG_PATH,urma_cmd_create_jfce 在执行创建前发现调用方传入的 context 不满足当前操作要求，通常是对象为空、状态不匹配或与 provider 能力不一致，因此直接返回错误以避免继续访问非法资源。,无
urma_337,urma_cmd_advise_jetty 校验 context 无效导致处理流程拒绝继续执行,关键日志：匹配 Invalid parameter；日志路径：URMA_LOG_PATH,urma_cmd_advise_jetty 在执行处理前发现调用方传入的 context 不满足当前操作要求，通常是对象为空、状态不匹配或与 provider 能力不一致，因此直接返回错误以避免继续访问非法资源。,无
urma_338,urma_cmd_alloc_jfr 校验 context 无效导致分配流程拒绝继续执行,关键日志：匹配 Invalid parameter；日志路径：URMA_LOG_PATH,urma_cmd_alloc_jfr 在执行分配前发现调用方传入的 context 不满足当前操作要求，通常是对象为空、状态不匹配或与 provider 能力不一致，因此直接返回错误以避免继续访问非法资源。,无
urma_339,urma_cmd_alloc_jfr 分配 JFR 临时参数失败导致分配流程无法继续,"关键日志：依次匹配 `ioctl failed in urma_cmd_alloc_jfr, ret:`、`, errno:`；日志路径：URMA_LOG_PATH",urma_cmd_alloc_jfr 需要为 JFR 构造命令参数、资源描述或临时缓存，但内存分配返回失败，后续 provider 调用或驱动命令缺少必要入参，因此当前 URMA 操作被阻断。,无
urma_340,urma_cmd_free_jfr 校验 context 无效导致释放流程拒绝继续执行,关键日志：匹配 Invalid parameter；日志路径：URMA_LOG_PATH,urma_cmd_free_jfr 在执行释放前发现调用方传入的 context 不满足当前操作要求，通常是对象为空、状态不匹配或与 provider 能力不一致，因此直接返回错误以避免继续访问非法资源。,无
urma_341,urma_cmd_set_jfr_opt 校验 JFR 无效导致设置流程拒绝继续执行,关键日志：匹配 Invalid parameter；日志路径：URMA_LOG_PATH,urma_cmd_set_jfr_opt 在执行设置前发现调用方传入的 JFR 不满足当前操作要求，通常是对象为空、状态不匹配或与 provider 能力不一致，因此直接返回错误以避免继续访问非法资源。,无
urma_342,urma_cmd_set_jfr_opt 校验 context 无效导致设置流程拒绝继续执行,关键日志：匹配 Invalid parameter；日志路径：URMA_LOG_PATH,urma_cmd_set_jfr_opt 在执行设置前发现调用方传入的 context 不满足当前操作要求，通常是对象为空、状态不匹配或与 provider 能力不一致，因此直接返回错误以避免继续访问非法资源。,无
urma_343,init_create_jetty_cmd 校验 Jetty 无效导致创建流程拒绝继续执行,关键日志：匹配 Invalid parameter；日志路径：URMA_LOG_PATH,init_create_jetty_cmd 在执行创建前发现调用方传入的 Jetty 不满足当前操作要求，通常是对象为空、状态不匹配或与 provider 能力不一致，因此直接返回错误以避免继续访问非法资源。,无
urma_344,init_create_jetty_cmd 校验 Jetty 无效导致创建流程拒绝继续执行,关键日志：匹配 Invalid parameter；日志路径：URMA_LOG_PATH,init_create_jetty_cmd 在执行创建前发现调用方传入的 Jetty 不满足当前操作要求，通常是对象为空、状态不匹配或与 provider 能力不一致，因此直接返回错误以避免继续访问非法资源。,无
urma_345,urma_cmd_create_jetty 校验 context 无效导致创建流程拒绝继续执行,关键日志：匹配 Invalid parameter；日志路径：URMA_LOG_PATH,urma_cmd_create_jetty 在执行创建前发现调用方传入的 context 不满足当前操作要求，通常是对象为空、状态不匹配或与 provider 能力不一致，因此直接返回错误以避免继续访问非法资源。,无
urma_346,urma_cmd_create_jetty URMA 控制面命令 ioctl 下发内核驱动失败导致用户态操作中断,关键日志：匹配 failed to init create jetty cmd；日志路径：URMA_LOG_PATH,urma_cmd_create_jetty 通过 fd 向内核驱动下发URMA 控制面命令请求时，ioctl 返回失败，说明内核驱动没有完成对应控制面动作，用户态无法取得或更新 Jetty 状态。,无
urma_347,urma_cmd_create_jetty URMA 控制面命令 ioctl 下发内核驱动失败导致用户态操作中断,关键日志：匹配 failed to fill jetty cfg；日志路径：URMA_LOG_PATH,urma_cmd_create_jetty 通过 fd 向内核驱动下发URMA 控制面命令请求时，ioctl 返回失败，说明内核驱动没有完成对应控制面动作，用户态无法取得或更新 Jetty 状态。,无
urma_348,urma_cmd_delete_jetty_batch 校验 设备 无效导致删除流程拒绝继续执行,关键日志：匹配 Invalid parameter；日志路径：URMA_LOG_PATH,urma_cmd_delete_jetty_batch 在执行删除前发现调用方传入的 设备 不满足当前操作要求，通常是对象为空、状态不匹配或与 provider 能力不一致，因此直接返回错误以避免继续访问非法资源。,无
urma_349,urma_cmd_delete_jetty_batch 装载或匹配 provider 失败导致设备驱动能力不可用,"关键日志：匹配 `jetty not from the same dev, cannot delete in a batch, index:`；日志路径：URMA_LOG_PATH",urma_cmd_delete_jetty_batch 在初始化或注册设备时未能打开 provider 动态库、获取动态库路径、匹配驱动名称或完成 provider 注册，导致 URMA 用户态无法绑定对应设备的 provider 操作集。,无
urma_350,urma_cmd_delete_jetty_batch 分配 Jetty 临时参数失败导致删除流程无法继续,关键日志：匹配 Failed to malloc buffer；日志路径：URMA_LOG_PATH,urma_cmd_delete_jetty_batch 需要为 Jetty 构造命令参数、资源描述或临时缓存，但内存分配返回失败，后续 provider 调用或驱动命令缺少必要入参，因此当前 URMA 操作被阻断。,无
urma_351,urma_cmd_create_jetty_grp 校验 context 无效导致创建流程拒绝继续执行,关键日志：匹配 Invalid parameter；日志路径：URMA_LOG_PATH,urma_cmd_create_jetty_grp 在执行创建前发现调用方传入的 context 不满足当前操作要求，通常是对象为空、状态不匹配或与 provider 能力不一致，因此直接返回错误以避免继续访问非法资源。,无
urma_352,urma_cmd_alloc_jetty 校验 context 无效导致分配流程拒绝继续执行,关键日志：匹配 Invalid parameter；日志路径：URMA_LOG_PATH,urma_cmd_alloc_jetty 在执行分配前发现调用方传入的 context 不满足当前操作要求，通常是对象为空、状态不匹配或与 provider 能力不一致，因此直接返回错误以避免继续访问非法资源。,无
urma_353,urma_cmd_alloc_jetty 分配 Jetty 临时参数失败导致分配流程无法继续,关键日志：匹配 failed to init alloc jetty cmd；日志路径：URMA_LOG_PATH,urma_cmd_alloc_jetty 需要为 Jetty 构造命令参数、资源描述或临时缓存，但内存分配返回失败，后续 provider 调用或驱动命令缺少必要入参，因此当前 URMA 操作被阻断。,无
urma_354,urma_cmd_alloc_jetty URMA 控制面命令 ioctl 下发内核驱动失败导致用户态操作中断,关键日志：匹配 failed to fill jetty cfg；日志路径：URMA_LOG_PATH,urma_cmd_alloc_jetty 通过 fd 向内核驱动下发URMA 控制面命令请求时，ioctl 返回失败，说明内核驱动没有完成对应控制面动作，用户态无法取得或更新 Jetty 状态。,无
urma_355,urma_cmd_free_jetty 校验 context 无效导致释放流程拒绝继续执行,关键日志：匹配 Invalid parameter；日志路径：URMA_LOG_PATH,urma_cmd_free_jetty 在执行释放前发现调用方传入的 context 不满足当前操作要求，通常是对象为空、状态不匹配或与 provider 能力不一致，因此直接返回错误以避免继续访问非法资源。,无
urma_356,urma_cmd_set_jetty_opt 校验 Jetty 无效导致设置流程拒绝继续执行,关键日志：匹配 Invalid parameter；日志路径：URMA_LOG_PATH,urma_cmd_set_jetty_opt 在执行设置前发现调用方传入的 Jetty 不满足当前操作要求，通常是对象为空、状态不匹配或与 provider 能力不一致，因此直接返回错误以避免继续访问非法资源。,无
urma_357,urma_cmd_set_jetty_opt 校验 context 无效导致设置流程拒绝继续执行,关键日志：匹配 Invalid parameter；日志路径：URMA_LOG_PATH,urma_cmd_set_jetty_opt 在执行设置前发现调用方传入的 context 不满足当前操作要求，通常是对象为空、状态不匹配或与 provider 能力不一致，因此直接返回错误以避免继续访问非法资源。,无
urma_358,urma_cmd_get_net_addr_list 校验 context 无效导致获取流程拒绝继续执行,关键日志：匹配 Invalid parameter；日志路径：URMA_LOG_PATH,urma_cmd_get_net_addr_list 在执行获取前发现调用方传入的 context 不满足当前操作要求，通常是对象为空、状态不匹配或与 provider 能力不一致，因此直接返回错误以避免继续访问非法资源。,无
urma_359,urma_cmd_create_notifier 校验 context 无效导致创建流程拒绝继续执行,关键日志：匹配 Invalid parameter；日志路径：URMA_LOG_PATH,urma_cmd_create_notifier 在执行创建前发现调用方传入的 context 不满足当前操作要求，通常是对象为空、状态不匹配或与 provider 能力不一致，因此直接返回错误以避免继续访问非法资源。,无
urma_360,urma_cmd_create_notifier URMA 控制面命令 ioctl 下发内核驱动失败导致用户态操作中断,"关键日志：依次匹配 `ioctl failed in urma_cmd_create_notifier, ret:`、`, errno:`；日志路径：URMA_LOG_PATH",urma_cmd_create_notifier 通过 fd 向内核驱动下发URMA 控制面命令请求时，ioctl 返回失败，说明内核驱动没有完成对应控制面动作，用户态无法取得或更新 URMA 对象 状态。,无
urma_361,urma_create_jfc 校验 context 无效导致创建流程拒绝继续执行,关键日志：匹配 Invalid parameter；日志路径：URMA_LOG_PATH,urma_create_jfc 在执行创建前发现调用方传入的 context 不满足当前操作要求，通常是对象为空、状态不匹配或与 provider 能力不一致，因此直接返回错误以避免继续访问非法资源。,无
urma_362,urma_create_jfc 校验 context 无效导致创建流程拒绝继续执行,关键日志：匹配 Invalid parameter；日志路径：URMA_LOG_PATH,urma_create_jfc 在执行创建前发现调用方传入的 context 不满足当前操作要求，通常是对象为空、状态不匹配或与 provider 能力不一致，因此直接返回错误以避免继续访问非法资源。,无
urma_363,urma_create_jfc 读取或解析 sysfs 设备/EID/端口信息失败导致设备信息不可用,"关键日志：依次匹配 `jfc cfg depth of range, depth:`、`, max_depth:`；日志路径：URMA_LOG_PATH",urma_create_jfc 依赖 sysfs 中的设备、EID、端口、能力或 cdev 路径信息枚举 URMA 设备并构建设备属性，但文件打开、读取、格式化路径或内容解析失败，导致设备、端口或 EID 信息无法被用户态正确使用。,无
urma_364,urma_create_jfc 执行创建 设备 失败导致当前资源状态无法推进,"关键日志：依次匹配 `[DRV_ERR]Failed to create jfc, dev_name:`、`, eid_idx:`；日志路径：URMA_LOG_PATH",urma_create_jfc 调用下层 provider、bond 组件或系统接口处理 设备 时返回失败，当前分支携带 ret/errno 等错误结果退出，导致该资源的创建、导入、修改、投递或清理状态无法继续推进。,无
urma_365,urma_delete_jfc_batch 校验 JFC 无效导致删除流程拒绝继续执行,关键日志：匹配 Invalid parameter；日志路径：URMA_LOG_PATH,urma_delete_jfc_batch 在执行删除前发现调用方传入的 JFC 不满足当前操作要求，通常是对象为空、状态不匹配或与 provider 能力不一致，因此直接返回错误以避免继续访问非法资源。,无
urma_366,urma_delete_jfc_batch 分配 context 临时参数失败导致删除流程无法继续,关键日志：匹配 Failed to alloc memory；日志路径：URMA_LOG_PATH,urma_delete_jfc_batch 需要为 context 构造命令参数、资源描述或临时缓存，但内存分配返回失败，后续 provider 调用或驱动命令缺少必要入参，因此当前 URMA 操作被阻断。,无
urma_367,urma_delete_jfc_batch 分配 JFCE 临时参数失败导致删除流程无法继续,关键日志：匹配 Failed to alloc memory；日志路径：URMA_LOG_PATH,urma_delete_jfc_batch 需要为 JFCE 构造命令参数、资源描述或临时缓存，但内存分配返回失败，后续 provider 调用或驱动命令缺少必要入参，因此当前 URMA 操作被阻断。,无
urma_368,urma_delete_jfc_batch 校验 JFC 无效导致删除流程拒绝继续执行,"关键日志：匹配 Invalid parameter, jfc in the array is NULL；日志路径：URMA_LOG_PATH",urma_delete_jfc_batch 在执行删除前发现调用方传入的 JFC 不满足当前操作要求，通常是对象为空、状态不匹配或与 provider 能力不一致，因此直接返回错误以避免继续访问非法资源。,无
urma_369,urma_alloc_jfc 校验 context 无效导致分配流程拒绝继续执行,关键日志：匹配 Invalid parameter；日志路径：URMA_LOG_PATH,urma_alloc_jfc 在执行分配前发现调用方传入的 context 不满足当前操作要求，通常是对象为空、状态不匹配或与 provider 能力不一致，因此直接返回错误以避免继续访问非法资源。,无
urma_370,urma_alloc_jfc 校验 context 无效导致分配流程拒绝继续执行,关键日志：匹配 Invalid parameter；日志路径：URMA_LOG_PATH,urma_alloc_jfc 在执行分配前发现调用方传入的 context 不满足当前操作要求，通常是对象为空、状态不匹配或与 provider 能力不一致，因此直接返回错误以避免继续访问非法资源。,无
urma_371,urma_alloc_jfc 读取或解析 sysfs 设备/EID/端口信息失败导致设备信息不可用,"关键日志：依次匹配 `jfc cfg depth of range, depth:`、`, max_depth:`；日志路径：URMA_LOG_PATH",urma_alloc_jfc 依赖 sysfs 中的设备、EID、端口、能力或 cdev 路径信息枚举 URMA 设备并构建设备属性，但文件打开、读取、格式化路径或内容解析失败，导致设备、端口或 EID 信息无法被用户态正确使用。,无
urma_372,urma_alloc_jfc 分配 JFC 临时参数失败导致分配流程无法继续,关键日志：匹配 failed to exec ops->alloc_jfc；日志路径：URMA_LOG_PATH,urma_alloc_jfc 需要为 JFC 构造命令参数、资源描述或临时缓存，但内存分配返回失败，后续 provider 调用或驱动命令缺少必要入参，因此当前 URMA 操作被阻断。,无
urma_373,urma_set_jfc_opt 校验 JFC 无效导致设置流程拒绝继续执行,关键日志：匹配 Invalid parameter；日志路径：URMA_LOG_PATH,urma_set_jfc_opt 在执行设置前发现调用方传入的 JFC 不满足当前操作要求，通常是对象为空、状态不匹配或与 provider 能力不一致，因此直接返回错误以避免继续访问非法资源。,无
urma_374,urma_set_jfc_opt 校验 JFC 无效导致设置流程拒绝继续执行,关键日志：匹配 invalid opt id or opt len；日志路径：URMA_LOG_PATH,urma_set_jfc_opt 在执行设置前发现调用方传入的 JFC 不满足当前操作要求，通常是对象为空、状态不匹配或与 provider 能力不一致，因此直接返回错误以避免继续访问非法资源。,无
urma_375,urma_set_jfc_opt 校验 context 无效导致设置流程拒绝继续执行,关键日志：匹配 Invalid parameter；日志路径：URMA_LOG_PATH,urma_set_jfc_opt 在执行设置前发现调用方传入的 context 不满足当前操作要求，通常是对象为空、状态不匹配或与 provider 能力不一致，因此直接返回错误以避免继续访问非法资源。,无
urma_376,urma_set_jfc_opt 执行设置 JFC 失败导致当前资源状态无法推进,关键日志：匹配 Failed to exec ops->set_jfc_opt；日志路径：URMA_LOG_PATH,urma_set_jfc_opt 调用下层 provider、bond 组件或系统接口处理 JFC 时返回失败，当前分支携带 ret/errno 等错误结果退出，导致该资源的创建、导入、修改、投递或清理状态无法继续推进。,无
urma_377,urma_set_jfc_opt 执行设置 JFC 失败导致当前资源状态无法推进,关键日志：匹配 Failed to exec urma_jfc_set_options；日志路径：URMA_LOG_PATH,urma_set_jfc_opt 调用下层 provider、bond 组件或系统接口处理 JFC 时返回失败，当前分支携带 ret/errno 等错误结果退出，导致该资源的创建、导入、修改、投递或清理状态无法继续推进。,无
urma_378,urma_create_jfs 校验 context 无效导致创建流程拒绝继续执行,关键日志：匹配 Invalid parameter；日志路径：URMA_LOG_PATH,urma_create_jfs 在执行创建前发现调用方传入的 context 不满足当前操作要求，通常是对象为空、状态不匹配或与 provider 能力不一致，因此直接返回错误以避免继续访问非法资源。,无
urma_379,urma_create_jfs 校验 JFS 无效导致创建流程拒绝继续执行,"关键日志：匹配 `Invalid parameter, trans_mode:`；日志路径：URMA_LOG_PATH",urma_create_jfs 在执行创建前发现调用方传入的 JFS 不满足当前操作要求，通常是对象为空、状态不匹配或与 provider 能力不一致，因此直接返回错误以避免继续访问非法资源。,无
urma_380,urma_create_jfs 校验 context 无效导致创建流程拒绝继续执行,关键日志：匹配 Invalid parameter；日志路径：URMA_LOG_PATH,urma_create_jfs 在执行创建前发现调用方传入的 context 不满足当前操作要求，通常是对象为空、状态不匹配或与 provider 能力不一致，因此直接返回错误以避免继续访问非法资源。,无
urma_381,urma_create_jfs 读取或解析 sysfs 设备/EID/端口信息失败导致设备信息不可用,"关键日志：依次匹配 `jfs cfg out of range, depth:`、`, max_depth:`、`, inline_data:`、`, max_inline_len:`、`, sge:`、`, max_sge:`、`, rsge:`、`, max_rsge:`；日志路径：URMA_LOG_PATH",urma_create_jfs 依赖 sysfs 中的设备、EID、端口、能力或 cdev 路径信息枚举 URMA 设备并构建设备属性，但文件打开、读取、格式化路径或内容解析失败，导致设备、端口或 EID 信息无法被用户态正确使用。,无
urma_382,urma_create_jfs 执行创建 设备 失败导致当前资源状态无法推进,"关键日志：依次匹配 `[DRV_ERR]Failed to create jfs, dev_name:`、`, eid_idx:`；日志路径：URMA_LOG_PATH",urma_create_jfs 调用下层 provider、bond 组件或系统接口处理 设备 时返回失败，当前分支携带 ret/errno 等错误结果退出，导致该资源的创建、导入、修改、投递或清理状态无法继续推进。,无
urma_383,urma_delete_jfs_batch 校验 JFS 无效导致删除流程拒绝继续执行,关键日志：匹配 Invalid parameter；日志路径：URMA_LOG_PATH,urma_delete_jfs_batch 在执行删除前发现调用方传入的 JFS 不满足当前操作要求，通常是对象为空、状态不匹配或与 provider 能力不一致，因此直接返回错误以避免继续访问非法资源。,无
urma_384,urma_delete_jfs_batch 分配 context 临时参数失败导致删除流程无法继续,关键日志：匹配 Failed to alloc memory；日志路径：URMA_LOG_PATH,urma_delete_jfs_batch 需要为 context 构造命令参数、资源描述或临时缓存，但内存分配返回失败，后续 provider 调用或驱动命令缺少必要入参，因此当前 URMA 操作被阻断。,无
urma_385,urma_delete_jfs_batch 校验 JFS 无效导致删除流程拒绝继续执行,"关键日志：依次匹配 `Invalid parameter, index:`、`jfs in the array is NULL`；日志路径：URMA_LOG_PATH",urma_delete_jfs_batch 在执行删除前发现调用方传入的 JFS 不满足当前操作要求，通常是对象为空、状态不匹配或与 provider 能力不一致，因此直接返回错误以避免继续访问非法资源。,无
urma_386,urma_flush_jfs 校验 JFS 无效导致处理流程拒绝继续执行,关键日志：匹配 Invalid parameter；日志路径：URMA_LOG_PATH,urma_flush_jfs 在执行处理前发现调用方传入的 JFS 不满足当前操作要求，通常是对象为空、状态不匹配或与 provider 能力不一致，因此直接返回错误以避免继续访问非法资源。,无
urma_387,urma_flush_jfs 校验 context 无效导致处理流程拒绝继续执行,关键日志：匹配 Invalid parameter；日志路径：URMA_LOG_PATH,urma_flush_jfs 在执行处理前发现调用方传入的 context 不满足当前操作要求，通常是对象为空、状态不匹配或与 provider 能力不一致，因此直接返回错误以避免继续访问非法资源。,无
urma_388,urma_alloc_jfs 校验 context 无效导致分配流程拒绝继续执行,关键日志：匹配 Invalid parameter；日志路径：URMA_LOG_PATH,urma_alloc_jfs 在执行分配前发现调用方传入的 context 不满足当前操作要求，通常是对象为空、状态不匹配或与 provider 能力不一致，因此直接返回错误以避免继续访问非法资源。,无
urma_389,urma_alloc_jfs 校验 JFS 无效导致分配流程拒绝继续执行,"关键日志：匹配 `Invalid parameter, trans_mode:`；日志路径：URMA_LOG_PATH",urma_alloc_jfs 在执行分配前发现调用方传入的 JFS 不满足当前操作要求，通常是对象为空、状态不匹配或与 provider 能力不一致，因此直接返回错误以避免继续访问非法资源。,无
urma_390,urma_alloc_jfs 校验 context 无效导致分配流程拒绝继续执行,关键日志：匹配 Invalid parameter；日志路径：URMA_LOG_PATH,urma_alloc_jfs 在执行分配前发现调用方传入的 context 不满足当前操作要求，通常是对象为空、状态不匹配或与 provider 能力不一致，因此直接返回错误以避免继续访问非法资源。,无
urma_391,urma_alloc_jfs 读取或解析 sysfs 设备/EID/端口信息失败导致设备信息不可用,"关键日志：依次匹配 `jfs cfg out of range, depth:`、`, max_depth:`、`, inline_data:`、`, max_inline_len:`、`, sge:`、`, max_sge:`、`, rsge:`、`, max_rsge:`；日志路径：URMA_LOG_PATH",urma_alloc_jfs 依赖 sysfs 中的设备、EID、端口、能力或 cdev 路径信息枚举 URMA 设备并构建设备属性，但文件打开、读取、格式化路径或内容解析失败，导致设备、端口或 EID 信息无法被用户态正确使用。,无
urma_392,urma_set_jfs_opt 校验 JFS 无效导致设置流程拒绝继续执行,关键日志：匹配 Invalid parameter；日志路径：URMA_LOG_PATH,urma_set_jfs_opt 在执行设置前发现调用方传入的 JFS 不满足当前操作要求，通常是对象为空、状态不匹配或与 provider 能力不一致，因此直接返回错误以避免继续访问非法资源。,无
urma_393,urma_set_jfs_opt 校验 JFS 无效导致设置流程拒绝继续执行,关键日志：匹配 invalid opt id or opt len；日志路径：URMA_LOG_PATH,urma_set_jfs_opt 在执行设置前发现调用方传入的 JFS 不满足当前操作要求，通常是对象为空、状态不匹配或与 provider 能力不一致，因此直接返回错误以避免继续访问非法资源。,无
urma_394,urma_set_jfs_opt 校验 context 无效导致设置流程拒绝继续执行,关键日志：匹配 Invalid parameter；日志路径：URMA_LOG_PATH,urma_set_jfs_opt 在执行设置前发现调用方传入的 context 不满足当前操作要求，通常是对象为空、状态不匹配或与 provider 能力不一致，因此直接返回错误以避免继续访问非法资源。,无
urma_395,urma_set_jfs_opt 执行设置 JFS 失败导致当前资源状态无法推进,关键日志：匹配 Failed to exec urma_jfr_set_options；日志路径：URMA_LOG_PATH,urma_set_jfs_opt 调用下层 provider、bond 组件或系统接口处理 JFS 时返回失败，当前分支携带 ret/errno 等错误结果退出，导致该资源的创建、导入、修改、投递或清理状态无法继续推进。,无
urma_396,urma_set_jfs_opt 执行设置 JFS 失败导致当前资源状态无法推进,关键日志：匹配 Failed to exec ops->set_jfs_opt；日志路径：URMA_LOG_PATH,urma_set_jfs_opt 调用下层 provider、bond 组件或系统接口处理 JFS 时返回失败，当前分支携带 ret/errno 等错误结果退出，导致该资源的创建、导入、修改、投递或清理状态无法继续推进。,无
urma_397,urma_create_jfr 校验 context 无效导致创建流程拒绝继续执行,关键日志：匹配 Invalid parameter；日志路径：URMA_LOG_PATH,urma_create_jfr 在执行创建前发现调用方传入的 context 不满足当前操作要求，通常是对象为空、状态不匹配或与 provider 能力不一致，因此直接返回错误以避免继续访问非法资源。,无
urma_398,urma_create_jfr 校验 JFR 无效导致创建流程拒绝继续执行,"关键日志：匹配 `Invalid parameter, trans_mode:`；日志路径：URMA_LOG_PATH",urma_create_jfr 在执行创建前发现调用方传入的 JFR 不满足当前操作要求，通常是对象为空、状态不匹配或与 provider 能力不一致，因此直接返回错误以避免继续访问非法资源。,无
urma_399,urma_create_jfr 校验 context 无效导致创建流程拒绝继续执行,关键日志：匹配 Invalid parameter；日志路径：URMA_LOG_PATH,urma_create_jfr 在执行创建前发现调用方传入的 context 不满足当前操作要求，通常是对象为空、状态不匹配或与 provider 能力不一致，因此直接返回错误以避免继续访问非法资源。,无
urma_400,urma_create_jfr 读取或解析 sysfs 设备/EID/端口信息失败导致设备信息不可用,"关键日志：依次匹配 `jfr cfg out of range, depth:`、`, max_depth:`、`, sge:`、`, max_sge:`；日志路径：URMA_LOG_PATH",urma_create_jfr 依赖 sysfs 中的设备、EID、端口、能力或 cdev 路径信息枚举 URMA 设备并构建设备属性，但文件打开、读取、格式化路径或内容解析失败，导致设备、端口或 EID 信息无法被用户态正确使用。,无
urma_401,urma_create_jfr 读取或解析 sysfs 设备/EID/端口信息失败导致设备信息不可用,"关键日志：依次匹配 `[DRV_ERR]Failed to create jfr, dev_name:`、`, eid_idex:`；日志路径：URMA_LOG_PATH",urma_create_jfr 依赖 sysfs 中的设备、EID、端口、能力或 cdev 路径信息枚举 URMA 设备并构建设备属性，但文件打开、读取、格式化路径或内容解析失败，导致设备、端口或 EID 信息无法被用户态正确使用。,无
urma_402,urma_delete_jfr_batch 校验 JFR 无效导致删除流程拒绝继续执行,关键日志：匹配 Invalid parameter；日志路径：URMA_LOG_PATH,urma_delete_jfr_batch 在执行删除前发现调用方传入的 JFR 不满足当前操作要求，通常是对象为空、状态不匹配或与 provider 能力不一致，因此直接返回错误以避免继续访问非法资源。,无
urma_403,urma_delete_jfr_batch 分配 context 临时参数失败导致删除流程无法继续,关键日志：匹配 Failed to alloc memory；日志路径：URMA_LOG_PATH,urma_delete_jfr_batch 需要为 context 构造命令参数、资源描述或临时缓存，但内存分配返回失败，后续 provider 调用或驱动命令缺少必要入参，因此当前 URMA 操作被阻断。,无
urma_404,urma_delete_jfr_batch 校验 JFR 无效导致删除流程拒绝继续执行,"关键日志：依次匹配 `Invalid parameter, index:`、`jfr in the array is NULL`；日志路径：URMA_LOG_PATH",urma_delete_jfr_batch 在执行删除前发现调用方传入的 JFR 不满足当前操作要求，通常是对象为空、状态不匹配或与 provider 能力不一致，因此直接返回错误以避免继续访问非法资源。,无
urma_405,urma_unimport_jfr 校验 context 无效导致导入流程拒绝继续执行,关键日志：匹配 Invalid parameter；日志路径：URMA_LOG_PATH,urma_unimport_jfr 在执行导入前发现调用方传入的 context 不满足当前操作要求，通常是对象为空、状态不匹配或与 provider 能力不一致，因此直接返回错误以避免继续访问非法资源。,无
urma_406,urma_alloc_jfr 校验 context 无效导致分配流程拒绝继续执行,关键日志：匹配 Invalid parameter；日志路径：URMA_LOG_PATH,urma_alloc_jfr 在执行分配前发现调用方传入的 context 不满足当前操作要求，通常是对象为空、状态不匹配或与 provider 能力不一致，因此直接返回错误以避免继续访问非法资源。,无
urma_407,urma_alloc_jfr 校验 JFR 无效导致分配流程拒绝继续执行,"关键日志：匹配 `Invalid parameter, trans_mode:`；日志路径：URMA_LOG_PATH",urma_alloc_jfr 在执行分配前发现调用方传入的 JFR 不满足当前操作要求，通常是对象为空、状态不匹配或与 provider 能力不一致，因此直接返回错误以避免继续访问非法资源。,无
urma_408,urma_alloc_jfr 校验 context 无效导致分配流程拒绝继续执行,关键日志：匹配 Invalid parameter；日志路径：URMA_LOG_PATH,urma_alloc_jfr 在执行分配前发现调用方传入的 context 不满足当前操作要求，通常是对象为空、状态不匹配或与 provider 能力不一致，因此直接返回错误以避免继续访问非法资源。,无
urma_409,urma_alloc_jfr 读取或解析 sysfs 设备/EID/端口信息失败导致设备信息不可用,"关键日志：依次匹配 `jfr cfg out of range, depth:`、`, max_depth:`、`, sge:`、`, max_sge:`；日志路径：URMA_LOG_PATH",urma_alloc_jfr 依赖 sysfs 中的设备、EID、端口、能力或 cdev 路径信息枚举 URMA 设备并构建设备属性，但文件打开、读取、格式化路径或内容解析失败，导致设备、端口或 EID 信息无法被用户态正确使用。,无
urma_410,urma_set_jfr_opt 校验 JFR 无效导致设置流程拒绝继续执行,关键日志：匹配 Invalid parameter；日志路径：URMA_LOG_PATH,urma_set_jfr_opt 在执行设置前发现调用方传入的 JFR 不满足当前操作要求，通常是对象为空、状态不匹配或与 provider 能力不一致，因此直接返回错误以避免继续访问非法资源。,无
urma_411,urma_set_jfr_opt 校验 JFR 无效导致设置流程拒绝继续执行,关键日志：匹配 invalid opt id or opt len；日志路径：URMA_LOG_PATH,urma_set_jfr_opt 在执行设置前发现调用方传入的 JFR 不满足当前操作要求，通常是对象为空、状态不匹配或与 provider 能力不一致，因此直接返回错误以避免继续访问非法资源。,无
urma_412,urma_set_jfr_opt 执行设置 JFR 失败导致当前资源状态无法推进,关键日志：匹配 Failed to exec urma_jfr_set_options；日志路径：URMA_LOG_PATH,urma_set_jfr_opt 调用下层 provider、bond 组件或系统接口处理 JFR 时返回失败，当前分支携带 ret/errno 等错误结果退出，导致该资源的创建、导入、修改、投递或清理状态无法继续推进。,无
urma_413,urma_set_jfr_opt 校验 context 无效导致设置流程拒绝继续执行,关键日志：匹配 Invalid parameter；日志路径：URMA_LOG_PATH,urma_set_jfr_opt 在执行设置前发现调用方传入的 context 不满足当前操作要求，通常是对象为空、状态不匹配或与 provider 能力不一致，因此直接返回错误以避免继续访问非法资源。,无
urma_414,urma_set_jfr_opt 执行设置 JFR 失败导致当前资源状态无法推进,关键日志：匹配 Failed to exec ops->set_jfr_opt；日志路径：URMA_LOG_PATH,urma_set_jfr_opt 调用下层 provider、bond 组件或系统接口处理 JFR 时返回失败，当前分支携带 ret/errno 等错误结果退出，导致该资源的创建、导入、修改、投递或清理状态无法继续推进。,无
urma_415,urma_create_jfce 校验 context 无效导致创建流程拒绝继续执行,关键日志：匹配 Invalid parameter；日志路径：URMA_LOG_PATH,urma_create_jfce 在执行创建前发现调用方传入的 context 不满足当前操作要求，通常是对象为空、状态不匹配或与 provider 能力不一致，因此直接返回错误以避免继续访问非法资源。,当前预期不会出现，如果 fd 超规格可能导致失败，此时需要修改系统 fd 规格数，或者减小应用创建 jfce 的数量
urma_416,urma_create_jfce 校验 context 无效导致创建流程拒绝继续执行,关键日志：匹配 Invalid parameter；日志路径：URMA_LOG_PATH,urma_create_jfce 在执行创建前发现调用方传入的 context 不满足当前操作要求，通常是对象为空、状态不匹配或与 provider 能力不一致，因此直接返回错误以避免继续访问非法资源。,当前预期不会出现，如果 fd 超规格可能导致失败，此时需要修改系统 fd 规格数，或者减小应用创建 jfce 的数量
urma_417,urma_create_jfce 执行创建 设备 失败导致当前资源状态无法推进,"关键日志：依次匹配 `[DRV_ERR]Failed to create jfce, dev_name:`、`, eid_idx:`；日志路径：URMA_LOG_PATH",urma_create_jfce 调用下层 provider、bond 组件或系统接口处理 设备 时返回失败，当前分支携带 ret/errno 等错误结果退出，导致该资源的创建、导入、修改、投递或清理状态无法继续推进。,当前预期不会出现，如果 fd 超规格可能导致失败，此时需要修改系统 fd 规格数，或者减小应用创建 jfce 的数量
urma_418,urma_create_jetty_check_trans_mode 校验 Jetty 无效导致创建流程拒绝继续执行,"关键日志：匹配 `Invalid parameter, trans_mode:`；日志路径：URMA_LOG_PATH",urma_create_jetty_check_trans_mode 在执行创建前发现调用方传入的 Jetty 不满足当前操作要求，通常是对象为空、状态不匹配或与 provider 能力不一致，因此直接返回错误以避免继续访问非法资源。,无
urma_419,urma_create_jetty_check_trans_mode 执行创建 context 失败导致当前资源状态无法推进,关键日志：匹配 UB dev should use share jfr!；日志路径：URMA_LOG_PATH,urma_create_jetty_check_trans_mode 调用下层 provider、bond 组件或系统接口处理 context 时返回失败，当前分支携带 ret/errno 等错误结果退出，导致该资源的创建、导入、修改、投递或清理状态无法继续推进。,无
urma_420,urma_create_jetty_check_trans_mode 校验 Jetty 无效导致创建流程拒绝继续执行,"关键日志：依次匹配 `Invalid parameter, trans_mode:`、`, order_type:`；日志路径：URMA_LOG_PATH",urma_create_jetty_check_trans_mode 在执行创建前发现调用方传入的 Jetty 不满足当前操作要求，通常是对象为空、状态不匹配或与 provider 能力不一致，因此直接返回错误以避免继续访问非法资源。,无
urma_421,urma_create_jetty_check_trans_mode 校验 Jetty 无效导致创建流程拒绝继续执行,关键日志：匹配 jfr cfg is null or trans_mode or order_type invalid with non shared jfr flag；日志路径：URMA_LOG_PATH,urma_create_jetty_check_trans_mode 在执行创建前发现调用方传入的 Jetty 不满足当前操作要求，通常是对象为空、状态不匹配或与 provider 能力不一致，因此直接返回错误以避免继续访问非法资源。,无
urma_422,urma_create_jetty_check_trans_mode 校验 Jetty 无效导致创建流程拒绝继续执行,关键日志：匹配 jfr is null or trans_mode or order_type invalid with shared jfr flag；日志路径：URMA_LOG_PATH,urma_create_jetty_check_trans_mode 在执行创建前发现调用方传入的 Jetty 不满足当前操作要求，通常是对象为空、状态不匹配或与 provider 能力不一致，因此直接返回错误以避免继续访问非法资源。,无
urma_423,urma_create_jetty_check_dev_cap 读取或解析 sysfs 设备/EID/端口信息失败导致设备信息不可用,"关键日志：依次匹配 `jetty_grp jetty cnt:`、`, max_jetty in grp:`；日志路径：URMA_LOG_PATH",urma_create_jetty_check_dev_cap 依赖 sysfs 中的设备、EID、端口、能力或 cdev 路径信息枚举 URMA 设备并构建设备属性，但文件打开、读取、格式化路径或内容解析失败，导致设备、端口或 EID 信息无法被用户态正确使用。,无
urma_424,urma_create_jetty_check_dev_cap 执行创建 设备 失败导致当前资源状态无法推进,"关键日志：依次匹配 `jetty cfg out of range, jfs_depth:`、`, max_jfs_depth:`、`, inline_data:`、`, max_jfs_inline_len:`、`, jfr_depth:`、`, max_jfr_depth:`、`, jfs_sge:`、`, max_jfs_sge:`、`, jfs_rsge:`、`, max_jfs_rsge:`、`, jfr_sge:`、`, max_jfr_sge:`；日志路径：URMA_LOG_PATH",urma_create_jetty_check_dev_cap 调用下层 provider、bond 组件或系统接口处理 设备 时返回失败，当前分支携带 ret/errno 等错误结果退出，导致该资源的创建、导入、修改、投递或清理状态无法继续推进。,无
urma_425,urma_create_jetty_check_jfc 校验 Jetty 无效导致创建流程拒绝继续执行,"关键日志：匹配 Invalid parameter, jfc is NULL in jfs_cfg；日志路径：URMA_LOG_PATH",urma_create_jetty_check_jfc 在执行创建前发现调用方传入的 Jetty 不满足当前操作要求，通常是对象为空、状态不匹配或与 provider 能力不一致，因此直接返回错误以避免继续访问非法资源。,无
urma_426,urma_create_jetty_check_jfc 校验 Jetty 无效导致创建流程拒绝继续执行,"关键日志：匹配 Invalid parameter, jfr cfg is null or jfc is NULL with non shared jfr flag；日志路径：URMA_LOG_PATH",urma_create_jetty_check_jfc 在执行创建前发现调用方传入的 Jetty 不满足当前操作要求，通常是对象为空、状态不匹配或与 provider 能力不一致，因此直接返回错误以避免继续访问非法资源。,无
urma_427,urma_create_jetty_check_jfc 校验 Jetty 无效导致创建流程拒绝继续执行,"关键日志：匹配 Invalid parameter, jfr is null or jfc is NULL with shared jfr flag；日志路径：URMA_LOG_PATH",urma_create_jetty_check_jfc 在执行创建前发现调用方传入的 Jetty 不满足当前操作要求，通常是对象为空、状态不匹配或与 provider 能力不一致，因此直接返回错误以避免继续访问非法资源。,无
urma_428,urma_create_jetty 校验 context 无效导致创建流程拒绝继续执行,关键日志：匹配 Invalid parameter；日志路径：URMA_LOG_PATH,urma_create_jetty 在执行创建前发现调用方传入的 context 不满足当前操作要求，通常是对象为空、状态不匹配或与 provider 能力不一致，因此直接返回错误以避免继续访问非法资源。,无
urma_429,urma_create_jetty 校验 context 无效导致创建流程拒绝继续执行,关键日志：匹配 Invalid parameter；日志路径：URMA_LOG_PATH,urma_create_jetty 在执行创建前发现调用方传入的 context 不满足当前操作要求，通常是对象为空、状态不匹配或与 provider 能力不一致，因此直接返回错误以避免继续访问非法资源。,无
urma_430,urma_create_jetty 执行创建 设备 失败导致当前资源状态无法推进,"关键日志：依次匹配 `[DRV_ERR]create_jetty failed, dev_name:`、`, eid_idx:`；日志路径：URMA_LOG_PATH",urma_create_jetty 调用下层 provider、bond 组件或系统接口处理 设备 时返回失败，当前分支携带 ret/errno 等错误结果退出，导致该资源的创建、导入、修改、投递或清理状态无法继续推进。,无
urma_431,urma_delete_jetty_batch 校验 Jetty 无效导致删除流程拒绝继续执行,关键日志：匹配 Invalid parameter；日志路径：URMA_LOG_PATH,urma_delete_jetty_batch 在执行删除前发现调用方传入的 Jetty 不满足当前操作要求，通常是对象为空、状态不匹配或与 provider 能力不一致，因此直接返回错误以避免继续访问非法资源。,无
urma_432,urma_delete_jetty_batch 分配 context 临时参数失败导致删除流程无法继续,关键日志：匹配 Failed to alloc memory；日志路径：URMA_LOG_PATH,urma_delete_jetty_batch 需要为 context 构造命令参数、资源描述或临时缓存，但内存分配返回失败，后续 provider 调用或驱动命令缺少必要入参，因此当前 URMA 操作被阻断。,无
urma_433,urma_delete_jetty_batch 校验 Jetty 无效导致删除流程拒绝继续执行,"关键日志：依次匹配 `Invalid parameter, index`、`jetty in the array is NULL`；日志路径：URMA_LOG_PATH",urma_delete_jetty_batch 在执行删除前发现调用方传入的 Jetty 不满足当前操作要求，通常是对象为空、状态不匹配或与 provider 能力不一致，因此直接返回错误以避免继续访问非法资源。,无
urma_434,urma_import_jetty_async 校验 context 无效导致导入流程拒绝继续执行,关键日志：匹配 Invalid parameter；日志路径：URMA_LOG_PATH,urma_import_jetty_async 在执行导入前发现调用方传入的 context 不满足当前操作要求，通常是对象为空、状态不匹配或与 provider 能力不一致，因此直接返回错误以避免继续访问非法资源。,无
urma_435,urma_import_jetty_async 校验 context 无效导致导入流程拒绝继续执行,关键日志：匹配 Invalid parameter；日志路径：URMA_LOG_PATH,urma_import_jetty_async 在执行导入前发现调用方传入的 context 不满足当前操作要求，通常是对象为空、状态不匹配或与 provider 能力不一致，因此直接返回错误以避免继续访问非法资源。,无
urma_436,urma_import_jetty_async 分配 目标 Jetty 临时参数失败导致导入流程无法继续,关键日志：匹配 Failed to alloc incomplete_tjetty；日志路径：URMA_LOG_PATH,urma_import_jetty_async 需要为 目标 Jetty 构造命令参数、资源描述或临时缓存，但内存分配返回失败，后续 provider 调用或驱动命令缺少必要入参，因此当前 URMA 操作被阻断。,无
urma_437,urma_alloc_jetty 校验 context 无效导致分配流程拒绝继续执行,关键日志：匹配 Invalid parameter；日志路径：URMA_LOG_PATH,urma_alloc_jetty 在执行分配前发现调用方传入的 context 不满足当前操作要求，通常是对象为空、状态不匹配或与 provider 能力不一致，因此直接返回错误以避免继续访问非法资源。,无
urma_438,urma_alloc_jetty 校验 Jetty 无效导致分配流程拒绝继续执行,关键日志：匹配 Invalid parameter；日志路径：URMA_LOG_PATH,urma_alloc_jetty 在执行分配前发现调用方传入的 Jetty 不满足当前操作要求，通常是对象为空、状态不匹配或与 provider 能力不一致，因此直接返回错误以避免继续访问非法资源。,无
urma_439,urma_alloc_jetty 校验 context 无效导致分配流程拒绝继续执行,关键日志：匹配 Invalid parameter；日志路径：URMA_LOG_PATH,urma_alloc_jetty 在执行分配前发现调用方传入的 context 不满足当前操作要求，通常是对象为空、状态不匹配或与 provider 能力不一致，因此直接返回错误以避免继续访问非法资源。,无
urma_440,urma_alloc_jetty 校验 Jetty 无效导致分配流程拒绝继续执行,关键日志：匹配 Invalid parameter；日志路径：URMA_LOG_PATH,urma_alloc_jetty 在执行分配前发现调用方传入的 Jetty 不满足当前操作要求，通常是对象为空、状态不匹配或与 provider 能力不一致，因此直接返回错误以避免继续访问非法资源。,无
urma_441,urma_alloc_jetty 校验 context 无效导致分配流程拒绝继续执行,关键日志：匹配 Invalid parameter；日志路径：URMA_LOG_PATH,urma_alloc_jetty 在执行分配前发现调用方传入的 context 不满足当前操作要求，通常是对象为空、状态不匹配或与 provider 能力不一致，因此直接返回错误以避免继续访问非法资源。,无
urma_442,urma_alloc_jetty 分配 Jetty 临时参数失败导致分配流程无法继续,关键日志：匹配 alloc_jetty failed；日志路径：URMA_LOG_PATH,urma_alloc_jetty 需要为 Jetty 构造命令参数、资源描述或临时缓存，但内存分配返回失败，后续 provider 调用或驱动命令缺少必要入参，因此当前 URMA 操作被阻断。,无
urma_443,urma_set_jetty_opt 校验 Jetty 无效导致设置流程拒绝继续执行,关键日志：匹配 Invalid parameter；日志路径：URMA_LOG_PATH,urma_set_jetty_opt 在执行设置前发现调用方传入的 Jetty 不满足当前操作要求，通常是对象为空、状态不匹配或与 provider 能力不一致，因此直接返回错误以避免继续访问非法资源。,无
urma_444,urma_set_jetty_opt 校验 Jetty 无效导致设置流程拒绝继续执行,关键日志：匹配 invalid opt id or opt len；日志路径：URMA_LOG_PATH,urma_set_jetty_opt 在执行设置前发现调用方传入的 Jetty 不满足当前操作要求，通常是对象为空、状态不匹配或与 provider 能力不一致，因此直接返回错误以避免继续访问非法资源。,无
urma_445,urma_set_jetty_opt 校验 context 无效导致设置流程拒绝继续执行,关键日志：匹配 Invalid parameter；日志路径：URMA_LOG_PATH,urma_set_jetty_opt 在执行设置前发现调用方传入的 context 不满足当前操作要求，通常是对象为空、状态不匹配或与 provider 能力不一致，因此直接返回错误以避免继续访问非法资源。,无
urma_446,urma_set_jetty_opt 执行设置 Jetty 失败导致当前资源状态无法推进,关键日志：匹配 Failed to exec urma_delete_jetty_to_jetty_grp；日志路径：URMA_LOG_PATH,urma_set_jetty_opt 调用下层 provider、bond 组件或系统接口处理 Jetty 时返回失败，当前分支携带 ret/errno 等错误结果退出，导致该资源的创建、导入、修改、投递或清理状态无法继续推进。,无
urma_447,urma_set_jetty_opt 执行设置 Jetty 失败导致当前资源状态无法推进,关键日志：匹配 Failed to exec urma_jetty_set_options；日志路径：URMA_LOG_PATH,urma_set_jetty_opt 调用下层 provider、bond 组件或系统接口处理 Jetty 时返回失败，当前分支携带 ret/errno 等错误结果退出，导致该资源的创建、导入、修改、投递或清理状态无法继续推进。,无
urma_448,urma_set_jetty_opt 执行设置 context 失败导致当前资源状态无法推进,关键日志：匹配 UB dev should use share jfr!；日志路径：URMA_LOG_PATH,urma_set_jetty_opt 调用下层 provider、bond 组件或系统接口处理 context 时返回失败，当前分支携带 ret/errno 等错误结果退出，导致该资源的创建、导入、修改、投递或清理状态无法继续推进。,无
urma_449,urma_set_jetty_opt 执行设置 Jetty 失败导致当前资源状态无法推进,关键日志：匹配 Failed to exec ops->set_jetty_opt；日志路径：URMA_LOG_PATH,urma_set_jetty_opt 调用下层 provider、bond 组件或系统接口处理 Jetty 时返回失败，当前分支携带 ret/errno 等错误结果退出，导致该资源的创建、导入、修改、投递或清理状态无法继续推进。,无
urma_450,urma_set_jetty_opt 执行设置 Jetty 失败导致当前资源状态无法推进,关键日志：匹配 Failed to exec urma_add_jetty_to_jetty_grp；日志路径：URMA_LOG_PATH,urma_set_jetty_opt 调用下层 provider、bond 组件或系统接口处理 Jetty 时返回失败，当前分支携带 ret/errno 等错误结果退出，导致该资源的创建、导入、修改、投递或清理状态无法继续推进。,无
urma_451,urma_create_notifier 校验 context 无效导致创建流程拒绝继续执行,关键日志：匹配 Invalid parameter；日志路径：URMA_LOG_PATH,urma_create_notifier 在执行创建前发现调用方传入的 context 不满足当前操作要求，通常是对象为空、状态不匹配或与 provider 能力不一致，因此直接返回错误以避免继续访问非法资源。,无
urma_452,urma_create_notifier 校验 context 无效导致创建流程拒绝继续执行,关键日志：匹配 Invalid parameter；日志路径：URMA_LOG_PATH,urma_create_notifier 在执行创建前发现调用方传入的 context 不满足当前操作要求，通常是对象为空、状态不匹配或与 provider 能力不一致，因此直接返回错误以避免继续访问非法资源。,无
urma_453,urma_create_notifier 分配 URMA 对象 临时参数失败导致创建流程无法继续,关键日志：匹配 Failed to alloc notifier；日志路径：URMA_LOG_PATH,urma_create_notifier 需要为 URMA 对象 构造命令参数、资源描述或临时缓存，但内存分配返回失败，后续 provider 调用或驱动命令缺少必要入参，因此当前 URMA 操作被阻断。,无
urma_454,urma_create_jetty_grp 校验 context 无效导致创建流程拒绝继续执行,关键日志：匹配 Invalid parameter；日志路径：URMA_LOG_PATH,urma_create_jetty_grp 在执行创建前发现调用方传入的 context 不满足当前操作要求，通常是对象为空、状态不匹配或与 provider 能力不一致，因此直接返回错误以避免继续访问非法资源。,无
urma_455,urma_create_jetty_grp 校验 context 无效导致创建流程拒绝继续执行,关键日志：匹配 Invalid parameter；日志路径：URMA_LOG_PATH,urma_create_jetty_grp 在执行创建前发现调用方传入的 context 不满足当前操作要求，通常是对象为空、状态不匹配或与 provider 能力不一致，因此直接返回错误以避免继续访问非法资源。,无
urma_456,urma_create_jetty_grp 读取或解析 sysfs 设备/EID/端口信息失败导致设备信息不可用,关键日志：匹配 max_jetty_in_jetty_grp is err；日志路径：URMA_LOG_PATH,urma_create_jetty_grp 依赖 sysfs 中的设备、EID、端口、能力或 cdev 路径信息枚举 URMA 设备并构建设备属性，但文件打开、读取、格式化路径或内容解析失败，导致设备、端口或 EID 信息无法被用户态正确使用。,无
urma_457,urma_create_jetty_grp 读取或解析 sysfs 设备/EID/端口信息失败导致设备信息不可用,关键日志：匹配 create_jetty_grp failed；日志路径：URMA_LOG_PATH,urma_create_jetty_grp 依赖 sysfs 中的设备、EID、端口、能力或 cdev 路径信息枚举 URMA 设备并构建设备属性，但文件打开、读取、格式化路径或内容解析失败，导致设备、端口或 EID 信息无法被用户态正确使用。,无
urma_458,urma_create_jetty_grp 分配 Jetty 临时参数失败导致创建流程无法继续,关键日志：匹配 alloc jetty list failed；日志路径：URMA_LOG_PATH,urma_create_jetty_grp 需要为 Jetty 构造命令参数、资源描述或临时缓存，但内存分配返回失败，后续 provider 调用或驱动命令缺少必要入参，因此当前 URMA 操作被阻断。,无
urma_459,urma_create_jetty_grp 执行创建 Jetty 失败导致当前资源状态无法推进,关键日志：匹配 delete_jetty_grp failed；日志路径：URMA_LOG_PATH,urma_create_jetty_grp 调用下层 provider、bond 组件或系统接口处理 Jetty 时返回失败，当前分支携带 ret/errno 等错误结果退出，导致该资源的创建、导入、修改、投递或清理状态无法继续推进。,无
urma_460,urma_unimport_seg 校验 context 无效导致导入流程拒绝继续执行,关键日志：匹配 Invalid parameter；日志路径：URMA_LOG_PATH,urma_unimport_seg 在执行导入前发现调用方传入的 context 不满足当前操作要求，通常是对象为空、状态不匹配或与 provider 能力不一致，因此直接返回错误以避免继续访问非法资源。,无
urma_461,urma_alloc_token_id 校验 context 无效导致分配流程拒绝继续执行,关键日志：匹配 Invalid parameter；日志路径：URMA_LOG_PATH,urma_alloc_token_id 在执行分配前发现调用方传入的 context 不满足当前操作要求，通常是对象为空、状态不匹配或与 provider 能力不一致，因此直接返回错误以避免继续访问非法资源。,无
urma_462,urma_alloc_token_id 校验 context 无效导致分配流程拒绝继续执行,关键日志：匹配 Invalid parameter；日志路径：URMA_LOG_PATH,urma_alloc_token_id 在执行分配前发现调用方传入的 context 不满足当前操作要求，通常是对象为空、状态不匹配或与 provider 能力不一致，因此直接返回错误以避免继续访问非法资源。,无
urma_463,urma_alloc_token_id 执行分配 设备 失败导致当前资源状态无法推进,"关键日志：依次匹配 `[DRV_ERR]Failed to register seg, dev_name:`、`, eid_idx:`；日志路径：URMA_LOG_PATH",urma_alloc_token_id 调用下层 provider、bond 组件或系统接口处理 设备 时返回失败，当前分支携带 ret/errno 等错误结果退出，导致该资源的创建、导入、修改、投递或清理状态无法继续推进。,无
urma_464,urma_alloc_token_id_ex 校验 context 无效导致分配流程拒绝继续执行,关键日志：匹配 Invalid parameter；日志路径：URMA_LOG_PATH,urma_alloc_token_id_ex 在执行分配前发现调用方传入的 context 不满足当前操作要求，通常是对象为空、状态不匹配或与 provider 能力不一致，因此直接返回错误以避免继续访问非法资源。,无
urma_465,urma_alloc_token_id_ex 校验 context 无效导致分配流程拒绝继续执行,关键日志：匹配 Invalid parameter；日志路径：URMA_LOG_PATH,urma_alloc_token_id_ex 在执行分配前发现调用方传入的 context 不满足当前操作要求，通常是对象为空、状态不匹配或与 provider 能力不一致，因此直接返回错误以避免继续访问非法资源。,无
urma_466,urma_alloc_token_id_ex 校验 设备 业务条件不满足导致分配流程拒绝继续执行,关键日志：匹配 dev not support token id table mode；日志路径：URMA_LOG_PATH,urma_alloc_token_id_ex 在执行分配时发现 设备 的传输模式、绑定关系、路由选择、数量限制或设备属性与当前操作要求不一致，因此直接返回错误，避免建立错误的资源关系或下发不被支持的请求。,无
urma_467,urma_free_token_id 校验 token_id 无效导致释放流程拒绝继续执行,关键日志：匹配 Invalid parameter；日志路径：URMA_LOG_PATH,urma_free_token_id 在执行释放前发现调用方传入的 token_id 不满足当前操作要求，通常是对象为空、状态不匹配或与 provider 能力不一致，因此直接返回错误以避免继续访问非法资源。,无
urma_468,urma_register_seg 校验 context 无效导致注册流程拒绝继续执行,关键日志：匹配 Invalid parameter；日志路径：URMA_LOG_PATH,urma_register_seg 在执行注册前发现调用方传入的 context 不满足当前操作要求，通常是对象为空、状态不匹配或与 provider 能力不一致，因此直接返回错误以避免继续访问非法资源。,无
urma_469,urma_register_seg 校验 context 无效导致注册流程拒绝继续执行,关键日志：匹配 Invalid parameter；日志路径：URMA_LOG_PATH,urma_register_seg 在执行注册前发现调用方传入的 context 不满足当前操作要求，通常是对象为空、状态不匹配或与 provider 能力不一致，因此直接返回错误以避免继续访问非法资源。,无
urma_470,urma_register_seg 校验 context 无效导致注册流程拒绝继续执行,"关键日志：依次匹配 `[DRV_ERR]register seg failed, dev_name:`、`, eid_idx:`；日志路径：URMA_LOG_PATH",urma_register_seg 在执行注册前发现调用方传入的 context 不满足当前操作要求，通常是对象为空、状态不匹配或与 provider 能力不一致，因此直接返回错误以避免继续访问非法资源。,无
urma_471,urma_user_ctl 执行处理 URMA 对象 失败导致当前资源状态无法推进,"关键日志：匹配 `Failed to excecute user_ctl, ret:`；日志路径：URMA_LOG_PATH",urma_user_ctl 调用下层 provider、bond 组件或系统接口处理 URMA 对象 时返回失败，当前分支携带 ret/errno 等错误结果退出，导致该资源的创建、导入、修改、投递或清理状态无法继续推进。,无
urma_472,urma_get_net_addr_list 校验 URMA 对象 无效导致获取流程拒绝继续执行,关键日志：匹配 Invalid parameter with max_netaddr_cnt as 0；日志路径：URMA_LOG_PATH,urma_get_net_addr_list 在执行获取前发现调用方传入的 URMA 对象 不满足当前操作要求，通常是对象为空、状态不匹配或与 provider 能力不一致，因此直接返回错误以避免继续访问非法资源。,无
urma_473,urma_get_net_addr_list 执行获取 URMA 对象 失败导致当前资源状态无法推进,"关键日志：依次匹配 `Failed to get netaddr list, ret:`、`, max_netaddr_cnt:`；日志路径：URMA_LOG_PATH",urma_get_net_addr_list 调用下层 provider、bond 组件或系统接口处理 URMA 对象 时返回失败，当前分支携带 ret/errno 等错误结果退出，导致该资源的创建、导入、修改、投递或清理状态无法继续推进。,无
urma_474,urma_read_sysfs_device 读取或解析 sysfs 设备/EID/端口信息失败导致设备信息不可用,"关键日志：匹配 snprintf failed, dev_name；日志路径：URMA_LOG_PATH",urma_read_sysfs_device 依赖 sysfs 中的设备、EID、端口、能力或 cdev 路径信息枚举 URMA 设备并构建设备属性，但文件打开、读取、格式化路径或内容解析失败，导致设备、端口或 EID 信息无法被用户态正确使用。,无
urma_475,urma_alloc_device 读取或解析 sysfs 设备/EID/端口信息失败导致设备信息不可用,关键日志：匹配 snprintf failed；日志路径：URMA_LOG_PATH,urma_alloc_device 依赖 sysfs 中的设备、EID、端口、能力或 cdev 路径信息枚举 URMA 设备并构建设备属性，但文件打开、读取、格式化路径或内容解析失败，导致设备、端口或 EID 信息无法被用户态正确使用。,无
urma_476,urma_discover_devices 读取或解析 sysfs 设备/EID/端口信息失败导致设备信息不可用,"关键日志：依次匹配 `Failed close dir:`、`, errno:`；日志路径：URMA_LOG_PATH",urma_discover_devices 依赖 sysfs 中的设备、EID、端口、能力或 cdev 路径信息枚举 URMA 设备并构建设备属性，但文件打开、读取、格式化路径或内容解析失败，导致设备、端口或 EID 信息无法被用户态正确使用。,无
urma_477,urma_log_set_thread_tag 校验 URMA 对象 无效导致读取流程拒绝继续执行,关键日志：匹配 Invalid parameter；日志路径：URMA_LOG_PATH,urma_log_set_thread_tag 在执行读取前发现调用方传入的 URMA 对象 不满足当前操作要求，通常是对象为空、状态不匹配或与 provider 能力不一致，因此直接返回错误以避免继续访问非法资源。,无
urma_478,urma_open_provider 打开 provider 失败导致打开无法访问底层资源,关键日志：匹配 doesn't exist or doesn't have permission；日志路径：URMA_LOG_PATH,urma_open_provider 需要访问 provider 对应的文件、目录、provider 动态库或字符设备，但路径不存在、权限不足或系统调用失败，导致后续 URMA 设备枚举、provider 装载或上下文创建无法进行。,无
urma_479,urma_open_provider 打开 provider 失败导致打开无法访问底层资源,关键日志：匹配 realpath failed；日志路径：URMA_LOG_PATH,urma_open_provider 需要访问 provider 对应的文件、目录、provider 动态库或字符设备，但路径不存在、权限不足或系统调用失败，导致后续 URMA 设备枚举、provider 装载或上下文创建无法进行。,无
urma_480,urma_open_provider 打开 provider 失败导致打开无法访问底层资源,"关键日志：匹配 open failed, err；日志路径：URMA_LOG_PATH",urma_open_provider 需要访问 provider 对应的文件、目录、provider 动态库或字符设备，但路径不存在、权限不足或系统调用失败，导致后续 URMA 设备枚举、provider 装载或上下文创建无法进行。,无
urma_481,urma_get_eid_list 读取或解析 sysfs 设备/EID/端口信息失败导致设备信息不可用,关键日志：匹配 max eid cnt is err；日志路径：URMA_LOG_PATH,urma_get_eid_list 依赖 sysfs 中的设备、EID、端口、能力或 cdev 路径信息枚举 URMA 设备并构建设备属性，但文件打开、读取、格式化路径或内容解析失败，导致设备、端口或 EID 信息无法被用户态正确使用。,执行 `lsmod | grep udma` 检查驱动是否加载，执行 `urma_admin show -a` 查看 UB 设备是否存在，部署完成后重试
urma_482,urma_create_context 校验 context 无效导致创建流程拒绝继续执行,关键日志：匹配 Invalid parameter with err dev or ops；日志路径：URMA_LOG_PATH,urma_create_context 在执行创建前发现调用方传入的 context 不满足当前操作要求，通常是对象为空、状态不匹配或与 provider 能力不一致，因此直接返回错误以避免继续访问非法资源。,当前不会触发
urma_483,urma_create_context 读取或解析 sysfs 设备/EID/端口信息失败导致设备信息不可用,关键日志：匹配 Failed to query eid；日志路径：URMA_LOG_PATH,urma_create_context 依赖 sysfs 中的设备、EID、端口、能力或 cdev 路径信息枚举 URMA 设备并构建设备属性，但文件打开、读取、格式化路径或内容解析失败，导致设备、端口或 EID 信息无法被用户态正确使用。,当前不会触发
urma_484,urma_create_context 读取或解析 sysfs 设备/EID/端口信息失败导致设备信息不可用,"关键日志：匹配 Failed to open urma cdev with path , dev_fd；日志路径：URMA_LOG_PATH",urma_create_context 依赖 sysfs 中的设备、EID、端口、能力或 cdev 路径信息枚举 URMA 设备并构建设备属性，但文件打开、读取、格式化路径或内容解析失败，导致设备、端口或 EID 信息无法被用户态正确使用。,当前不会触发
urma_485,urma_create_context 装载或匹配 provider 失败导致设备驱动能力不可用,关键日志：匹配 [DRV_ERR]Failed to create urma context；日志路径：URMA_LOG_PATH,urma_create_context 在初始化或注册设备时未能打开 provider 动态库、获取动态库路径、匹配驱动名称或完成 provider 注册，导致 URMA 用户态无法绑定对应设备的 provider 操作集。,当前不会触发
urma_486,urma_set_context_opt 校验 context 无效导致设置流程拒绝继续执行,关键日志：匹配 Invalid parameter；日志路径：URMA_LOG_PATH,urma_set_context_opt 在执行设置前发现调用方传入的 context 不满足当前操作要求，通常是对象为空、状态不匹配或与 provider 能力不一致，因此直接返回错误以避免继续访问非法资源。,无
urma_487,urma_set_context_opt 校验 context 无效导致设置流程拒绝继续执行,关键日志：匹配 Invalid option value len；日志路径：URMA_LOG_PATH,urma_set_context_opt 在执行设置前发现调用方传入的 context 不满足当前操作要求，通常是对象为空、状态不匹配或与 provider 能力不一致，因此直接返回错误以避免继续访问非法资源。,无
urma_488,urma_set_context_opt 执行设置 context 失败导致当前资源状态无法推进,关键日志：匹配 Cannot set aggregated mode for non-aggregated device；日志路径：URMA_LOG_PATH,urma_set_context_opt 调用下层 provider、bond 组件或系统接口处理 context 时返回失败，当前分支携带 ret/errno 等错误结果退出，导致该资源的创建、导入、修改、投递或清理状态无法继续推进。,无
urma_489,urma_set_context_opt 校验 context 无效导致设置流程拒绝继续执行,关键日志：匹配 Invalid option name；日志路径：URMA_LOG_PATH,urma_set_context_opt 在执行设置前发现调用方传入的 context 不满足当前操作要求，通常是对象为空、状态不匹配或与 provider 能力不一致，因此直接返回错误以避免继续访问非法资源。,无
urma_490,urma_get_uasid 校验 URMA 对象 无效导致获取流程拒绝继续执行,关键日志：匹配 Invalid parameter；日志路径：URMA_LOG_PATH,urma_get_uasid 在执行获取前发现调用方传入的 URMA 对象 不满足当前操作要求，通常是对象为空、状态不匹配或与 provider 能力不一致，因此直接返回错误以避免继续访问非法资源。,无
urma_491,资源查询失败,向下级匹配。,向下级匹配。,向下级匹配。
urma_492,bondp_query_jfr 执行查询 JFR 失败导致当前资源状态无法推进,"关键日志：依次匹配 `query pjfr fail, index:`、`, ret:`；日志路径：URMA_LOG_PATH",bondp_query_jfr 调用下层 provider、bond 组件或系统接口处理 JFR 时返回失败，当前分支携带 ret/errno 等错误结果退出，导致该资源的创建、导入、修改、投递或清理状态无法继续推进。,无
urma_493,bondp_jfs_get_args_list 校验 JFS 无效导致获取流程拒绝继续执行,关键日志：匹配 Invalid param jfc；日志路径：URMA_LOG_PATH,bondp_jfs_get_args_list 在执行获取前发现调用方传入的 JFS 不满足当前操作要求，通常是对象为空、状态不匹配或与 provider 能力不一致，因此直接返回错误以避免继续访问非法资源。,无
urma_494,bondp_jetty_get_args_list 校验 Jetty 无效导致获取流程拒绝继续执行,关键日志：匹配 Invalid param jetty cfg；日志路径：URMA_LOG_PATH,bondp_jetty_get_args_list 在执行获取前发现调用方传入的 Jetty 不满足当前操作要求，通常是对象为空、状态不匹配或与 provider 能力不一致，因此直接返回错误以避免继续访问非法资源。,无
urma_495,get_comp_urma_jetty_id 校验 Jetty 无效导致获取流程拒绝继续执行,"关键日志：匹配 Failed to get_comp_urma_jetty, Invalid type；日志路径：URMA_LOG_PATH",get_comp_urma_jetty_id 在执行获取前发现调用方传入的 Jetty 不满足当前操作要求，通常是对象为空、状态不匹配或与 provider 能力不一致，因此直接返回错误以避免继续访问非法资源。,无
urma_496,get_bjetty_ctx_by_cr 装载或匹配 provider 失败导致设备驱动能力不可用,"关键日志：匹配 `Failed to get comp, local_id:`；日志路径：URMA_LOG_PATH",get_bjetty_ctx_by_cr 在初始化或注册设备时未能打开 provider 动态库、获取动态库路径、匹配驱动名称或完成 provider 注册，导致 URMA 用户态无法绑定对应设备的 provider 操作集。,无
urma_497,get_bjetty_ctx_by_cr 装载或匹配 provider 失败导致设备驱动能力不可用,关键日志：匹配 Null bjetty_ctx in bdp_comp；日志路径：URMA_LOG_PATH,get_bjetty_ctx_by_cr 在初始化或注册设备时未能打开 provider 动态库、获取动态库路径、匹配驱动名称或完成 provider 注册，导致 URMA 用户态无法绑定对应设备的 provider 操作集。,无
urma_498,get_dev_and_ctx_by_name 执行获取 context 失败导致当前资源状态无法推进,关键日志：匹配 Failed to get device；日志路径：URMA_LOG_PATH,get_dev_and_ctx_by_name 调用下层 provider、bond 组件或系统接口处理 context 时返回失败，当前分支携带 ret/errno 等错误结果退出，导致该资源的创建、导入、修改、投递或清理状态无法继续推进。,无
urma_499,get_dev_and_ctx_by_name 执行获取 context 失败导致当前资源状态无法推进,关键日志：匹配 Failed to get eid_idx；日志路径：URMA_LOG_PATH,get_dev_and_ctx_by_name 调用下层 provider、bond 组件或系统接口处理 context 时返回失败，当前分支携带 ret/errno 等错误结果退出，导致该资源的创建、导入、修改、投递或清理状态无法继续推进。,无
urma_500,get_dev_and_ctx_by_name 执行获取 context 失败导致当前资源状态无法推进,关键日志：匹配 Failed to create context；日志路径：URMA_LOG_PATH,get_dev_and_ctx_by_name 调用下层 provider、bond 组件或系统接口处理 context 时返回失败，当前分支携带 ret/errno 等错误结果退出，导致该资源的创建、导入、修改、投递或清理状态无法继续推进。,无
urma_501,get_dev_and_ctx_by_eid 执行获取 context 失败导致当前资源状态无法推进,关键日志：匹配 Failed to create context；日志路径：URMA_LOG_PATH,get_dev_and_ctx_by_eid 调用下层 provider、bond 组件或系统接口处理 context 时返回失败，当前分支携带 ret/errno 等错误结果退出，导致该资源的创建、导入、修改、投递或清理状态无法继续推进。,无
urma_502,get_topo_info_from_ko 执行获取 context 失败导致当前资源状态无法推进,"关键日志：匹配 Failed to get topo info, change to general mode；日志路径：URMA_LOG_PATH",get_topo_info_from_ko 调用下层 provider、bond 组件或系统接口处理 context 时返回失败，当前分支携带 ret/errno 等错误结果退出，导致该资源的创建、导入、修改、投递或清理状态无法继续推进。,无
urma_503,get_topo_info_from_ko 读取或解析 sysfs 设备/EID/端口信息失败导致设备信息不可用,关键日志：匹配 Failed to create topo map；日志路径：URMA_LOG_PATH,get_topo_info_from_ko 依赖 sysfs 中的设备、EID、端口、能力或 cdev 路径信息枚举 URMA 设备并构建设备属性，但文件打开、读取、格式化路径或内容解析失败，导致设备、端口或 EID 信息无法被用户态正确使用。,无
urma_504,urma_cmd_query_jfs 校验 context 无效导致查询流程拒绝继续执行,关键日志：匹配 Invalid parameter；日志路径：URMA_LOG_PATH,urma_cmd_query_jfs 在执行查询前发现调用方传入的 context 不满足当前操作要求，通常是对象为空、状态不匹配或与 provider 能力不一致，因此直接返回错误以避免继续访问非法资源。,无
urma_505,urma_cmd_query_jfs URMA 控制面命令 ioctl 下发内核驱动失败导致用户态操作中断,"关键日志：依次匹配 `ioctl failed, ret:`、`, errno:`；日志路径：URMA_LOG_PATH",urma_cmd_query_jfs 通过 fd 向内核驱动下发URMA 控制面命令请求时，ioctl 返回失败，说明内核驱动没有完成对应控制面动作，用户态无法取得或更新 JFS 状态。,无
urma_506,urma_cmd_query_jfr 校验 context 无效导致查询流程拒绝继续执行,关键日志：匹配 Invalid parameter；日志路径：URMA_LOG_PATH,urma_cmd_query_jfr 在执行查询前发现调用方传入的 context 不满足当前操作要求，通常是对象为空、状态不匹配或与 provider 能力不一致，因此直接返回错误以避免继续访问非法资源。,无
urma_507,urma_cmd_query_jfr URMA 控制面命令 ioctl 下发内核驱动失败导致用户态操作中断,"关键日志：依次匹配 `ioctl failed, ret:`、`, errno:`；日志路径：URMA_LOG_PATH",urma_cmd_query_jfr 通过 fd 向内核驱动下发URMA 控制面命令请求时，ioctl 返回失败，说明内核驱动没有完成对应控制面动作，用户态无法取得或更新 JFR 状态。,无
urma_508,urma_cmd_query_jetty 校验 context 无效导致查询流程拒绝继续执行,关键日志：匹配 Invalid parameter；日志路径：URMA_LOG_PATH,urma_cmd_query_jetty 在执行查询前发现调用方传入的 context 不满足当前操作要求，通常是对象为空、状态不匹配或与 provider 能力不一致，因此直接返回错误以避免继续访问非法资源。,无
urma_509,urma_cmd_query_jetty 校验 Jetty 无效导致查询流程拒绝继续执行,关键日志：匹配 Invalid parameter；日志路径：URMA_LOG_PATH,urma_cmd_query_jetty 在执行查询前发现调用方传入的 Jetty 不满足当前操作要求，通常是对象为空、状态不匹配或与 provider 能力不一致，因此直接返回错误以避免继续访问非法资源。,无
urma_510,urma_cmd_get_ip_by_eid 校验 context 无效导致获取流程拒绝继续执行,关键日志：匹配 Invalid parameter；日志路径：URMA_LOG_PATH,urma_cmd_get_ip_by_eid 在执行获取前发现调用方传入的 context 不满足当前操作要求，通常是对象为空、状态不匹配或与 provider 能力不一致，因此直接返回错误以避免继续访问非法资源。,无
urma_511,urma_cmd_get_smac 校验 context 无效导致获取流程拒绝继续执行,关键日志：匹配 Invalid parameter；日志路径：URMA_LOG_PATH,urma_cmd_get_smac 在执行获取前发现调用方传入的 context 不满足当前操作要求，通常是对象为空、状态不匹配或与 provider 能力不一致，因此直接返回错误以避免继续访问非法资源。,无
urma_512,urma_cmd_get_dmac 校验 context 无效导致获取流程拒绝继续执行,关键日志：匹配 Invalid parameter；日志路径：URMA_LOG_PATH,urma_cmd_get_dmac 在执行获取前发现调用方传入的 context 不满足当前操作要求，通常是对象为空、状态不匹配或与 provider 能力不一致，因此直接返回错误以避免继续访问非法资源。,无
urma_513,urma_get_jfc_opt 校验 JFC 无效导致获取流程拒绝继续执行,关键日志：匹配 Invalid parameter；日志路径：URMA_LOG_PATH,urma_get_jfc_opt 在执行获取前发现调用方传入的 JFC 不满足当前操作要求，通常是对象为空、状态不匹配或与 provider 能力不一致，因此直接返回错误以避免继续访问非法资源。,无
urma_514,urma_get_jfc_opt 校验 context 无效导致获取流程拒绝继续执行,关键日志：匹配 Invalid parameter；日志路径：URMA_LOG_PATH,urma_get_jfc_opt 在执行获取前发现调用方传入的 context 不满足当前操作要求，通常是对象为空、状态不匹配或与 provider 能力不一致，因此直接返回错误以避免继续访问非法资源。,无
urma_515,urma_get_jfc_opt 执行获取 JFC 失败导致当前资源状态无法推进,关键日志：匹配 Failed to exec ops->get_jfc_opt；日志路径：URMA_LOG_PATH,urma_get_jfc_opt 调用下层 provider、bond 组件或系统接口处理 JFC 时返回失败，当前分支携带 ret/errno 等错误结果退出，导致该资源的创建、导入、修改、投递或清理状态无法继续推进。,无
urma_516,urma_query_jfs 校验 JFS 无效导致查询流程拒绝继续执行,关键日志：匹配 Invalid parameter；日志路径：URMA_LOG_PATH,urma_query_jfs 在执行查询前发现调用方传入的 JFS 不满足当前操作要求，通常是对象为空、状态不匹配或与 provider 能力不一致，因此直接返回错误以避免继续访问非法资源。,无
urma_517,urma_query_jfs 校验 context 无效导致查询流程拒绝继续执行,关键日志：匹配 Invalid parameter；日志路径：URMA_LOG_PATH,urma_query_jfs 在执行查询前发现调用方传入的 context 不满足当前操作要求，通常是对象为空、状态不匹配或与 provider 能力不一致，因此直接返回错误以避免继续访问非法资源。,无
urma_518,urma_get_jfs_opt 校验 JFS 无效导致获取流程拒绝继续执行,关键日志：匹配 Invalid parameter；日志路径：URMA_LOG_PATH,urma_get_jfs_opt 在执行获取前发现调用方传入的 JFS 不满足当前操作要求，通常是对象为空、状态不匹配或与 provider 能力不一致，因此直接返回错误以避免继续访问非法资源。,无
urma_519,urma_get_jfs_opt 校验 context 无效导致获取流程拒绝继续执行,关键日志：匹配 Invalid parameter；日志路径：URMA_LOG_PATH,urma_get_jfs_opt 在执行获取前发现调用方传入的 context 不满足当前操作要求，通常是对象为空、状态不匹配或与 provider 能力不一致，因此直接返回错误以避免继续访问非法资源。,无
urma_520,urma_get_jfs_opt 执行获取 JFS 失败导致当前资源状态无法推进,关键日志：匹配 Failed to exec ops->get_jfs_opt；日志路径：URMA_LOG_PATH,urma_get_jfs_opt 调用下层 provider、bond 组件或系统接口处理 JFS 时返回失败，当前分支携带 ret/errno 等错误结果退出，导致该资源的创建、导入、修改、投递或清理状态无法继续推进。,无
urma_521,urma_query_jfr 校验 JFR 无效导致查询流程拒绝继续执行,关键日志：匹配 Invalid parameter；日志路径：URMA_LOG_PATH,urma_query_jfr 在执行查询前发现调用方传入的 JFR 不满足当前操作要求，通常是对象为空、状态不匹配或与 provider 能力不一致，因此直接返回错误以避免继续访问非法资源。,无
urma_522,urma_query_jfr 校验 context 无效导致查询流程拒绝继续执行,关键日志：匹配 Invalid parameter；日志路径：URMA_LOG_PATH,urma_query_jfr 在执行查询前发现调用方传入的 context 不满足当前操作要求，通常是对象为空、状态不匹配或与 provider 能力不一致，因此直接返回错误以避免继续访问非法资源。,无
urma_523,urma_get_jfr_opt 校验 JFR 无效导致获取流程拒绝继续执行,关键日志：匹配 Invalid parameter；日志路径：URMA_LOG_PATH,urma_get_jfr_opt 在执行获取前发现调用方传入的 JFR 不满足当前操作要求，通常是对象为空、状态不匹配或与 provider 能力不一致，因此直接返回错误以避免继续访问非法资源。,无
urma_524,urma_get_jfr_opt 校验 context 无效导致获取流程拒绝继续执行,关键日志：匹配 Invalid parameter；日志路径：URMA_LOG_PATH,urma_get_jfr_opt 在执行获取前发现调用方传入的 context 不满足当前操作要求，通常是对象为空、状态不匹配或与 provider 能力不一致，因此直接返回错误以避免继续访问非法资源。,无
urma_525,urma_get_jfr_opt 执行获取 JFR 失败导致当前资源状态无法推进,关键日志：匹配 Failed to exec ops->get_jfr_opt；日志路径：URMA_LOG_PATH,urma_get_jfr_opt 调用下层 provider、bond 组件或系统接口处理 JFR 时返回失败，当前分支携带 ret/errno 等错误结果退出，导致该资源的创建、导入、修改、投递或清理状态无法继续推进。,无
urma_526,urma_query_jetty 校验 Jetty 无效导致查询流程拒绝继续执行,关键日志：匹配 Invalid parameter；日志路径：URMA_LOG_PATH,urma_query_jetty 在执行查询前发现调用方传入的 Jetty 不满足当前操作要求，通常是对象为空、状态不匹配或与 provider 能力不一致，因此直接返回错误以避免继续访问非法资源。,无
urma_527,urma_query_jetty 校验 context 无效导致查询流程拒绝继续执行,关键日志：匹配 Invalid parameter；日志路径：URMA_LOG_PATH,urma_query_jetty 在执行查询前发现调用方传入的 context 不满足当前操作要求，通常是对象为空、状态不匹配或与 provider 能力不一致，因此直接返回错误以避免继续访问非法资源。,无
urma_528,urma_get_jetty_opt 校验 Jetty 无效导致获取流程拒绝继续执行,关键日志：匹配 Invalid parameter；日志路径：URMA_LOG_PATH,urma_get_jetty_opt 在执行获取前发现调用方传入的 Jetty 不满足当前操作要求，通常是对象为空、状态不匹配或与 provider 能力不一致，因此直接返回错误以避免继续访问非法资源。,无
urma_529,urma_get_jetty_opt 校验 context 无效导致获取流程拒绝继续执行,关键日志：匹配 Invalid parameter；日志路径：URMA_LOG_PATH,urma_get_jetty_opt 在执行获取前发现调用方传入的 context 不满足当前操作要求，通常是对象为空、状态不匹配或与 provider 能力不一致，因此直接返回错误以避免继续访问非法资源。,无
urma_530,urma_get_jetty_opt 执行获取 Jetty 失败导致当前资源状态无法推进,关键日志：匹配 Failed to exec ops->get_jetty_opt；日志路径：URMA_LOG_PATH,urma_get_jetty_opt 调用下层 provider、bond 组件或系统接口处理 Jetty 时返回失败，当前分支携带 ret/errno 等错误结果退出，导致该资源的创建、导入、修改、投递或清理状态无法继续推进。,无
urma_531,urma_get_ip_by_eid 校验 context 无效导致获取流程拒绝继续执行,关键日志：匹配 Invalid parameter；日志路径：URMA_LOG_PATH,urma_get_ip_by_eid 在执行获取前发现调用方传入的 context 不满足当前操作要求，通常是对象为空、状态不匹配或与 provider 能力不一致，因此直接返回错误以避免继续访问非法资源。,无
urma_532,urma_get_ip_by_eid 校验 context 无效导致获取流程拒绝继续执行,关键日志：匹配 Invalid parameter；日志路径：URMA_LOG_PATH,urma_get_ip_by_eid 在执行获取前发现调用方传入的 context 不满足当前操作要求，通常是对象为空、状态不匹配或与 provider 能力不一致，因此直接返回错误以避免继续访问非法资源。,无
urma_533,urma_get_smac 校验 context 无效导致获取流程拒绝继续执行,关键日志：匹配 Invalid parameter；日志路径：URMA_LOG_PATH,urma_get_smac 在执行获取前发现调用方传入的 context 不满足当前操作要求，通常是对象为空、状态不匹配或与 provider 能力不一致，因此直接返回错误以避免继续访问非法资源。,无
urma_534,urma_get_smac 校验 context 无效导致获取流程拒绝继续执行,关键日志：匹配 Invalid parameter；日志路径：URMA_LOG_PATH,urma_get_smac 在执行获取前发现调用方传入的 context 不满足当前操作要求，通常是对象为空、状态不匹配或与 provider 能力不一致，因此直接返回错误以避免继续访问非法资源。,无
urma_535,urma_get_dmac 校验 context 无效导致获取流程拒绝继续执行,关键日志：匹配 Invalid parameter；日志路径：URMA_LOG_PATH,urma_get_dmac 在执行获取前发现调用方传入的 context 不满足当前操作要求，通常是对象为空、状态不匹配或与 provider 能力不一致，因此直接返回错误以避免继续访问非法资源。,无
urma_536,urma_get_dmac 校验 context 无效导致获取流程拒绝继续执行,关键日志：匹配 Invalid parameter；日志路径：URMA_LOG_PATH,urma_get_dmac 在执行获取前发现调用方传入的 context 不满足当前操作要求，通常是对象为空、状态不匹配或与 provider 能力不一致，因此直接返回错误以避免继续访问非法资源。,无
urma_537,urma_read_sysfs_file 读取或解析 sysfs 设备/EID/端口信息失败导致设备信息不可用,关键日志：匹配 snprintf failed；日志路径：URMA_LOG_PATH,urma_read_sysfs_file 依赖 sysfs 中的设备、EID、端口、能力或 cdev 路径信息枚举 URMA 设备并构建设备属性，但文件打开、读取、格式化路径或内容解析失败，导致设备、端口或 EID 信息无法被用户态正确使用。,无
urma_538,urma_read_sysfs_file 读取或解析 sysfs 设备/EID/端口信息失败导致设备信息不可用,"关键日志：依次匹配 `Failed open file:`、`, errno:`；日志路径：URMA_LOG_PATH",urma_read_sysfs_file 依赖 sysfs 中的设备、EID、端口、能力或 cdev 路径信息枚举 URMA 设备并构建设备属性，但文件打开、读取、格式化路径或内容解析失败，导致设备、端口或 EID 信息无法被用户态正确使用。,无
urma_539,urma_read_sysfs_file 读取或解析 sysfs 设备/EID/端口信息失败导致设备信息不可用,"关键日志：依次匹配 `Failed read file:`、`, ret:`、`, errno:`；日志路径：URMA_LOG_PATH",urma_read_sysfs_file 依赖 sysfs 中的设备、EID、端口、能力或 cdev 路径信息枚举 URMA 设备并构建设备属性，但文件打开、读取、格式化路径或内容解析失败，导致设备、端口或 EID 信息无法被用户态正确使用。,无
urma_540,read_eid_list_sysyf 读取或解析 sysfs 设备/EID/端口信息失败导致设备信息不可用,"关键日志：匹配 printf failed, eid idx；日志路径：URMA_LOG_PATH",read_eid_list_sysyf 依赖 sysfs 中的设备、EID、端口、能力或 cdev 路径信息枚举 URMA 设备并构建设备属性，但文件打开、读取、格式化路径或内容解析失败，导致设备、端口或 EID 信息无法被用户态正确使用。,无
urma_541,read_eid_list_sysyf 读取或解析 sysfs 设备/EID/端口信息失败导致设备信息不可用,关键日志：匹配 Failed to read sysfs file；日志路径：URMA_LOG_PATH,read_eid_list_sysyf 依赖 sysfs 中的设备、EID、端口、能力或 cdev 路径信息枚举 URMA 设备并构建设备属性，但文件打开、读取、格式化路径或内容解析失败，导致设备、端口或 EID 信息无法被用户态正确使用。,无
urma_542,read_eid_sysfs_with_index 读取或解析 sysfs 设备/EID/端口信息失败导致设备信息不可用,"关键日志：匹配 snprintf failed, eid idx；日志路径：URMA_LOG_PATH",read_eid_sysfs_with_index 依赖 sysfs 中的设备、EID、端口、能力或 cdev 路径信息枚举 URMA 设备并构建设备属性，但文件打开、读取、格式化路径或内容解析失败，导致设备、端口或 EID 信息无法被用户态正确使用。,无
urma_543,read_eid_sysfs_with_index URMA 控制面命令 ioctl 下发内核驱动失败导致用户态操作中断,关键日志：匹配 Failed to read sysfs file；日志路径：URMA_LOG_PATH,read_eid_sysfs_with_index 通过 fd 向内核驱动下发URMA 控制面命令请求时，ioctl 返回失败，说明内核驱动没有完成对应控制面动作，用户态无法取得或更新 设备 状态。,无
urma_544,read_eid_sysfs_with_index URMA 控制面命令 ioctl 下发内核驱动失败导致用户态操作中断,"关键日志：依次匹配 `Failed to parse eid value, dev name:`、`, eid idx:`；日志路径：URMA_LOG_PATH",read_eid_sysfs_with_index 通过 fd 向内核驱动下发URMA 控制面命令请求时，ioctl 返回失败，说明内核驱动没有完成对应控制面动作，用户态无法取得或更新 设备 状态。,无
urma_545,urma_ioctl_get_eid_list URMA 控制面命令 ioctl 下发内核驱动失败导致用户态操作中断,关键日志：匹配 Failed to open urma cdev with path；日志路径：URMA_LOG_PATH,urma_ioctl_get_eid_list 通过 fd 向内核驱动下发URMA 控制面命令请求时，ioctl 返回失败，说明内核驱动没有完成对应控制面动作，用户态无法取得或更新 设备 状态。,无
urma_546,urma_query_device_attr 读取或解析 sysfs 设备/EID/端口信息失败导致设备信息不可用,"关键日志：匹配 Failed to get cdev_path, dev_name；日志路径：URMA_LOG_PATH",urma_query_device_attr 依赖 sysfs 中的设备、EID、端口、能力或 cdev 路径信息枚举 URMA 设备并构建设备属性，但文件打开、读取、格式化路径或内容解析失败，导致设备、端口或 EID 信息无法被用户态正确使用。,无
urma_547,urma_query_device_attr 读取或解析 sysfs 设备/EID/端口信息失败导致设备信息不可用,"关键日志：匹配 Failed to open urma cdev, path；日志路径：URMA_LOG_PATH",urma_query_device_attr 依赖 sysfs 中的设备、EID、端口、能力或 cdev 路径信息枚举 URMA 设备并构建设备属性，但文件打开、读取、格式化路径或内容解析失败，导致设备、端口或 EID 信息无法被用户态正确使用。,无
urma_548,urma_parse_rsvd_jetty_range 读取或解析 sysfs 设备/EID/端口信息失败导致设备信息不可用,关键日志：匹配 parse sysfs: failed；日志路径：URMA_LOG_PATH,urma_parse_rsvd_jetty_range 依赖 sysfs 中的设备、EID、端口、能力或 cdev 路径信息枚举 URMA 设备并构建设备属性，但文件打开、读取、格式化路径或内容解析失败，导致设备、端口或 EID 信息无法被用户态正确使用。,无
urma_549,urma_parse_rsvd_jetty_range 读取或解析 sysfs 设备/EID/端口信息失败导致设备信息不可用,关键日志：匹配 parse rsvd jetty: failed；日志路径：URMA_LOG_PATH,urma_parse_rsvd_jetty_range 依赖 sysfs 中的设备、EID、端口、能力或 cdev 路径信息枚举 URMA 设备并构建设备属性，但文件打开、读取、格式化路径或内容解析失败，导致设备、端口或 EID 信息无法被用户态正确使用。,无
urma_550,urma_parse_port_attr 读取或解析 sysfs 设备/EID/端口信息失败导致设备信息不可用,"关键日志：依次匹配 `snprintf failed, path:`、`, port_num:`；日志路径：URMA_LOG_PATH",urma_parse_port_attr 依赖 sysfs 中的设备、EID、端口、能力或 cdev 路径信息枚举 URMA 设备并构建设备属性，但文件打开、读取、格式化路径或内容解析失败，导致设备、端口或 EID 信息无法被用户态正确使用。,无
urma_551,urma_read 校验 JFS 无效导致读取流程拒绝继续执行,关键日志：匹配 Invalid parameter；日志路径：URMA_LOG_PATH,urma_read 在执行读取前发现调用方传入的 JFS 不满足当前操作要求，通常是对象为空、状态不匹配或与 provider 能力不一致，因此直接返回错误以避免继续访问非法资源。,无
urma_552,urma_getenv_log_level 校验 URMA 对象 无效导致获取流程拒绝继续执行,关键日志：匹配 Invalid parameter: log level str；日志路径：URMA_LOG_PATH,urma_getenv_log_level 在执行获取前发现调用方传入的 URMA 对象 不满足当前操作要求，通常是对象为空、状态不匹配或与 provider 能力不一致，因此直接返回错误以避免继续访问非法资源。,无
urma_553,urma_get_device_list 校验 设备 无效导致获取流程拒绝继续执行,关键日志：匹配 Invalid parameter；日志路径：URMA_LOG_PATH,urma_get_device_list 在执行获取前发现调用方传入的 设备 不满足当前操作要求，通常是对象为空、状态不匹配或与 provider 能力不一致，因此直接返回错误以避免继续访问非法资源。,执行 `lsmod | grep udma` 检查驱动是否加载，执行 `urma_admin show -a` 查看 UB 设备是否存在，部署完成后重试
urma_554,urma_query_device 校验 设备 无效导致查询流程拒绝继续执行,关键日志：匹配 Invalid parameter；日志路径：URMA_LOG_PATH,urma_query_device 在执行查询前发现调用方传入的 设备 不满足当前操作要求，通常是对象为空、状态不匹配或与 provider 能力不一致，因此直接返回错误以避免继续访问非法资源。,无
urma_555,urma_query_device 读取或解析 sysfs 设备/EID/端口信息失败导致设备信息不可用,"关键日志：匹配 `Failed to query device attr, ret:`；日志路径：URMA_LOG_PATH",urma_query_device 依赖 sysfs 中的设备、EID、端口、能力或 cdev 路径信息枚举 URMA 设备并构建设备属性，但文件打开、读取、格式化路径或内容解析失败，导致设备、端口或 EID 信息无法被用户态正确使用。,无
urma_556,urma_get_device_by_name 校验 设备 无效导致获取流程拒绝继续执行,关键日志：匹配 Invalid dev_name；日志路径：URMA_LOG_PATH,urma_get_device_by_name 在执行获取前发现调用方传入的 设备 不满足当前操作要求，通常是对象为空、状态不匹配或与 provider 能力不一致，因此直接返回错误以避免继续访问非法资源。,执行 `lsmod | grep udma` 检查驱动是否加载，执行 `urma_admin show -a` 查看 UB 设备是否存在，部署完成后重试
urma_557,urma_get_device_by_name 执行获取 设备 失败导致当前资源状态无法推进,"关键日志：匹配 urma get device list failed, device_num；日志路径：URMA_LOG_PATH",urma_get_device_by_name 调用下层 provider、bond 组件或系统接口处理 设备 时返回失败，当前分支携带 ret/errno 等错误结果退出，导致该资源的创建、导入、修改、投递或清理状态无法继续推进。,执行 `lsmod | grep udma` 检查驱动是否加载，执行 `urma_admin show -a` 查看 UB 设备是否存在，部署完成后重试
urma_558,urma_get_device_by_name 校验 设备 业务条件不满足导致获取流程拒绝继续执行,关键日志：匹配 device list name: does not match dev_name；日志路径：URMA_LOG_PATH,urma_get_device_by_name 在执行获取时发现 设备 的传输模式、绑定关系、路由选择、数量限制或设备属性与当前操作要求不一致，因此直接返回错误，避免建立错误的资源关系或下发不被支持的请求。,执行 `lsmod | grep udma` 检查驱动是否加载，执行 `urma_admin show -a` 查看 UB 设备是否存在，部署完成后重试
urma_559,urma_get_device_by_eid 执行获取 设备 失败导致当前资源状态无法推进,关键日志：匹配 urma get device list failed!；日志路径：URMA_LOG_PATH,urma_get_device_by_eid 调用下层 provider、bond 组件或系统接口处理 设备 时返回失败，当前分支携带 ret/errno 等错误结果退出，导致该资源的创建、导入、修改、投递或清理状态无法继续推进。,无
urma_560,资源导入/注册失败,向下级匹配。,向下级匹配。,向下级匹配。
urma_561,import_pjetty_for_primary_eid 执行导入 context 失败导致当前资源状态无法推进,关键日志：匹配 Primary dev has NULL ctx；日志路径：URMA_LOG_PATH,import_pjetty_for_primary_eid 调用下层 provider、bond 组件或系统接口处理 context 时返回失败，当前分支携带 ret/errno 等错误结果退出，导致该资源的创建、导入、修改、投递或清理状态无法继续推进。,无
urma_562,import_pjetty_for_primary_eid 执行导入 设备 失败导致当前资源状态无法推进,关键日志：匹配 Primary dev has NULL rjetty eid；日志路径：URMA_LOG_PATH,import_pjetty_for_primary_eid 调用下层 provider、bond 组件或系统接口处理 设备 时返回失败，当前分支携带 ret/errno 等错误结果退出，导致该资源的创建、导入、修改、投递或清理状态无法继续推进。,无
urma_563,import_pjetty_for_primary_eid 执行导入 EID 失败导致当前资源状态无法推进,关键日志：匹配 Failed to import primary tjetty；日志路径：URMA_LOG_PATH,import_pjetty_for_primary_eid 调用下层 provider、bond 组件或系统接口处理 EID 时返回失败，当前分支携带 ret/errno 等错误结果退出，导致该资源的创建、导入、修改、投递或清理状态无法继续推进。,无
urma_564,import_pjetty_for_port_eid 执行导入 EID 失败导致当前资源状态无法推进,关键日志：匹配 Failed to import direct tjetty；日志路径：URMA_LOG_PATH,import_pjetty_for_port_eid 调用下层 provider、bond 组件或系统接口处理 EID 时返回失败，当前分支携带 ret/errno 等错误结果退出，导致该资源的创建、导入、修改、投递或清理状态无法继续推进。,无
urma_565,import_pjetty_for_port_eid 校验 EID 业务条件不满足导致导入流程拒绝继续执行,关键日志：匹配 No valid direct route；日志路径：URMA_LOG_PATH,import_pjetty_for_port_eid 在执行导入时发现 EID 的传输模式、绑定关系、路由选择、数量限制或设备属性与当前操作要求不一致，因此直接返回错误，避免建立错误的资源关系或下发不被支持的请求。,无
urma_566,bondp_import_jetty 执行导入 context 失败导致当前资源状态无法推进,关键日志：匹配 Failed to add remote jetty id info；日志路径：URMA_LOG_PATH,bondp_import_jetty 调用下层 provider、bond 组件或系统接口处理 context 时返回失败，当前分支携带 ret/errno 等错误结果退出，导致该资源的创建、导入、修改、投递或清理状态无法继续推进。,无
urma_567,bondp_unimport_jetty 校验 目标 Jetty 无效导致导入流程拒绝继续执行,关键日志：匹配 Invalid bdp tjetty；日志路径：URMA_LOG_PATH,bondp_unimport_jetty 在执行导入前发现调用方传入的 目标 Jetty 不满足当前操作要求，通常是对象为空、状态不匹配或与 provider 能力不一致，因此直接返回错误以避免继续访问非法资源。,无
urma_568,bondp_import_pjfr 校验 目标 Jetty 业务条件不满足导致导入流程拒绝继续执行,"关键日志：匹配 Currently, jfr does not support single-path mode；日志路径：URMA_LOG_PATH",bondp_import_pjfr 在执行导入时发现 目标 Jetty 的传输模式、绑定关系、路由选择、数量限制或设备属性与当前操作要求不一致，因此直接返回错误，避免建立错误的资源关系或下发不被支持的请求。,无
urma_569,bondp_unimport_jfr 校验 目标 Jetty 无效导致导入流程拒绝继续执行,关键日志：匹配 Invalid bdp tjetty；日志路径：URMA_LOG_PATH,bondp_unimport_jfr 在执行导入前发现调用方传入的 目标 Jetty 不满足当前操作要求，通常是对象为空、状态不匹配或与 provider 能力不一致，因此直接返回错误以避免继续访问非法资源。,无
urma_570,bondp_v_segment_register 装载或匹配 provider 失败导致设备驱动能力不可用,"关键日志：匹配 `Fail to register seg, ret:`；日志路径：URMA_LOG_PATH",bondp_v_segment_register 在初始化或注册设备时未能打开 provider 动态库、获取动态库路径、匹配驱动名称或完成 provider 注册，导致 URMA 用户态无法绑定对应设备的 provider 操作集。,无
urma_571,bdp_r_v2p_token_id_del_idx_lockless 执行处理 token_id 失败导致当前资源状态无法推进,"关键日志：匹配 `Failed to find node, index:`；日志路径：URMA_LOG_PATH",bdp_r_v2p_token_id_del_idx_lockless 调用下层 provider、bond 组件或系统接口处理 token_id 时返回失败，当前分支携带 ret/errno 等错误结果退出，导致该资源的创建、导入、修改、投递或清理状态无法继续推进。,无
urma_572,bondp_unregister_seg 装载或匹配 provider 失败导致设备驱动能力不可用,关键日志：匹配 bondp_hash_table_lookup fail；日志路径：URMA_LOG_PATH,bondp_unregister_seg 在初始化或注册设备时未能打开 provider 动态库、获取动态库路径、匹配驱动名称或完成 provider 注册，导致 URMA 用户态无法绑定对应设备的 provider 操作集。,无
urma_573,bondp_unregister_seg 装载或匹配 provider 失败导致设备驱动能力不可用,"关键日志：依次匹配 `Failed to delete vseg, token_id:`、`, handle:`；日志路径：URMA_LOG_PATH",bondp_unregister_seg 在初始化或注册设备时未能打开 provider 动态库、获取动态库路径、匹配驱动名称或完成 provider 注册，导致 URMA 用户态无法绑定对应设备的 provider 操作集。,无
urma_574,bondp_unregister_seg 装载或匹配 provider 失败导致设备驱动能力不可用,"关键日志：依次匹配 `Failed to delete pseg for vseg, token_id:`、`, handle:`；日志路径：URMA_LOG_PATH",bondp_unregister_seg 在初始化或注册设备时未能打开 provider 动态库、获取动态库路径、匹配驱动名称或完成 provider 注册，导致 URMA 用户态无法绑定对应设备的 provider 操作集。,无
urma_575,import_pseg 装载或匹配 provider 失败导致设备驱动能力不可用,关键日志：匹配 `Failed to import seg (`；日志路径：URMA_LOG_PATH,import_pseg 在初始化或注册设备时未能打开 provider 动态库、获取动态库路径、匹配驱动名称或完成 provider 注册，导致 URMA 用户态无法绑定对应设备的 provider 操作集。,无
urma_576,import_pseg_for_port_eid 校验 EID 业务条件不满足导致导入流程拒绝继续执行,关键日志：匹配 No valid direct route；日志路径：URMA_LOG_PATH,import_pseg_for_port_eid 在执行导入时发现 EID 的传输模式、绑定关系、路由选择、数量限制或设备属性与当前操作要求不一致，因此直接返回错误，避免建立错误的资源关系或下发不被支持的请求。,无
urma_577,bondp_import_seg 装载或匹配 provider 失败导致设备驱动能力不可用,"关键日志：匹配 `Failed to lookup v2p_token_id, ret:`；日志路径：URMA_LOG_PATH",bondp_import_seg 在初始化或注册设备时未能打开 provider 动态库、获取动态库路径、匹配驱动名称或完成 provider 注册，导致 URMA 用户态无法绑定对应设备的 provider 操作集。,无
urma_578,bondp_import_seg 装载或匹配 provider 失败导致设备驱动能力不可用,关键日志：匹配 Failed to import vseg；日志路径：URMA_LOG_PATH,bondp_import_seg 在初始化或注册设备时未能打开 provider 动态库、获取动态库路径、匹配驱动名称或完成 provider 注册，导致 URMA 用户态无法绑定对应设备的 provider 操作集。,无
urma_579,bondp_import_seg 装载或匹配 provider 失败导致设备驱动能力不可用,关键日志：匹配 Failed to import pseg；日志路径：URMA_LOG_PATH,bondp_import_seg 在初始化或注册设备时未能打开 provider 动态库、获取动态库路径、匹配驱动名称或完成 provider 注册，导致 URMA 用户态无法绑定对应设备的 provider 操作集。,无
urma_580,urma_cmd_free_token_id 校验 context 无效导致释放流程拒绝继续执行,关键日志：匹配 Invalid parameter；日志路径：URMA_LOG_PATH,urma_cmd_free_token_id 在执行释放前发现调用方传入的 context 不满足当前操作要求，通常是对象为空、状态不匹配或与 provider 能力不一致，因此直接返回错误以避免继续访问非法资源。,无
urma_581,urma_cmd_free_token_id URMA 控制面命令 ioctl 下发内核驱动失败导致用户态操作中断,"关键日志：依次匹配 `ioctl failed, ret:`、`, errno:`；日志路径：URMA_LOG_PATH",urma_cmd_free_token_id 通过 fd 向内核驱动下发URMA 控制面命令请求时，ioctl 返回失败，说明内核驱动没有完成对应控制面动作，用户态无法取得或更新 token_id 状态。,无
urma_582,urma_cmd_register_seg 校验 context 无效导致注册流程拒绝继续执行,关键日志：匹配 Invalid parameter；日志路径：URMA_LOG_PATH,urma_cmd_register_seg 在执行注册前发现调用方传入的 context 不满足当前操作要求，通常是对象为空、状态不匹配或与 provider 能力不一致，因此直接返回错误以避免继续访问非法资源。,无
urma_583,urma_cmd_register_seg URMA 控制面命令 ioctl 下发内核驱动失败导致用户态操作中断,"关键日志：依次匹配 `ioctl failed in urma_cmd_register_seg, ret:`、`, errno:`；日志路径：URMA_LOG_PATH",urma_cmd_register_seg 通过 fd 向内核驱动下发URMA 控制面命令请求时，ioctl 返回失败，说明内核驱动没有完成对应控制面动作，用户态无法取得或更新 segment 状态。,无
urma_584,urma_cmd_unregister_seg 校验 context 无效导致注册流程拒绝继续执行,关键日志：匹配 Invalid parameter；日志路径：URMA_LOG_PATH,urma_cmd_unregister_seg 在执行注册前发现调用方传入的 context 不满足当前操作要求，通常是对象为空、状态不匹配或与 provider 能力不一致，因此直接返回错误以避免继续访问非法资源。,无
urma_585,urma_cmd_unregister_seg URMA 控制面命令 ioctl 下发内核驱动失败导致用户态操作中断,"关键日志：依次匹配 `ioctl failed, ret:`、`, errno:`；日志路径：URMA_LOG_PATH",urma_cmd_unregister_seg 通过 fd 向内核驱动下发URMA 控制面命令请求时，ioctl 返回失败，说明内核驱动没有完成对应控制面动作，用户态无法取得或更新 segment 状态。,无
urma_586,urma_cmd_import_seg 校验 context 无效导致导入流程拒绝继续执行,关键日志：匹配 Invalid parameter；日志路径：URMA_LOG_PATH,urma_cmd_import_seg 在执行导入前发现调用方传入的 context 不满足当前操作要求，通常是对象为空、状态不匹配或与 provider 能力不一致，因此直接返回错误以避免继续访问非法资源。,无
urma_587,urma_cmd_unimport_seg 校验 context 无效导致导入流程拒绝继续执行,关键日志：匹配 Invalid parameter；日志路径：URMA_LOG_PATH,urma_cmd_unimport_seg 在执行导入前发现调用方传入的 context 不满足当前操作要求，通常是对象为空、状态不匹配或与 provider 能力不一致，因此直接返回错误以避免继续访问非法资源。,无
urma_588,urma_cmd_unimport_jfr 校验 JFR 无效导致导入流程拒绝继续执行,关键日志：匹配 Invalid parameter；日志路径：URMA_LOG_PATH,urma_cmd_unimport_jfr 在执行导入前发现调用方传入的 JFR 不满足当前操作要求，通常是对象为空、状态不匹配或与 provider 能力不一致，因此直接返回错误以避免继续访问非法资源。,无
urma_589,urma_cmd_unimport_jetty 校验 目标 Jetty 无效导致导入流程拒绝继续执行,关键日志：匹配 Invalid parameter；日志路径：URMA_LOG_PATH,urma_cmd_unimport_jetty 在执行导入前发现调用方传入的 目标 Jetty 不满足当前操作要求，通常是对象为空、状态不匹配或与 provider 能力不一致，因此直接返回错误以避免继续访问非法资源。,无
urma_590,urma_cmd_unimport_jetty_async 校验 目标 Jetty 无效导致导入流程拒绝继续执行,关键日志：匹配 Invalid parameter；日志路径：URMA_LOG_PATH,urma_cmd_unimport_jetty_async 在执行导入前发现调用方传入的 目标 Jetty 不满足当前操作要求，通常是对象为空、状态不匹配或与 provider 能力不一致，因此直接返回错误以避免继续访问非法资源。,无
urma_591,urma_import_jfr 读取或解析 sysfs 设备/EID/端口信息失败导致设备信息不可用,关键日志：匹配 Token value must be set when token policy is not URMA_TOKEN_NONE；日志路径：URMA_LOG_PATH,urma_import_jfr 依赖 sysfs 中的设备、EID、端口、能力或 cdev 路径信息枚举 URMA 设备并构建设备属性，但文件打开、读取、格式化路径或内容解析失败，导致设备、端口或 EID 信息无法被用户态正确使用。,UDMA 错误定界；建链交换信息失败，可重试
urma_592,urma_import_jfr_ex 校验 context 无效导致导入流程拒绝继续执行,关键日志：匹配 Invalid parameter；日志路径：URMA_LOG_PATH,urma_import_jfr_ex 在执行导入前发现调用方传入的 context 不满足当前操作要求，通常是对象为空、状态不匹配或与 provider 能力不一致，因此直接返回错误以避免继续访问非法资源。,无
urma_593,urma_import_jfr_ex 校验 context 无效导致导入流程拒绝继续执行,关键日志：匹配 Invalid parameter；日志路径：URMA_LOG_PATH,urma_import_jfr_ex 在执行导入前发现调用方传入的 context 不满足当前操作要求，通常是对象为空、状态不匹配或与 provider 能力不一致，因此直接返回错误以避免继续访问非法资源。,无
urma_594,urma_unimport_jfr 校验 JFR 无效导致导入流程拒绝继续执行,关键日志：匹配 Invalid parameter；日志路径：URMA_LOG_PATH,urma_unimport_jfr 在执行导入前发现调用方传入的 JFR 不满足当前操作要求，通常是对象为空、状态不匹配或与 provider 能力不一致，因此直接返回错误以避免继续访问非法资源。,无
urma_595,urma_import_jetty 读取或解析 sysfs 设备/EID/端口信息失败导致设备信息不可用,关键日志：匹配 Token value must be set when token policy is not URMA_TOKEN_NONE；日志路径：URMA_LOG_PATH,urma_import_jetty 依赖 sysfs 中的设备、EID、端口、能力或 cdev 路径信息枚举 URMA 设备并构建设备属性，但文件打开、读取、格式化路径或内容解析失败，导致设备、端口或 EID 信息无法被用户态正确使用。,无
urma_596,urma_import_jetty_ex 校验 context 无效导致导入流程拒绝继续执行,关键日志：匹配 Invalid parameter；日志路径：URMA_LOG_PATH,urma_import_jetty_ex 在执行导入前发现调用方传入的 context 不满足当前操作要求，通常是对象为空、状态不匹配或与 provider 能力不一致，因此直接返回错误以避免继续访问非法资源。,无
urma_597,urma_import_jetty_ex 校验 context 无效导致导入流程拒绝继续执行,关键日志：匹配 Invalid parameter；日志路径：URMA_LOG_PATH,urma_import_jetty_ex 在执行导入前发现调用方传入的 context 不满足当前操作要求，通常是对象为空、状态不匹配或与 provider 能力不一致，因此直接返回错误以避免继续访问非法资源。,无
urma_598,urma_unimport_jetty 校验 目标 Jetty 无效导致导入流程拒绝继续执行,关键日志：匹配 Invalid parameter；日志路径：URMA_LOG_PATH,urma_unimport_jetty 在执行导入前发现调用方传入的 目标 Jetty 不满足当前操作要求，通常是对象为空、状态不匹配或与 provider 能力不一致，因此直接返回错误以避免继续访问非法资源。,无
urma_599,urma_unimport_jetty 校验 context 无效导致导入流程拒绝继续执行,关键日志：匹配 Invalid parameter；日志路径：URMA_LOG_PATH,urma_unimport_jetty 在执行导入前发现调用方传入的 context 不满足当前操作要求，通常是对象为空、状态不匹配或与 provider 能力不一致，因此直接返回错误以避免继续访问非法资源。,无
urma_600,urma_unimport_jetty_async 校验 目标 Jetty 无效导致导入流程拒绝继续执行,关键日志：匹配 Invalid parameter；日志路径：URMA_LOG_PATH,urma_unimport_jetty_async 在执行导入前发现调用方传入的 目标 Jetty 不满足当前操作要求，通常是对象为空、状态不匹配或与 provider 能力不一致，因此直接返回错误以避免继续访问非法资源。,无
urma_601,urma_unimport_jetty_async 校验 context 无效导致导入流程拒绝继续执行,关键日志：匹配 Invalid parameter；日志路径：URMA_LOG_PATH,urma_unimport_jetty_async 在执行导入前发现调用方传入的 context 不满足当前操作要求，通常是对象为空、状态不匹配或与 provider 能力不一致，因此直接返回错误以避免继续访问非法资源。,无
urma_602,urma_unimport_jetty_async 执行导入 Jetty 失败导致当前资源状态无法推进,关键日志：匹配 Failed to unimport jetty；日志路径：URMA_LOG_PATH,urma_unimport_jetty_async 调用下层 provider、bond 组件或系统接口处理 Jetty 时返回失败，当前分支携带 ret/errno 等错误结果退出，导致该资源的创建、导入、修改、投递或清理状态无法继续推进。,无
urma_603,urma_import_seg 校验 context 无效导致导入流程拒绝继续执行,关键日志：匹配 Invalid parameter；日志路径：URMA_LOG_PATH,urma_import_seg 在执行导入前发现调用方传入的 context 不满足当前操作要求，通常是对象为空、状态不匹配或与 provider 能力不一致，因此直接返回错误以避免继续访问非法资源。,无
urma_604,urma_import_seg 执行导入 segment 失败导致当前资源状态无法推进,关键日志：匹配 Token value must be set when token policy is not URMA_TOKEN_NONE；日志路径：URMA_LOG_PATH,urma_import_seg 调用下层 provider、bond 组件或系统接口处理 segment 时返回失败，当前分支携带 ret/errno 等错误结果退出，导致该资源的创建、导入、修改、投递或清理状态无法继续推进。,无
urma_605,urma_import_seg 校验 context 无效导致导入流程拒绝继续执行,关键日志：匹配 Invalid parameter；日志路径：URMA_LOG_PATH,urma_import_seg 在执行导入前发现调用方传入的 context 不满足当前操作要求，通常是对象为空、状态不匹配或与 provider 能力不一致，因此直接返回错误以避免继续访问非法资源。,无
urma_606,urma_import_seg 执行导入 设备 失败导致当前资源状态无法推进,"关键日志：依次匹配 `[DRV_ERR]Failed to import seg, dev_name:`、`, eid_idx:`；日志路径：URMA_LOG_PATH",urma_import_seg 调用下层 provider、bond 组件或系统接口处理 设备 时返回失败，当前分支携带 ret/errno 等错误结果退出，导致该资源的创建、导入、修改、投递或清理状态无法继续推进。,无
urma_607,urma_unimport_seg 校验 目标 segment 无效导致导入流程拒绝继续执行,关键日志：匹配 Invalid parameter；日志路径：URMA_LOG_PATH,urma_unimport_seg 在执行导入前发现调用方传入的 目标 segment 不满足当前操作要求，通常是对象为空、状态不匹配或与 provider 能力不一致，因此直接返回错误以避免继续访问非法资源。,无
urma_608,urma_free_token_id 执行释放 token_id 失败导致当前资源状态无法推进,"关键日志：依次匹配 `ref:`、`, not zero`；日志路径：URMA_LOG_PATH",urma_free_token_id 调用下层 provider、bond 组件或系统接口处理 token_id 时返回失败，当前分支携带 ret/errno 等错误结果退出，导致该资源的创建、导入、修改、投递或清理状态无法继续推进。,无
urma_609,urma_free_token_id 校验 context 无效导致释放流程拒绝继续执行,关键日志：匹配 Invalid parameter；日志路径：URMA_LOG_PATH,urma_free_token_id 在执行释放前发现调用方传入的 context 不满足当前操作要求，通常是对象为空、状态不匹配或与 provider 能力不一致，因此直接返回错误以避免继续访问非法资源。,无
urma_610,urma_free_token_id 执行释放 设备 失败导致当前资源状态无法推进,"关键日志：依次匹配 `[DRV_ERR]Failed to free token_id, dev_name:`、`, eid_idx:`、`, tid:`、`, ret:`；日志路径：URMA_LOG_PATH",urma_free_token_id 调用下层 provider、bond 组件或系统接口处理 设备 时返回失败，当前分支携带 ret/errno 等错误结果退出，导致该资源的创建、导入、修改、投递或清理状态无法继续推进。,无
urma_611,urma_unregister_seg 校验 context 无效导致注册流程拒绝继续执行,关键日志：匹配 Invalid parameter；日志路径：URMA_LOG_PATH,urma_unregister_seg 在执行注册前发现调用方传入的 context 不满足当前操作要求，通常是对象为空、状态不匹配或与 provider 能力不一致，因此直接返回错误以避免继续访问非法资源。,无
urma_612,urma_unregister_seg 校验 context 无效导致注册流程拒绝继续执行,关键日志：匹配 Invalid parameter；日志路径：URMA_LOG_PATH,urma_unregister_seg 在执行注册前发现调用方传入的 context 不满足当前操作要求，通常是对象为空、状态不匹配或与 provider 能力不一致，因此直接返回错误以避免继续访问非法资源。,无
urma_613,urma_unregister_seg 执行注册 设备 失败导致当前资源状态无法推进,"关键日志：依次匹配 `[DRV_ERR]Unregister seg fail, dev_name:`、`, eid_idx:`、`, tid:`、`, ret:`；日志路径：URMA_LOG_PATH",urma_unregister_seg 调用下层 provider、bond 组件或系统接口处理 设备 时返回失败，当前分支携带 ret/errno 等错误结果退出，导致该资源的创建、导入、修改、投递或清理状态无法继续推进。,无
urma_614,urma_register_sysfs_dev 装载或匹配 provider 失败导致设备驱动能力不可用,关键日志：匹配 Register device failed. Failed to match driver for device；日志路径：URMA_LOG_PATH,urma_register_sysfs_dev 在初始化或注册设备时未能打开 provider 动态库、获取动态库路径、匹配驱动名称或完成 provider 注册，导致 URMA 用户态无法绑定对应设备的 provider 操作集。,无
urma_615,数据收发失败,向下级匹配。,向下级匹配。,向下级匹配。
urma_616,bondp_rearm_jfc 校验 JFC 无效导致重挂流程拒绝继续执行,关键日志：匹配 Invalid param；日志路径：URMA_LOG_PATH,bondp_rearm_jfc 在执行重挂前发现调用方传入的 JFC 不满足当前操作要求，通常是对象为空、状态不匹配或与 provider 能力不一致，因此直接返回错误以避免继续访问非法资源。,无
urma_617,bondp_rearm_jfc 执行重挂 JFCE 失败导致当前资源状态无法推进,关键日志：匹配 Failed to rearm jfc: JFCE is NULL；日志路径：URMA_LOG_PATH,bondp_rearm_jfc 调用下层 provider、bond 组件或系统接口处理 JFCE 时返回失败，当前分支携带 ret/errno 等错误结果退出，导致该资源的创建、导入、修改、投递或清理状态无法继续推进。,无
urma_618,bondp_wait_jfc 校验 JFCE 无效导致等待流程拒绝继续执行,关键日志：匹配 Invalid param；日志路径：URMA_LOG_PATH,bondp_wait_jfc 在执行等待前发现调用方传入的 JFCE 不满足当前操作要求，通常是对象为空、状态不匹配或与 provider 能力不一致，因此直接返回错误以避免继续访问非法资源。,无
urma_619,bondp_wait_jfc 管理 epoll fd 失败导致 JFCE 事件聚合不可用,关键日志：匹配 v_jfce_table is NULL；日志路径：URMA_LOG_PATH,bondp_wait_jfc 在 bond 模式下需要把物理 JFCE fd 加入或移出虚拟 JFCE 的 epoll 集合，但 epoll 系统调用失败，完成事件无法被统一监听和分发。,无
urma_620,bondp_wait_jfc 装载或匹配 provider 失败导致设备驱动能力不可用,"关键日志：匹配 `Epoll wait err, ret:`；日志路径：URMA_LOG_PATH",bondp_wait_jfc 在初始化或注册设备时未能打开 provider 动态库、获取动态库路径、匹配驱动名称或完成 provider 注册，导致 URMA 用户态无法绑定对应设备的 provider 操作集。,无
urma_621,bondp_get_async_event 校验 context 无效导致获取流程拒绝继续执行,关键日志：匹配 Invalid parameter；日志路径：URMA_LOG_PATH,bondp_get_async_event 在执行获取前发现调用方传入的 context 不满足当前操作要求，通常是对象为空、状态不匹配或与 provider 能力不一致，因此直接返回错误以避免继续访问非法资源。,无
urma_622,bondp_get_async_event 管理 epoll fd 失败导致 JFCE 事件聚合不可用,关键日志：匹配 epoll_wait no event or err；日志路径：URMA_LOG_PATH,bondp_get_async_event 在 bond 模式下需要把物理 JFCE fd 加入或移出虚拟 JFCE 的 epoll 集合，但 epoll 系统调用失败，完成事件无法被统一监听和分发。,无
urma_623,bondp_get_async_event 管理 epoll fd 失败导致 JFCE 事件聚合不可用,关键日志：匹配 bondp get error epoll_event: 0x；日志路径：URMA_LOG_PATH,bondp_get_async_event 在 bond 模式下需要把物理 JFCE fd 加入或移出虚拟 JFCE 的 epoll 集合，但 epoll 系统调用失败，完成事件无法被统一监听和分发。,无
urma_624,bondp_get_async_event 校验 Jetty 无效导致获取流程拒绝继续执行,关键日志：匹配 failed to get invalid jetty；日志路径：URMA_LOG_PATH,bondp_get_async_event 在执行获取前发现调用方传入的 Jetty 不满足当前操作要求，通常是对象为空、状态不匹配或与 provider 能力不一致，因此直接返回错误以避免继续访问非法资源。,无
urma_625,bondp_ack_async_event 校验 异步事件 无效导致确认流程拒绝继续执行,关键日志：匹配 Invalid parameter；日志路径：URMA_LOG_PATH,bondp_ack_async_event 在执行确认前发现调用方传入的 异步事件 不满足当前操作要求，通常是对象为空、状态不匹配或与 provider 能力不一致，因此直接返回错误以避免继续访问非法资源。,无
urma_626,comp_post_send 校验 context 无效导致投递流程拒绝继续执行,关键日志：匹配 Invalid post jfs wr type；日志路径：URMA_LOG_PATH,comp_post_send 在执行投递前发现调用方传入的 context 不满足当前操作要求，通常是对象为空、状态不匹配或与 provider 能力不一致，因此直接返回错误以避免继续访问非法资源。,无
urma_627,comp_post_recv 校验 context 无效导致投递流程拒绝继续执行,关键日志：匹配 Invalid post jfr wr type；日志路径：URMA_LOG_PATH,comp_post_recv 在执行投递前发现调用方传入的 context 不满足当前操作要求，通常是对象为空、状态不匹配或与 provider 能力不一致，因此直接返回错误以避免继续访问非法资源。,无
urma_628,schedule_next_route_in_matrix_server_singlepath 校验 context 业务条件不满足导致调度流程拒绝继续执行,关键日志：匹配 Invalid single path port. Single path mode only support RC and need to call bind_jetty；日志路径：URMA_LOG_PATH,schedule_next_route_in_matrix_server_singlepath 在执行调度时发现 context 的传输模式、绑定关系、路由选择、数量限制或设备属性与当前操作要求不一致，因此直接返回错误，避免建立错误的资源关系或下发不被支持的请求。,无
urma_629,schedule_send 校验 目标 Jetty 无效导致发送流程拒绝继续执行,关键日志：匹配 Invalid wr->tjetty: NULL；日志路径：URMA_LOG_PATH,schedule_send 在执行发送前发现调用方传入的 目标 Jetty 不满足当前操作要求，通常是对象为空、状态不匹配或与 provider 能力不一致，因此直接返回错误以避免继续访问非法资源。,无
urma_630,set_send_wr_ptseg_ptjetty 执行设置 目标 Jetty 失败导致当前资源状态无法推进,关键日志：匹配 tjetty in WR is NULL；日志路径：URMA_LOG_PATH,set_send_wr_ptseg_ptjetty 调用下层 provider、bond 组件或系统接口处理 目标 Jetty 时返回失败，当前分支携带 ret/errno 等错误结果退出，导致该资源的创建、导入、修改、投递或清理状态无法继续推进。,无
urma_631,set_send_wr_ptseg_ptjetty 校验 目标 Jetty 无效导致设置流程拒绝继续执行,"关键日志：匹配 Invalid vtjetty, the structure may be self-consturcted；日志路径：URMA_LOG_PATH",set_send_wr_ptseg_ptjetty 在执行设置前发现调用方传入的 目标 Jetty 不满足当前操作要求，通常是对象为空、状态不匹配或与 provider 能力不一致，因此直接返回错误以避免继续访问非法资源。,无
urma_632,set_send_wr_ptseg_ptjetty 装载或匹配 provider 失败导致设备驱动能力不可用,"关键日志：匹配 Failed to set ptseg, vtseg is NULL；日志路径：URMA_LOG_PATH",set_send_wr_ptseg_ptjetty 在初始化或注册设备时未能打开 provider 动态库、获取动态库路径、匹配驱动名称或完成 provider 注册，导致 URMA 用户态无法绑定对应设备的 provider 操作集。,无
urma_633,update_send_wr_before_post 执行投递 目标 Jetty 失败导致当前资源状态无法推进,关键日志：匹配 Failed to set_jfs_wr_ptseg_ptjetty；日志路径：URMA_LOG_PATH,update_send_wr_before_post 调用下层 provider、bond 组件或系统接口处理 目标 Jetty 时返回失败，当前分支携带 ret/errno 等错误结果退出，导致该资源的创建、导入、修改、投递或清理状态无法继续推进。,无
urma_634,update_send_wr_before_post 执行投递 JFS 失败导致当前资源状态无法推进,关键日志：匹配 Failed to encode_jfs_wr_reliable_info；日志路径：URMA_LOG_PATH,update_send_wr_before_post 调用下层 provider、bond 组件或系统接口处理 JFS 时返回失败，当前分支携带 ret/errno 等错误结果退出，导致该资源的创建、导入、修改、投递或清理状态无法继续推进。,无
urma_635,post_send_check_jfs_wr_valid 读取或解析 sysfs 设备/EID/端口信息失败导致设备信息不可用,"关键日志：匹配 when set write_wr, either of src/dst num_sge/sge has been set zero or NULL；日志路径：URMA_LOG_PATH",post_send_check_jfs_wr_valid 依赖 sysfs 中的设备、EID、端口、能力或 cdev 路径信息枚举 URMA 设备并构建设备属性，但文件打开、读取、格式化路径或内容解析失败，导致设备、端口或 EID 信息无法被用户态正确使用。,无
urma_636,post_send_check_jfs_wr_valid 读取或解析 sysfs 设备/EID/端口信息失败导致设备信息不可用,"关键日志：匹配 when set cas_wr, either src or dst is NULL；日志路径：URMA_LOG_PATH",post_send_check_jfs_wr_valid 依赖 sysfs 中的设备、EID、端口、能力或 cdev 路径信息枚举 URMA 设备并构建设备属性，但文件打开、读取、格式化路径或内容解析失败，导致设备、端口或 EID 信息无法被用户态正确使用。,无
urma_637,post_send_check_jfs_wr_valid 执行投递 JFS 失败导致当前资源状态无法推进,"关键日志：匹配 when set faa_wr, either src or dst is NULL；日志路径：URMA_LOG_PATH",post_send_check_jfs_wr_valid 调用下层 provider、bond 组件或系统接口处理 JFS 时返回失败，当前分支携带 ret/errno 等错误结果退出，导致该资源的创建、导入、修改、投递或清理状态无法继续推进。,无
urma_638,post_send_check_valid 校验 URMA 对象 无效导致投递流程拒绝继续执行,关键日志：匹配 Invalid bdp_send_comp；日志路径：URMA_LOG_PATH,post_send_check_valid 在执行投递前发现调用方传入的 URMA 对象 不满足当前操作要求，通常是对象为空、状态不匹配或与 provider 能力不一致，因此直接返回错误以避免继续访问非法资源。,无
urma_639,post_send_check_valid 校验 Jetty 无效导致投递流程拒绝继续执行,关键日志：匹配 Try to call post_send api by invalid comp_type；日志路径：URMA_LOG_PATH,post_send_check_valid 在执行投递前发现调用方传入的 Jetty 不满足当前操作要求，通常是对象为空、状态不匹配或与 provider 能力不一致，因此直接返回错误以避免继续访问非法资源。,无
urma_640,post_send_check_valid 校验 目标 Jetty 无效导致投递流程拒绝继续执行,关键日志：匹配 Invalid bdp_target_jetty；日志路径：URMA_LOG_PATH,post_send_check_valid 在执行投递前发现调用方传入的 目标 Jetty 不满足当前操作要求，通常是对象为空、状态不匹配或与 provider 能力不一致，因此直接返回错误以避免继续访问非法资源。,无
urma_641,post_send_check_valid 校验 context 业务条件不满足导致投递流程拒绝继续执行,关键日志：匹配 Data cannot be transferred between jettys in different matrix server mode；日志路径：URMA_LOG_PATH,post_send_check_valid 在执行投递时发现 context 的传输模式、绑定关系、路由选择、数量限制或设备属性与当前操作要求不一致，因此直接返回错误，避免建立错误的资源关系或下发不被支持的请求。,无
urma_642,post_send_check_valid 校验 目标 Jetty 业务条件不满足导致投递流程拒绝继续执行,关键日志：匹配 Data cannot be transferred between jettys in different multipath mode；日志路径：URMA_LOG_PATH,post_send_check_valid 在执行投递时发现 目标 Jetty 的传输模式、绑定关系、路由选择、数量限制或设备属性与当前操作要求不一致，因此直接返回错误，避免建立错误的资源关系或下发不被支持的请求。,无
urma_643,post_send_check_valid 执行投递 context 失败导致当前资源状态无法推进,关键日志：匹配 No bjetty_ctx；日志路径：URMA_LOG_PATH,post_send_check_valid 调用下层 provider、bond 组件或系统接口处理 context 时返回失败，当前分支携带 ret/errno 等错误结果退出，导致该资源的创建、导入、修改、投递或清理状态无法继续推进。,无
urma_644,post_send_check_valid 校验 context 无效导致投递流程拒绝继续执行,关键日志：匹配 All bonding devs are invalid；日志路径：URMA_LOG_PATH,post_send_check_valid 在执行投递前发现调用方传入的 context 不满足当前操作要求，通常是对象为空、状态不匹配或与 provider 能力不一致，因此直接返回错误以避免继续访问非法资源。,无
urma_645,get_v_conn_on_send 装载或匹配 provider 失败导致设备驱动能力不可用,关键日志：匹配 `Failed to create vconn for (`；日志路径：URMA_LOG_PATH,get_v_conn_on_send 在初始化或注册设备时未能打开 provider 动态库、获取动态库路径、匹配驱动名称或完成 provider 注册，导致 URMA 用户态无法绑定对应设备的 provider 操作集。,无
urma_646,bondp_post_send_wr_no_store 执行投递 目标 Jetty 失败导致当前资源状态无法推进,关键日志：匹配 WR->tjetty is NULL；日志路径：URMA_LOG_PATH,bondp_post_send_wr_no_store 调用下层 provider、bond 组件或系统接口处理 目标 Jetty 时返回失败，当前分支携带 ret/errno 等错误结果退出，导致该资源的创建、导入、修改、投递或清理状态无法继续推进。,无
urma_647,bondp_post_send_wr_no_store 执行投递 WR 失败导致当前资源状态无法推进,关键日志：匹配 Bondp supports at most wr_list；日志路径：URMA_LOG_PATH,bondp_post_send_wr_no_store 调用下层 provider、bond 组件或系统接口处理 WR 时返回失败，当前分支携带 ret/errno 等错误结果退出，导致该资源的创建、导入、修改、投递或清理状态无法继续推进。,无
urma_648,schedule_next_recv_port_matrix_singlepath 校验 context 无效导致接收流程拒绝继续执行,关键日志：匹配 Invalid single path port in recv.It is likely because `urma_post_jetty_recv` was called before `urma_bind_jetty`；日志路径：URMA_LOG_PATH,schedule_next_recv_port_matrix_singlepath 在执行接收前发现调用方传入的 context 不满足当前操作要求，通常是对象为空、状态不匹配或与 provider 能力不一致，因此直接返回错误以避免继续访问非法资源。,无
urma_649,post_recv_check_valid 校验 URMA 对象 无效导致投递流程拒绝继续执行,关键日志：匹配 Invalid bdp_comp；日志路径：URMA_LOG_PATH,post_recv_check_valid 在执行投递前发现调用方传入的 URMA 对象 不满足当前操作要求，通常是对象为空、状态不匹配或与 provider 能力不一致，因此直接返回错误以避免继续访问非法资源。,无
urma_650,post_recv_check_valid 执行投递 context 失败导致当前资源状态无法推进,关键日志：匹配 bjetty_ctx is NULL；日志路径：URMA_LOG_PATH,post_recv_check_valid 调用下层 provider、bond 组件或系统接口处理 context 时返回失败，当前分支携带 ret/errno 等错误结果退出，导致该资源的创建、导入、修改、投递或清理状态无法继续推进。,无
urma_651,post_recv_check_valid 校验 Jetty 无效导致投递流程拒绝继续执行,关键日志：匹配 Invalid bdp_recv_comp type；日志路径：URMA_LOG_PATH,post_recv_check_valid 在执行投递前发现调用方传入的 Jetty 不满足当前操作要求，通常是对象为空、状态不匹配或与 provider 能力不一致，因此直接返回错误以避免继续访问非法资源。,无
urma_652,send_so_from_snd_queue 执行发送 Jetty 失败导致当前资源状态无法推进,关键日志：匹配 v_conn has NULL target_vjetty in sending SO；日志路径：URMA_LOG_PATH,send_so_from_snd_queue 调用下层 provider、bond 组件或系统接口处理 Jetty 时返回失败，当前分支携带 ret/errno 等错误结果退出，导致该资源的创建、导入、修改、投递或清理状态无法继续推进。,无
urma_653,resend_wr_from_node 执行发送 WR 失败导致当前资源状态无法推进,关键日志：匹配 Unsupported send opcode；日志路径：URMA_LOG_PATH,resend_wr_from_node 调用下层 provider、bond 组件或系统接口处理 WR 时返回失败，当前分支携带 ret/errno 等错误结果退出，导致该资源的创建、导入、修改、投递或清理状态无法继续推进。,无
urma_654,resend_wr_from_node 执行发送 目标 Jetty 失败导致当前资源状态无法推进,关键日志：匹配 Failed to set ptseg_ptjetty；日志路径：URMA_LOG_PATH,resend_wr_from_node 调用下层 provider、bond 组件或系统接口处理 目标 Jetty 时返回失败，当前分支携带 ret/errno 等错误结果退出，导致该资源的创建、导入、修改、投递或清理状态无法继续推进。,无
urma_655,handle_send 校验 context 无效导致发送流程拒绝继续执行,关键日志：匹配 Invalid bdp_comp type；日志路径：URMA_LOG_PATH,handle_send 在执行发送前发现调用方传入的 context 不满足当前操作要求，通常是对象为空、状态不匹配或与 provider 能力不一致，因此直接返回错误以避免继续访问非法资源。,无
urma_656,handle_recv 校验 context 无效导致接收流程拒绝继续执行,关键日志：匹配 Invalid bdp_comp type；日志路径：URMA_LOG_PATH,handle_recv 在执行接收前发现调用方传入的 context 不满足当前操作要求，通常是对象为空、状态不匹配或与 provider 能力不一致，因此直接返回错误以避免继续访问非法资源。,无
urma_657,handle_recv 读取或解析 sysfs 设备/EID/端口信息失败导致设备信息不可用,关键日志：匹配 Failed to get target jetty id；日志路径：URMA_LOG_PATH,handle_recv 依赖 sysfs 中的设备、EID、端口、能力或 cdev 路径信息枚举 URMA 设备并构建设备属性，但文件打开、读取、格式化路径或内容解析失败，导致设备、端口或 EID 信息无法被用户态正确使用。,无
urma_658,handle_recv 读取或解析 sysfs 设备/EID/端口信息失败导致设备信息不可用,关键日志：匹配 `Failed to create vconn for (`；日志路径：URMA_LOG_PATH,handle_recv 依赖 sysfs 中的设备、EID、端口、能力或 cdev 路径信息枚举 URMA 设备并构建设备属性，但文件打开、读取、格式化路径或内容解析失败，导致设备、端口或 EID 信息无法被用户态正确使用。,无
urma_659,wait_async_event_ack 处理 context 异常导致当前 URMA 操作失败,"关键日志：依次匹配 `There is an event and it must be acked, acked:`、`, reported:`；日志路径：URMA_LOG_PATH",wait_async_event_ack 在处理 context 的错误分支输出日志，表示当前对象或下层处理结果已经不能满足继续执行条件，因此返回错误并终止本次 URMA 操作。,无
urma_660,urma_cmd_wait_jfc 校验 JFCE 无效导致等待流程拒绝继续执行,关键日志：匹配 Invalid parameter；日志路径：URMA_LOG_PATH,urma_cmd_wait_jfc 在执行等待前发现调用方传入的 JFCE 不满足当前操作要求，通常是对象为空、状态不匹配或与 provider 能力不一致，因此直接返回错误以避免继续访问非法资源。,无
urma_661,urma_cmd_wait_jfc URMA 控制面命令 ioctl 下发内核驱动失败导致用户态操作中断,"关键日志：依次匹配 `Faile to wait jfc non-block, ret:`、`, errno:`；日志路径：URMA_LOG_PATH",urma_cmd_wait_jfc 通过 fd 向内核驱动下发URMA 控制面命令请求时，ioctl 返回失败，说明内核驱动没有完成对应控制面动作，用户态无法取得或更新 JFC 状态。,无
urma_662,urma_cmd_ack_jfc 校验 JFC 无效导致确认流程拒绝继续执行,关键日志：匹配 Invalid parameter；日志路径：URMA_LOG_PATH,urma_cmd_ack_jfc 在执行确认前发现调用方传入的 JFC 不满足当前操作要求，通常是对象为空、状态不匹配或与 provider 能力不一致，因此直接返回错误以避免继续访问非法资源。,无
urma_663,urma_cmd_get_async_event 校验 context 无效导致获取流程拒绝继续执行,关键日志：匹配 Invalid parameter；日志路径：URMA_LOG_PATH,urma_cmd_get_async_event 在执行获取前发现调用方传入的 context 不满足当前操作要求，通常是对象为空、状态不匹配或与 provider 能力不一致，因此直接返回错误以避免继续访问非法资源。,无
urma_664,urma_cmd_ack_async_event 校验 异步事件 无效导致确认流程拒绝继续执行,关键日志：匹配 Invalid parameter；日志路径：URMA_LOG_PATH,urma_cmd_ack_async_event 在执行确认前发现调用方传入的 异步事件 不满足当前操作要求，通常是对象为空、状态不匹配或与 provider 能力不一致，因此直接返回错误以避免继续访问非法资源。,无
urma_665,urma_cmd_wait_notify 校验 fd 无效导致等待流程拒绝继续执行,关键日志：匹配 Invalid parameter；日志路径：URMA_LOG_PATH,urma_cmd_wait_notify 在执行等待前发现调用方传入的 fd 不满足当前操作要求，通常是对象为空、状态不匹配或与 provider 能力不一致，因此直接返回错误以避免继续访问非法资源。,无
urma_666,urma_ioctl_wait_jfc 等待 JFC 完成事件 ioctl 下发内核驱动失败导致用户态操作中断,"关键日志：依次匹配 `wait jfc ioctl failed, ret:`、`, errno:`；日志路径：URMA_LOG_PATH",urma_ioctl_wait_jfc 通过 fd 向内核驱动下发等待 JFC 完成事件请求时，ioctl 返回失败，说明内核驱动没有完成对应控制面动作，用户态无法取得或更新 JFC 状态。,无
urma_667,urma_ioctl_get_async_event 导入 Jetty ioctl 下发内核驱动失败导致用户态操作中断,"关键日志：依次匹配 `get async event ioctl failed, ret:`、`, errno:`；日志路径：URMA_LOG_PATH",urma_ioctl_get_async_event 通过 fd 向内核驱动下发导入 Jetty请求时，ioctl 返回失败，说明内核驱动没有完成对应控制面动作，用户态无法取得或更新 异步事件 状态。,无
urma_668,urma_ioctl_wait_notify 查询 TP 列表 ioctl 下发内核驱动失败导致用户态操作中断,"关键日志：依次匹配 `wait notify ioctl failed, ret:`、`, errno:`；日志路径：URMA_LOG_PATH",urma_ioctl_wait_notify 通过 fd 向内核驱动下发查询 TP 列表请求时，ioctl 返回失败，说明内核驱动没有完成对应控制面动作，用户态无法取得或更新 notify 事件 状态。,无
urma_669,urma_wait_notify 校验 context 无效导致等待流程拒绝继续执行,关键日志：匹配 Invalid parameter；日志路径：URMA_LOG_PATH,urma_wait_notify 在执行等待前发现调用方传入的 context 不满足当前操作要求，通常是对象为空、状态不匹配或与 provider 能力不一致，因此直接返回错误以避免继续访问非法资源。,无
urma_670,urma_wait_notify 校验 context 无效导致等待流程拒绝继续执行,关键日志：匹配 Invalid parameter；日志路径：URMA_LOG_PATH,urma_wait_notify 在执行等待前发现调用方传入的 context 不满足当前操作要求，通常是对象为空、状态不匹配或与 provider 能力不一致，因此直接返回错误以避免继续访问非法资源。,无
urma_671,urma_wait_notify 校验 context 无效导致等待流程拒绝继续执行,关键日志：匹配 Invalid parameter；日志路径：URMA_LOG_PATH,urma_wait_notify 在执行等待前发现调用方传入的 context 不满足当前操作要求，通常是对象为空、状态不匹配或与 provider 能力不一致，因此直接返回错误以避免继续访问非法资源。,无
urma_672,urma_ack_notify 校验 context 无效导致确认流程拒绝继续执行,关键日志：匹配 Invalid parameter；日志路径：URMA_LOG_PATH,urma_ack_notify 在执行确认前发现调用方传入的 context 不满足当前操作要求，通常是对象为空、状态不匹配或与 provider 能力不一致，因此直接返回错误以避免继续访问非法资源。,无
urma_673,urma_ack_notify 校验 context 无效导致确认流程拒绝继续执行,关键日志：匹配 Invalid parameter；日志路径：URMA_LOG_PATH,urma_ack_notify 在执行确认前发现调用方传入的 context 不满足当前操作要求，通常是对象为空、状态不匹配或与 provider 能力不一致，因此直接返回错误以避免继续访问非法资源。,无
urma_674,urma_get_async_event 校验 context 无效导致获取流程拒绝继续执行,关键日志：匹配 Invalid parameter；日志路径：URMA_LOG_PATH,urma_get_async_event 在执行获取前发现调用方传入的 context 不满足当前操作要求，通常是对象为空、状态不匹配或与 provider 能力不一致，因此直接返回错误以避免继续访问非法资源。,无
urma_675,urma_get_async_event 校验 context 无效导致获取流程拒绝继续执行,关键日志：匹配 Invalid parameter；日志路径：URMA_LOG_PATH,urma_get_async_event 在执行获取前发现调用方传入的 context 不满足当前操作要求，通常是对象为空、状态不匹配或与 provider 能力不一致，因此直接返回错误以避免继续访问非法资源。,无
urma_676,urma_ack_async_event 校验 context 无效导致确认流程拒绝继续执行,关键日志：匹配 Invalid parameter；日志路径：URMA_LOG_PATH,urma_ack_async_event 在执行确认前发现调用方传入的 context 不满足当前操作要求，通常是对象为空、状态不匹配或与 provider 能力不一致，因此直接返回错误以避免继续访问非法资源。,无
urma_677,urma_ack_async_event 校验 异步事件 无效导致确认流程拒绝继续执行,关键日志：匹配 Invalid parameter with ops nullptr；日志路径：URMA_LOG_PATH,urma_ack_async_event 在执行确认前发现调用方传入的 异步事件 不满足当前操作要求，通常是对象为空、状态不匹配或与 provider 能力不一致，因此直接返回错误以避免继续访问非法资源。,无
urma_678,urma_send 校验 JFR 无效导致发送流程拒绝继续执行,关键日志：匹配 null pointer exists in tjfr；日志路径：URMA_LOG_PATH,urma_send 在执行发送前发现调用方传入的 JFR 不满足当前操作要求，通常是对象为空、状态不匹配或与 provider 能力不一致，因此直接返回错误以避免继续访问非法资源。,无
urma_679,urma_send 校验 JFS 无效导致发送流程拒绝继续执行,关键日志：匹配 Invalid parameter；日志路径：URMA_LOG_PATH,urma_send 在执行发送前发现调用方传入的 JFS 不满足当前操作要求，通常是对象为空、状态不匹配或与 provider 能力不一致，因此直接返回错误以避免继续访问非法资源。,无
urma_680,urma_send 校验 目标 segment 无效导致发送流程拒绝继续执行,关键日志：匹配 Invalid parameter；日志路径：URMA_LOG_PATH,urma_send 在执行发送前发现调用方传入的 目标 segment 不满足当前操作要求，通常是对象为空、状态不匹配或与 provider 能力不一致，因此直接返回错误以避免继续访问非法资源。,无
urma_681,urma_recv 校验 JFR 无效导致接收流程拒绝继续执行,关键日志：匹配 Invalid parameter；日志路径：URMA_LOG_PATH,urma_recv 在执行接收前发现调用方传入的 JFR 不满足当前操作要求，通常是对象为空、状态不匹配或与 provider 能力不一致，因此直接返回错误以避免继续访问非法资源。,无
urma_682,urma_recv 校验 JFR 无效导致接收流程拒绝继续执行,关键日志：匹配 There are invalid parameters；日志路径：URMA_LOG_PATH,urma_recv 在执行接收前发现调用方传入的 JFR 不满足当前操作要求，通常是对象为空、状态不匹配或与 provider 能力不一致，因此直接返回错误以避免继续访问非法资源。,无
urma_683,urma_poll_jfc 校验 JFC 无效导致轮询流程拒绝继续执行,关键日志：匹配 Invalid parameter；日志路径：URMA_LOG_PATH,urma_poll_jfc 在执行轮询前发现调用方传入的 JFC 不满足当前操作要求，通常是对象为空、状态不匹配或与 provider 能力不一致，因此直接返回错误以避免继续访问非法资源。,无
urma_684,urma_rearm_jfc 校验 JFC 无效导致重挂流程拒绝继续执行,关键日志：匹配 Invalid parameter；日志路径：URMA_LOG_PATH,urma_rearm_jfc 在执行重挂前发现调用方传入的 JFC 不满足当前操作要求，通常是对象为空、状态不匹配或与 provider 能力不一致，因此直接返回错误以避免继续访问非法资源。,无
urma_685,urma_wait_jfc 校验 JFC 无效导致等待流程拒绝继续执行,关键日志：匹配 Invalid parameter；日志路径：URMA_LOG_PATH,urma_wait_jfc 在执行等待前发现调用方传入的 JFC 不满足当前操作要求，通常是对象为空、状态不匹配或与 provider 能力不一致，因此直接返回错误以避免继续访问非法资源。,无
urma_686,urma_ack_jfc 校验 JFC 无效导致确认流程拒绝继续执行,关键日志：匹配 Invalid parameter；日志路径：URMA_LOG_PATH,urma_ack_jfc 在执行确认前发现调用方传入的 JFC 不满足当前操作要求，通常是对象为空、状态不匹配或与 provider 能力不一致，因此直接返回错误以避免继续访问非法资源。,无
urma_687,urma_ack_jfc 校验 JFC 无效导致确认流程拒绝继续执行,关键日志：匹配 Invalid parameter；日志路径：URMA_LOG_PATH,urma_ack_jfc 在执行确认前发现调用方传入的 JFC 不满足当前操作要求，通常是对象为空、状态不匹配或与 provider 能力不一致，因此直接返回错误以避免继续访问非法资源。,无
urma_688,urma_post_jfs_wr 校验 JFS 无效导致投递流程拒绝继续执行,关键日志：匹配 Invalid parameter；日志路径：URMA_LOG_PATH,urma_post_jfs_wr 在执行投递前发现调用方传入的 JFS 不满足当前操作要求，通常是对象为空、状态不匹配或与 provider 能力不一致，因此直接返回错误以避免继续访问非法资源。,无
urma_689,urma_post_jfr_wr 校验 JFR 无效导致投递流程拒绝继续执行,关键日志：匹配 Invalid parameter；日志路径：URMA_LOG_PATH,urma_post_jfr_wr 在执行投递前发现调用方传入的 JFR 不满足当前操作要求，通常是对象为空、状态不匹配或与 provider 能力不一致，因此直接返回错误以避免继续访问非法资源。,无
urma_690,urma_post_jetty_send_wr 校验 Jetty 无效导致投递流程拒绝继续执行,关键日志：匹配 Invalid parameter；日志路径：URMA_LOG_PATH,urma_post_jetty_send_wr 在执行投递前发现调用方传入的 Jetty 不满足当前操作要求，通常是对象为空、状态不匹配或与 provider 能力不一致，因此直接返回错误以避免继续访问非法资源。,无
urma_691,urma_post_jetty_recv_wr 校验 Jetty 无效导致投递流程拒绝继续执行,关键日志：匹配 Invalid parameter；日志路径：URMA_LOG_PATH,urma_post_jetty_recv_wr 在执行投递前发现调用方传入的 Jetty 不满足当前操作要求，通常是对象为空、状态不匹配或与 provider 能力不一致，因此直接返回错误以避免继续访问非法资源。,无
urma_692,资源销毁/清理失败,向下级匹配。,向下级匹配。,向下级匹配。
urma_693,bondp_delete_jfce 执行删除 JFCE 失败导致当前资源状态无法推进,"关键日志：依次匹配 `Failed to delete jfce[`、`], still in use. use_cnt:`；日志路径：URMA_LOG_PATH",bondp_delete_jfce 调用下层 provider、bond 组件或系统接口处理 JFCE 时返回失败，当前分支携带 ret/errno 等错误结果退出，导致该资源的创建、导入、修改、投递或清理状态无法继续推进。,无
urma_694,bondp_delete_jfc 执行删除 JFC 失败导致当前资源状态无法推进,"关键日志：依次匹配 `Failed to delete jfc[`、`], still in use. use_cnt:`；日志路径：URMA_LOG_PATH",bondp_delete_jfc 调用下层 provider、bond 组件或系统接口处理 JFC 时返回失败，当前分支携带 ret/errno 等错误结果退出，导致该资源的创建、导入、修改、投递或清理状态无法继续推进。,无
urma_695,bondp_delete_jfc 执行删除 JFC 失败导致当前资源状态无法推进,关键日志：匹配 Failed to delete vjfc；日志路径：URMA_LOG_PATH,bondp_delete_jfc 调用下层 provider、bond 组件或系统接口处理 JFC 时返回失败，当前分支携带 ret/errno 等错误结果退出，导致该资源的创建、导入、修改、投递或清理状态无法继续推进。,无
urma_696,bondp_delete_jfc 执行删除 JFC 失败导致当前资源状态无法推进,关键日志：匹配 Failed to delete bdp_jfc；日志路径：URMA_LOG_PATH,bondp_delete_jfc 调用下层 provider、bond 组件或系统接口处理 JFC 时返回失败，当前分支携带 ret/errno 等错误结果退出，导致该资源的创建、导入、修改、投递或清理状态无法继续推进。,无
urma_697,bondp_delete_pjfs 执行删除 JFS 失败导致当前资源状态无法推进,"关键日志：依次匹配 `Failed to delete pjfs`、`, ret:`；日志路径：URMA_LOG_PATH",bondp_delete_pjfs 调用下层 provider、bond 组件或系统接口处理 JFS 时返回失败，当前分支携带 ret/errno 等错误结果退出，导致该资源的创建、导入、修改、投递或清理状态无法继续推进。,无
urma_698,bondp_delete_jfs 执行删除 JFS 失败导致当前资源状态无法推进,"关键日志：依次匹配 `Failed to delete jfs[`、`], still in use. use_cnt:`；日志路径：URMA_LOG_PATH",bondp_delete_jfs 调用下层 provider、bond 组件或系统接口处理 JFS 时返回失败，当前分支携带 ret/errno 等错误结果退出，导致该资源的创建、导入、修改、投递或清理状态无法继续推进。,无
urma_699,bondp_delete_jfs 执行删除 JFS 失败导致当前资源状态无法推进,关键日志：匹配 Failed to delete vjfs；日志路径：URMA_LOG_PATH,bondp_delete_jfs 调用下层 provider、bond 组件或系统接口处理 JFS 时返回失败，当前分支携带 ret/errno 等错误结果退出，导致该资源的创建、导入、修改、投递或清理状态无法继续推进。,无
urma_700,bondp_delete_jfs 执行删除 JFS 失败导致当前资源状态无法推进,关键日志：匹配 Failed to delete pjfs；日志路径：URMA_LOG_PATH,bondp_delete_jfs 调用下层 provider、bond 组件或系统接口处理 JFS 时返回失败，当前分支携带 ret/errno 等错误结果退出，导致该资源的创建、导入、修改、投递或清理状态无法继续推进。,无
urma_701,bondp_delete_pjfr 执行删除 JFR 失败导致当前资源状态无法推进,"关键日志：依次匹配 `Failed to delete pjfr`、`, ret:`；日志路径：URMA_LOG_PATH",bondp_delete_pjfr 调用下层 provider、bond 组件或系统接口处理 JFR 时返回失败，当前分支携带 ret/errno 等错误结果退出，导致该资源的创建、导入、修改、投递或清理状态无法继续推进。,无
urma_702,bondp_delete_jfr 执行删除 JFR 失败导致当前资源状态无法推进,"关键日志：依次匹配 `Failed to delete jfr[`、`], still in use. use_cnt:`；日志路径：URMA_LOG_PATH",bondp_delete_jfr 调用下层 provider、bond 组件或系统接口处理 JFR 时返回失败，当前分支携带 ret/errno 等错误结果退出，导致该资源的创建、导入、修改、投递或清理状态无法继续推进。,无
urma_703,bondp_delete_jfr 执行删除 JFR 失败导致当前资源状态无法推进,关键日志：匹配 Failed to delete_vjfr；日志路径：URMA_LOG_PATH,bondp_delete_jfr 调用下层 provider、bond 组件或系统接口处理 JFR 时返回失败，当前分支携带 ret/errno 等错误结果退出，导致该资源的创建、导入、修改、投递或清理状态无法继续推进。,无
urma_704,bondp_delete_jfr 执行删除 JFR 失败导致当前资源状态无法推进,关键日志：匹配 Failed to delete pjfr；日志路径：URMA_LOG_PATH,bondp_delete_jfr 调用下层 provider、bond 组件或系统接口处理 JFR 时返回失败，当前分支携带 ret/errno 等错误结果退出，导致该资源的创建、导入、修改、投递或清理状态无法继续推进。,无
urma_705,bondp_delete_pjetty 执行删除 Jetty 失败导致当前资源状态无法推进,"关键日志：依次匹配 `Failed to delete pjetty`、`, ret:`；日志路径：URMA_LOG_PATH",bondp_delete_pjetty 调用下层 provider、bond 组件或系统接口处理 Jetty 时返回失败，当前分支携带 ret/errno 等错误结果退出，导致该资源的创建、导入、修改、投递或清理状态无法继续推进。,无
urma_706,bondp_delete_jetty 执行删除 Jetty 失败导致当前资源状态无法推进,"关键日志：依次匹配 `Failed to delete jetty[`、`], still in use. use_cnt:`；日志路径：URMA_LOG_PATH",bondp_delete_jetty 调用下层 provider、bond 组件或系统接口处理 Jetty 时返回失败，当前分支携带 ret/errno 等错误结果退出，导致该资源的创建、导入、修改、投递或清理状态无法继续推进。,无
urma_707,bondp_delete_jetty 执行删除 Jetty 失败导致当前资源状态无法推进,关键日志：匹配 Failed to delete vjetty；日志路径：URMA_LOG_PATH,bondp_delete_jetty 调用下层 provider、bond 组件或系统接口处理 Jetty 时返回失败，当前分支携带 ret/errno 等错误结果退出，导致该资源的创建、导入、修改、投递或清理状态无法继续推进。,无
urma_708,bondp_delete_jetty 执行删除 Jetty 失败导致当前资源状态无法推进,关键日志：匹配 Failed to delete pjetty；日志路径：URMA_LOG_PATH,bondp_delete_jetty 调用下层 provider、bond 组件或系统接口处理 Jetty 时返回失败，当前分支携带 ret/errno 等错误结果退出，导致该资源的创建、导入、修改、投递或清理状态无法继续推进。,无
urma_709,remove_remote_jetty_id_info 执行处理 Jetty 失败导致当前资源状态无法推进,"关键日志：依次匹配 `Failed to del bdp_r_p2v_vjetty_id[`、`]: ret:`、`, jetty_id: (`、`, uasid:`、`, id:`；日志路径：URMA_LOG_PATH",remove_remote_jetty_id_info 调用下层 provider、bond 组件或系统接口处理 Jetty 时返回失败，当前分支携带 ret/errno 等错误结果退出，导致该资源的创建、导入、修改、投递或清理状态无法继续推进。,无
urma_710,bondp_remove_p_jfce 管理 epoll fd 失败导致 JFCE 事件聚合不可用,关键日志：匹配 Fail to del fd: to epoll fd；日志路径：URMA_LOG_PATH,bondp_remove_p_jfce 在 bond 模式下需要把物理 JFCE fd 加入或移出虚拟 JFCE 的 epoll 集合，但 epoll 系统调用失败，完成事件无法被统一监听和分发。,无
urma_711,bondp_delete_comp_jfce 执行删除 JFCE 失败导致当前资源状态无法推进,"关键日志：匹配 `Failed to delete p_jfce, ret =`；日志路径：URMA_LOG_PATH",bondp_delete_comp_jfce 调用下层 provider、bond 组件或系统接口处理 JFCE 时返回失败，当前分支携带 ret/errno 等错误结果退出，导致该资源的创建、导入、修改、投递或清理状态无法继续推进。,无
urma_712,bondp_delete_comp_default 装载或匹配 provider 失败导致设备驱动能力不可用,关键日志：匹配 Failed to delete comp type；日志路径：URMA_LOG_PATH,bondp_delete_comp_default 在初始化或注册设备时未能打开 provider 动态库、获取动态库路径、匹配驱动名称或完成 provider 注册，导致 URMA 用户态无法绑定对应设备的 provider 操作集。,无
urma_713,bondp_delete_comp_default 装载或匹配 provider 失败导致设备驱动能力不可用,"关键日志：匹配 `Fail to uninit comp attr, ret`；日志路径：URMA_LOG_PATH",bondp_delete_comp_default 在初始化或注册设备时未能打开 provider 动态库、获取动态库路径、匹配驱动名称或完成 provider 注册，导致 URMA 用户态无法绑定对应设备的 provider 操作集。,无
urma_714,bondp_delete_comp 校验 URMA 对象 无效导致删除流程拒绝继续执行,关键日志：匹配 Invalid param；日志路径：URMA_LOG_PATH,bondp_delete_comp 在执行删除前发现调用方传入的 URMA 对象 不满足当前操作要求，通常是对象为空、状态不匹配或与 provider 能力不一致，因此直接返回错误以避免继续访问非法资源。,无
urma_715,bondp_delete_context 执行删除 context 失败导致当前资源状态无法推进,关键日志：匹配 Failed to delete context；日志路径：URMA_LOG_PATH,bondp_delete_context 调用下层 provider、bond 组件或系统接口处理 context 时返回失败，当前分支携带 ret/errno 等错误结果退出，导致该资源的创建、导入、修改、投递或清理状态无法继续推进。,无
urma_716,bondp_delete_context 执行删除 context 失败导致当前资源状态无法推进,关键日志：匹配 Failed to urma_cmd_delete_context；日志路径：URMA_LOG_PATH,bondp_delete_context 调用下层 provider、bond 组件或系统接口处理 context 时返回失败，当前分支携带 ret/errno 等错误结果退出，导致该资源的创建、导入、修改、投递或清理状态无法继续推进。,无
urma_717,bondp_delete_pseg 装载或匹配 provider 失败导致设备驱动能力不可用,关键日志：匹配 Failed to unregister pseg；日志路径：URMA_LOG_PATH,bondp_delete_pseg 在初始化或注册设备时未能打开 provider 动态库、获取动态库路径、匹配驱动名称或完成 provider 注册，导致 URMA 用户态无法绑定对应设备的 provider 操作集。,无
urma_718,bondp_delete_vseg 校验 segment 无效导致删除流程拒绝继续执行,关键日志：匹配 invalid param；日志路径：URMA_LOG_PATH,bondp_delete_vseg 在执行删除前发现调用方传入的 segment 不满足当前操作要求，通常是对象为空、状态不匹配或与 provider 能力不一致，因此直接返回错误以避免继续访问非法资源。,无
urma_719,bondp_delete_vseg 装载或匹配 provider 失败导致设备驱动能力不可用,"关键日志：依次匹配 `Failed to unregister segment, token_id:`、`, handle:`；日志路径：URMA_LOG_PATH",bondp_delete_vseg 在初始化或注册设备时未能打开 provider 动态库、获取动态库路径、匹配驱动名称或完成 provider 注册，导致 URMA 用户态无法绑定对应设备的 provider 操作集。,无
urma_720,delete_copied_jfs_wr_node 校验 JFS 业务条件不满足导致删除流程拒绝继续执行,关键日志：匹配 `Not support opcode`；日志路径：URMA_LOG_PATH,delete_copied_jfs_wr_node 在执行删除时发现 JFS 的传输模式、绑定关系、路由选择、数量限制或设备属性与当前操作要求不一致，因此直接返回错误，避免建立错误的资源关系或下发不被支持的请求。,无
urma_721,delete_copied_jfs_wr 校验 JFS 无效导致删除流程拒绝继续执行,关键日志：匹配 Invalid jfs wr to delete；日志路径：URMA_LOG_PATH,delete_copied_jfs_wr 在执行删除前发现调用方传入的 JFS 不满足当前操作要求，通常是对象为空、状态不匹配或与 provider 能力不一致，因此直接返回错误以避免继续访问非法资源。,无
urma_722,delete_copied_jfr_wr_node 校验 JFR 无效导致删除流程拒绝继续执行,关键日志：匹配 Invalid jfr wr to delete；日志路径：URMA_LOG_PATH,delete_copied_jfr_wr_node 在执行删除前发现调用方传入的 JFR 不满足当前操作要求，通常是对象为空、状态不匹配或与 provider 能力不一致，因此直接返回错误以避免继续访问非法资源。,无
urma_723,delete_copied_jfr_wr 校验 JFR 无效导致删除流程拒绝继续执行,关键日志：匹配 Invalid jfr wr to delete；日志路径：URMA_LOG_PATH,delete_copied_jfr_wr 在执行删除前发现调用方传入的 JFR 不满足当前操作要求，通常是对象为空、状态不匹配或与 provider 能力不一致，因此直接返回错误以避免继续访问非法资源。,无
urma_724,urma_cmd_delete_context 校验 context 无效导致删除流程拒绝继续执行,关键日志：匹配 Invalid parameter；日志路径：URMA_LOG_PATH,urma_cmd_delete_context 在执行删除前发现调用方传入的 context 不满足当前操作要求，通常是对象为空、状态不匹配或与 provider 能力不一致，因此直接返回错误以避免继续访问非法资源。,无
urma_725,urma_cmd_delete_jfs 校验 context 无效导致删除流程拒绝继续执行,关键日志：匹配 Invalid parameter；日志路径：URMA_LOG_PATH,urma_cmd_delete_jfs 在执行删除前发现调用方传入的 context 不满足当前操作要求，通常是对象为空、状态不匹配或与 provider 能力不一致，因此直接返回错误以避免继续访问非法资源。,无
urma_726,urma_cmd_delete_jfs URMA 控制面命令 ioctl 下发内核驱动失败导致用户态操作中断,"关键日志：依次匹配 `ioctl failed, ret:`、`, errno:`；日志路径：URMA_LOG_PATH",urma_cmd_delete_jfs 通过 fd 向内核驱动下发URMA 控制面命令请求时，ioctl 返回失败，说明内核驱动没有完成对应控制面动作，用户态无法取得或更新 JFS 状态。,无
urma_727,urma_cmd_delete_jfs_batch 校验 JFS 无效导致删除流程拒绝继续执行,关键日志：匹配 Invalid parameter；日志路径：URMA_LOG_PATH,urma_cmd_delete_jfs_batch 在执行删除前发现调用方传入的 JFS 不满足当前操作要求，通常是对象为空、状态不匹配或与 provider 能力不一致，因此直接返回错误以避免继续访问非法资源。,无
urma_728,urma_cmd_delete_jfs_batch 校验 context 无效导致删除流程拒绝继续执行,"关键日志：匹配 `Invalid parameter, index:`；日志路径：URMA_LOG_PATH",urma_cmd_delete_jfs_batch 在执行删除前发现调用方传入的 context 不满足当前操作要求，通常是对象为空、状态不匹配或与 provider 能力不一致，因此直接返回错误以避免继续访问非法资源。,无
urma_729,urma_cmd_delete_jfs_batch URMA 控制面命令 ioctl 下发内核驱动失败导致用户态操作中断,"关键日志：依次匹配 `ioctl failed in urma_cmd_delete_jfs_batch , ret:`、`, errno:`；日志路径：URMA_LOG_PATH",urma_cmd_delete_jfs_batch 通过 fd 向内核驱动下发URMA 控制面命令请求时，ioctl 返回失败，说明内核驱动没有完成对应控制面动作，用户态无法取得或更新 JFS 状态。,无
urma_730,urma_cmd_delete_jfs_batch 校验 JFS 业务条件不满足导致删除流程拒绝继续执行,"关键日志：匹配 `bad jfs index exceed array length, bad_jfs_index:`；日志路径：URMA_LOG_PATH",urma_cmd_delete_jfs_batch 在执行删除时发现 JFS 的传输模式、绑定关系、路由选择、数量限制或设备属性与当前操作要求不一致，因此直接返回错误，避免建立错误的资源关系或下发不被支持的请求。,无
urma_731,urma_cmd_free_jfs URMA 控制面命令 ioctl 下发内核驱动失败导致用户态操作中断,"关键日志：依次匹配 `ioctl failed in urma_cmd_free_jfs , ret:`、`, errno:`；日志路径：URMA_LOG_PATH",urma_cmd_free_jfs 通过 fd 向内核驱动下发URMA 控制面命令请求时，ioctl 返回失败，说明内核驱动没有完成对应控制面动作，用户态无法取得或更新 JFS 状态。,无
urma_732,urma_cmd_delete_jfr 校验 context 无效导致删除流程拒绝继续执行,关键日志：匹配 Invalid parameter；日志路径：URMA_LOG_PATH,urma_cmd_delete_jfr 在执行删除前发现调用方传入的 context 不满足当前操作要求，通常是对象为空、状态不匹配或与 provider 能力不一致，因此直接返回错误以避免继续访问非法资源。,无
urma_733,urma_cmd_delete_jfr URMA 控制面命令 ioctl 下发内核驱动失败导致用户态操作中断,"关键日志：依次匹配 `ioctl failed in urma_cmd_delete_jfr, ret:`、`, errno:`；日志路径：URMA_LOG_PATH",urma_cmd_delete_jfr 通过 fd 向内核驱动下发URMA 控制面命令请求时，ioctl 返回失败，说明内核驱动没有完成对应控制面动作，用户态无法取得或更新 JFR 状态。,无
urma_734,urma_cmd_delete_jfr_batch 校验 JFR 无效导致删除流程拒绝继续执行,关键日志：匹配 Invalid parameter；日志路径：URMA_LOG_PATH,urma_cmd_delete_jfr_batch 在执行删除前发现调用方传入的 JFR 不满足当前操作要求，通常是对象为空、状态不匹配或与 provider 能力不一致，因此直接返回错误以避免继续访问非法资源。,无
urma_735,urma_cmd_delete_jfr_batch 校验 context 无效导致删除流程拒绝继续执行,"关键日志：匹配 `Invalid parameter, index:`；日志路径：URMA_LOG_PATH",urma_cmd_delete_jfr_batch 在执行删除前发现调用方传入的 context 不满足当前操作要求，通常是对象为空、状态不匹配或与 provider 能力不一致，因此直接返回错误以避免继续访问非法资源。,无
urma_736,urma_cmd_delete_jfr_batch URMA 控制面命令 ioctl 下发内核驱动失败导致用户态操作中断,"关键日志：依次匹配 `ioctl failed in urma_cmd_delete_jfr_batch , ret:`、`, errno:`；日志路径：URMA_LOG_PATH",urma_cmd_delete_jfr_batch 通过 fd 向内核驱动下发URMA 控制面命令请求时，ioctl 返回失败，说明内核驱动没有完成对应控制面动作，用户态无法取得或更新 JFR 状态。,无
urma_737,urma_cmd_delete_jfr_batch 校验 JFR 业务条件不满足导致删除流程拒绝继续执行,"关键日志：匹配 `bad jfr index exceed array length, bad_jfr_index:`；日志路径：URMA_LOG_PATH",urma_cmd_delete_jfr_batch 在执行删除时发现 JFR 的传输模式、绑定关系、路由选择、数量限制或设备属性与当前操作要求不一致，因此直接返回错误，避免建立错误的资源关系或下发不被支持的请求。,无
urma_738,urma_cmd_delete_jfc 校验 context 无效导致删除流程拒绝继续执行,关键日志：匹配 Invalid parameter；日志路径：URMA_LOG_PATH,urma_cmd_delete_jfc 在执行删除前发现调用方传入的 context 不满足当前操作要求，通常是对象为空、状态不匹配或与 provider 能力不一致，因此直接返回错误以避免继续访问非法资源。,无
urma_739,urma_cmd_delete_jfc URMA 控制面命令 ioctl 下发内核驱动失败导致用户态操作中断,"关键日志：依次匹配 `ioctl failed in urma_cmd_delete_jfc , ret:`、`, errno:`；日志路径：URMA_LOG_PATH",urma_cmd_delete_jfc 通过 fd 向内核驱动下发URMA 控制面命令请求时，ioctl 返回失败，说明内核驱动没有完成对应控制面动作，用户态无法取得或更新 JFC 状态。,无
urma_740,urma_cmd_delete_jfc URMA 控制面命令 ioctl 下发内核驱动失败导致用户态操作中断,"关键日志：依次匹配 `There is jfc event and it must be acked, jfc_comp:`、`, comp:`、`, jfc_async:`、`, async:`；日志路径：URMA_LOG_PATH",urma_cmd_delete_jfc 通过 fd 向内核驱动下发URMA 控制面命令请求时，ioctl 返回失败，说明内核驱动没有完成对应控制面动作，用户态无法取得或更新 JFC 状态。,无
urma_741,urma_cmd_delete_jfc_batch 校验 JFC 无效导致删除流程拒绝继续执行,关键日志：匹配 Invalid parameter；日志路径：URMA_LOG_PATH,urma_cmd_delete_jfc_batch 在执行删除前发现调用方传入的 JFC 不满足当前操作要求，通常是对象为空、状态不匹配或与 provider 能力不一致，因此直接返回错误以避免继续访问非法资源。,无
urma_742,urma_cmd_delete_jfc_batch 校验 context 无效导致删除流程拒绝继续执行,"关键日志：匹配 `Invalid parameter, index:`；日志路径：URMA_LOG_PATH",urma_cmd_delete_jfc_batch 在执行删除前发现调用方传入的 context 不满足当前操作要求，通常是对象为空、状态不匹配或与 provider 能力不一致，因此直接返回错误以避免继续访问非法资源。,无
urma_743,urma_cmd_delete_jfc_batch URMA 控制面命令 ioctl 下发内核驱动失败导致用户态操作中断,"关键日志：依次匹配 `ioctl failed in urma_cmd_delete_jfc_batch , ret:`、`, errno:`；日志路径：URMA_LOG_PATH",urma_cmd_delete_jfc_batch 通过 fd 向内核驱动下发URMA 控制面命令请求时，ioctl 返回失败，说明内核驱动没有完成对应控制面动作，用户态无法取得或更新 JFC 状态。,无
urma_744,urma_cmd_delete_jfc_batch 校验 JFC 业务条件不满足导致删除流程拒绝继续执行,"关键日志：匹配 `bad jfc index exceed array length, bad_jfc_index:`；日志路径：URMA_LOG_PATH",urma_cmd_delete_jfc_batch 在执行删除时发现 JFC 的传输模式、绑定关系、路由选择、数量限制或设备属性与当前操作要求不一致，因此直接返回错误，避免建立错误的资源关系或下发不被支持的请求。,无
urma_745,urma_cmd_free_jfc URMA 控制面命令 ioctl 下发内核驱动失败导致用户态操作中断,"关键日志：依次匹配 `ioctl failed in urma_cmd_delete_jfc , ret:`、`, errno:`；日志路径：URMA_LOG_PATH",urma_cmd_free_jfc 通过 fd 向内核驱动下发URMA 控制面命令请求时，ioctl 返回失败，说明内核驱动没有完成对应控制面动作，用户态无法取得或更新 JFC 状态。,无
urma_746,urma_cmd_free_jfc URMA 控制面命令 ioctl 下发内核驱动失败导致用户态操作中断,"关键日志：依次匹配 `There is jfc event and it must be acked, jfc_comp:`、`, comp:`、`, jfc_async:`、`, async:`；日志路径：URMA_LOG_PATH",urma_cmd_free_jfc 通过 fd 向内核驱动下发URMA 控制面命令请求时，ioctl 返回失败，说明内核驱动没有完成对应控制面动作，用户态无法取得或更新 JFC 状态。,无
urma_747,urma_cmd_free_jfr URMA 控制面命令 ioctl 下发内核驱动失败导致用户态操作中断,"关键日志：依次匹配 `ioctl failed in urma_cmd_delete_jfr , ret:`、`, errno:`；日志路径：URMA_LOG_PATH",urma_cmd_free_jfr 通过 fd 向内核驱动下发URMA 控制面命令请求时，ioctl 返回失败，说明内核驱动没有完成对应控制面动作，用户态无法取得或更新 JFR 状态。,无
urma_748,urma_cmd_delete_jetty 校验 context 无效导致删除流程拒绝继续执行,关键日志：匹配 Invalid parameter；日志路径：URMA_LOG_PATH,urma_cmd_delete_jetty 在执行删除前发现调用方传入的 context 不满足当前操作要求，通常是对象为空、状态不匹配或与 provider 能力不一致，因此直接返回错误以避免继续访问非法资源。,无
urma_749,urma_cmd_delete_jetty URMA 控制面命令 ioctl 下发内核驱动失败导致用户态操作中断,"关键日志：依次匹配 `ioctl failed, ret:`、`, errno:`；日志路径：URMA_LOG_PATH",urma_cmd_delete_jetty 通过 fd 向内核驱动下发URMA 控制面命令请求时，ioctl 返回失败，说明内核驱动没有完成对应控制面动作，用户态无法取得或更新 Jetty 状态。,无
urma_750,urma_cmd_delete_jetty_batch 校验 Jetty 无效导致删除流程拒绝继续执行,关键日志：匹配 Invalid parameter；日志路径：URMA_LOG_PATH,urma_cmd_delete_jetty_batch 在执行删除前发现调用方传入的 Jetty 不满足当前操作要求，通常是对象为空、状态不匹配或与 provider 能力不一致，因此直接返回错误以避免继续访问非法资源。,无
urma_751,urma_cmd_delete_jetty_batch 校验 context 无效导致删除流程拒绝继续执行,"关键日志：匹配 `Invalid parameter, index:`；日志路径：URMA_LOG_PATH",urma_cmd_delete_jetty_batch 在执行删除前发现调用方传入的 context 不满足当前操作要求，通常是对象为空、状态不匹配或与 provider 能力不一致，因此直接返回错误以避免继续访问非法资源。,无
urma_752,urma_cmd_delete_jetty_batch URMA 控制面命令 ioctl 下发内核驱动失败导致用户态操作中断,"关键日志：依次匹配 `ioctl failed in urma_cmd_delete_jetty_batch , ret:`、`, errno:`；日志路径：URMA_LOG_PATH",urma_cmd_delete_jetty_batch 通过 fd 向内核驱动下发URMA 控制面命令请求时，ioctl 返回失败，说明内核驱动没有完成对应控制面动作，用户态无法取得或更新 Jetty 状态。,无
urma_753,urma_cmd_delete_jetty_batch 校验 Jetty 业务条件不满足导致删除流程拒绝继续执行,"关键日志：匹配 `bad jetty index exceed array length, bad_jetty_index:`；日志路径：URMA_LOG_PATH",urma_cmd_delete_jetty_batch 在执行删除时发现 Jetty 的传输模式、绑定关系、路由选择、数量限制或设备属性与当前操作要求不一致，因此直接返回错误，避免建立错误的资源关系或下发不被支持的请求。,无
urma_754,urma_cmd_delete_jetty_grp 校验 context 无效导致删除流程拒绝继续执行,关键日志：匹配 Invalid parameter；日志路径：URMA_LOG_PATH,urma_cmd_delete_jetty_grp 在执行删除前发现调用方传入的 context 不满足当前操作要求，通常是对象为空、状态不匹配或与 provider 能力不一致，因此直接返回错误以避免继续访问非法资源。,无
urma_755,urma_cmd_free_jetty URMA 控制面命令 ioctl 下发内核驱动失败导致用户态操作中断,"关键日志：依次匹配 `ioctl failed, ret:`、`, errno:`；日志路径：URMA_LOG_PATH",urma_cmd_free_jetty 通过 fd 向内核驱动下发URMA 控制面命令请求时，ioctl 返回失败，说明内核驱动没有完成对应控制面动作，用户态无法取得或更新 Jetty 状态。,无
urma_756,urma_free_jfc 校验 JFC 无效导致释放流程拒绝继续执行,关键日志：匹配 Invalid parameter；日志路径：URMA_LOG_PATH,urma_free_jfc 在执行释放前发现调用方传入的 JFC 不满足当前操作要求，通常是对象为空、状态不匹配或与 provider 能力不一致，因此直接返回错误以避免继续访问非法资源。,无
urma_757,urma_free_jfc 执行释放 JFC 失败导致当前资源状态无法推进,"关键日志：匹配 jfc still actived, please deactived first；日志路径：URMA_LOG_PATH",urma_free_jfc 调用下层 provider、bond 组件或系统接口处理 JFC 时返回失败，当前分支携带 ret/errno 等错误结果退出，导致该资源的创建、导入、修改、投递或清理状态无法继续推进。,无
urma_758,urma_free_jfc 校验 context 无效导致释放流程拒绝继续执行,关键日志：匹配 Invalid parameter；日志路径：URMA_LOG_PATH,urma_free_jfc 在执行释放前发现调用方传入的 context 不满足当前操作要求，通常是对象为空、状态不匹配或与 provider 能力不一致，因此直接返回错误以避免继续访问非法资源。,无
urma_759,urma_delete_jfc 校验 JFC 无效导致删除流程拒绝继续执行,关键日志：匹配 Invalid parameter；日志路径：URMA_LOG_PATH,urma_delete_jfc 在执行删除前发现调用方传入的 JFC 不满足当前操作要求，通常是对象为空、状态不匹配或与 provider 能力不一致，因此直接返回错误以避免继续访问非法资源。,无
urma_760,urma_delete_jfc 执行删除 JFC 失败导致当前资源状态无法推进,"关键日志：匹配 jfc is deactived, can not delete；日志路径：URMA_LOG_PATH",urma_delete_jfc 调用下层 provider、bond 组件或系统接口处理 JFC 时返回失败，当前分支携带 ret/errno 等错误结果退出，导致该资源的创建、导入、修改、投递或清理状态无法继续推进。,无
urma_761,urma_delete_jfc 校验 context 无效导致删除流程拒绝继续执行,关键日志：匹配 Invalid parameter；日志路径：URMA_LOG_PATH,urma_delete_jfc 在执行删除前发现调用方传入的 context 不满足当前操作要求，通常是对象为空、状态不匹配或与 provider 能力不一致，因此直接返回错误以避免继续访问非法资源。,无
urma_762,urma_delete_jfc 执行删除 设备 失败导致当前资源状态无法推进,"关键日志：依次匹配 `[DRV_ERR]Failed to delete jfc, dev_name:`、`, eid_idx:`、`, id:`、`, ret:`；日志路径：URMA_LOG_PATH",urma_delete_jfc 调用下层 provider、bond 组件或系统接口处理 设备 时返回失败，当前分支携带 ret/errno 等错误结果退出，导致该资源的创建、导入、修改、投递或清理状态无法继续推进。,无
urma_763,urma_delete_jfc_batch 校验 context 无效导致删除流程拒绝继续执行,"关键日志：匹配 `Invalid parameter, index:`；日志路径：URMA_LOG_PATH",urma_delete_jfc_batch 在执行删除前发现调用方传入的 context 不满足当前操作要求，通常是对象为空、状态不匹配或与 provider 能力不一致，因此直接返回错误以避免继续访问非法资源。,无
urma_764,urma_free_jfs 校验 JFS 无效导致释放流程拒绝继续执行,关键日志：匹配 Invalid parameter；日志路径：URMA_LOG_PATH,urma_free_jfs 在执行释放前发现调用方传入的 JFS 不满足当前操作要求，通常是对象为空、状态不匹配或与 provider 能力不一致，因此直接返回错误以避免继续访问非法资源。,无
urma_765,urma_free_jfs 执行释放 JFS 失败导致当前资源状态无法推进,"关键日志：匹配 jfs still actived, please deactived first；日志路径：URMA_LOG_PATH",urma_free_jfs 调用下层 provider、bond 组件或系统接口处理 JFS 时返回失败，当前分支携带 ret/errno 等错误结果退出，导致该资源的创建、导入、修改、投递或清理状态无法继续推进。,无
urma_766,urma_free_jfs 校验 context 无效导致释放流程拒绝继续执行,关键日志：匹配 Invalid parameter；日志路径：URMA_LOG_PATH,urma_free_jfs 在执行释放前发现调用方传入的 context 不满足当前操作要求，通常是对象为空、状态不匹配或与 provider 能力不一致，因此直接返回错误以避免继续访问非法资源。,无
urma_767,urma_free_jfs 执行释放 JFS 失败导致当前资源状态无法推进,关键日志：匹配 Failed to free jfs；日志路径：URMA_LOG_PATH,urma_free_jfs 调用下层 provider、bond 组件或系统接口处理 JFS 时返回失败，当前分支携带 ret/errno 等错误结果退出，导致该资源的创建、导入、修改、投递或清理状态无法继续推进。,无
urma_768,urma_delete_jfs 校验 JFS 无效导致删除流程拒绝继续执行,关键日志：匹配 Invalid parameter；日志路径：URMA_LOG_PATH,urma_delete_jfs 在执行删除前发现调用方传入的 JFS 不满足当前操作要求，通常是对象为空、状态不匹配或与 provider 能力不一致，因此直接返回错误以避免继续访问非法资源。,无
urma_769,urma_delete_jfs 执行删除 JFS 失败导致当前资源状态无法推进,"关键日志：匹配 jfs is deactived, can not delete；日志路径：URMA_LOG_PATH",urma_delete_jfs 调用下层 provider、bond 组件或系统接口处理 JFS 时返回失败，当前分支携带 ret/errno 等错误结果退出，导致该资源的创建、导入、修改、投递或清理状态无法继续推进。,无
urma_770,urma_delete_jfs 校验 context 无效导致删除流程拒绝继续执行,关键日志：匹配 Invalid parameter；日志路径：URMA_LOG_PATH,urma_delete_jfs 在执行删除前发现调用方传入的 context 不满足当前操作要求，通常是对象为空、状态不匹配或与 provider 能力不一致，因此直接返回错误以避免继续访问非法资源。,无
urma_771,urma_delete_jfs 执行删除 设备 失败导致当前资源状态无法推进,"关键日志：依次匹配 `[DRV_ERR]Failed to delete jfs, dev_name:`、`, eid_idx:`、`, id:`、`, ret:`；日志路径：URMA_LOG_PATH",urma_delete_jfs 调用下层 provider、bond 组件或系统接口处理 设备 时返回失败，当前分支携带 ret/errno 等错误结果退出，导致该资源的创建、导入、修改、投递或清理状态无法继续推进。,无
urma_772,urma_delete_jfs_batch 校验 context 无效导致删除流程拒绝继续执行,"关键日志：匹配 `Invalid parameter, index:`；日志路径：URMA_LOG_PATH",urma_delete_jfs_batch 在执行删除前发现调用方传入的 context 不满足当前操作要求，通常是对象为空、状态不匹配或与 provider 能力不一致，因此直接返回错误以避免继续访问非法资源。,无
urma_773,urma_delete_jfs_batch 读取或解析 sysfs 设备/EID/端口信息失败导致设备信息不可用,关键日志：匹配 Failed to delete jfs batch；日志路径：URMA_LOG_PATH,urma_delete_jfs_batch 依赖 sysfs 中的设备、EID、端口、能力或 cdev 路径信息枚举 URMA 设备并构建设备属性，但文件打开、读取、格式化路径或内容解析失败，导致设备、端口或 EID 信息无法被用户态正确使用。,无
urma_774,urma_free_jfr 校验 JFR 无效导致释放流程拒绝继续执行,关键日志：匹配 Invalid parameter；日志路径：URMA_LOG_PATH,urma_free_jfr 在执行释放前发现调用方传入的 JFR 不满足当前操作要求，通常是对象为空、状态不匹配或与 provider 能力不一致，因此直接返回错误以避免继续访问非法资源。,无
urma_775,urma_free_jfr 执行释放 JFR 失败导致当前资源状态无法推进,"关键日志：匹配 jfr still actived, please deactived first；日志路径：URMA_LOG_PATH",urma_free_jfr 调用下层 provider、bond 组件或系统接口处理 JFR 时返回失败，当前分支携带 ret/errno 等错误结果退出，导致该资源的创建、导入、修改、投递或清理状态无法继续推进。,无
urma_776,urma_free_jfr 校验 context 无效导致释放流程拒绝继续执行,关键日志：匹配 Invalid parameter；日志路径：URMA_LOG_PATH,urma_free_jfr 在执行释放前发现调用方传入的 context 不满足当前操作要求，通常是对象为空、状态不匹配或与 provider 能力不一致，因此直接返回错误以避免继续访问非法资源。,无
urma_777,urma_free_jfr 执行释放 JFR 失败导致当前资源状态无法推进,关键日志：匹配 Failed to free jfr；日志路径：URMA_LOG_PATH,urma_free_jfr 调用下层 provider、bond 组件或系统接口处理 JFR 时返回失败，当前分支携带 ret/errno 等错误结果退出，导致该资源的创建、导入、修改、投递或清理状态无法继续推进。,无
urma_778,urma_delete_jfr 校验 JFR 无效导致删除流程拒绝继续执行,关键日志：匹配 Invalid parameter；日志路径：URMA_LOG_PATH,urma_delete_jfr 在执行删除前发现调用方传入的 JFR 不满足当前操作要求，通常是对象为空、状态不匹配或与 provider 能力不一致，因此直接返回错误以避免继续访问非法资源。,无
urma_779,urma_delete_jfr 执行删除 JFR 失败导致当前资源状态无法推进,"关键日志：匹配 jfr is deactived, can not delete；日志路径：URMA_LOG_PATH",urma_delete_jfr 调用下层 provider、bond 组件或系统接口处理 JFR 时返回失败，当前分支携带 ret/errno 等错误结果退出，导致该资源的创建、导入、修改、投递或清理状态无法继续推进。,无
urma_780,urma_delete_jfr 校验 context 无效导致删除流程拒绝继续执行,关键日志：匹配 Invalid parameter；日志路径：URMA_LOG_PATH,urma_delete_jfr 在执行删除前发现调用方传入的 context 不满足当前操作要求，通常是对象为空、状态不匹配或与 provider 能力不一致，因此直接返回错误以避免继续访问非法资源。,无
urma_781,urma_delete_jfr 执行删除 设备 失败导致当前资源状态无法推进,"关键日志：依次匹配 `[DRV_ERR]Failed to delete jfr, dev_name:`、`, eid_idx:`、`, id:`、`, status:`；日志路径：URMA_LOG_PATH",urma_delete_jfr 调用下层 provider、bond 组件或系统接口处理 设备 时返回失败，当前分支携带 ret/errno 等错误结果退出，导致该资源的创建、导入、修改、投递或清理状态无法继续推进。,无
urma_782,urma_delete_jfr_batch 校验 context 无效导致删除流程拒绝继续执行,"关键日志：匹配 `Invalid parameter, index:`；日志路径：URMA_LOG_PATH",urma_delete_jfr_batch 在执行删除前发现调用方传入的 context 不满足当前操作要求，通常是对象为空、状态不匹配或与 provider 能力不一致，因此直接返回错误以避免继续访问非法资源。,无
urma_783,urma_delete_jfr_batch 读取或解析 sysfs 设备/EID/端口信息失败导致设备信息不可用,关键日志：匹配 Failed to delete jfr batch；日志路径：URMA_LOG_PATH,urma_delete_jfr_batch 依赖 sysfs 中的设备、EID、端口、能力或 cdev 路径信息枚举 URMA 设备并构建设备属性，但文件打开、读取、格式化路径或内容解析失败，导致设备、端口或 EID 信息无法被用户态正确使用。,无
urma_784,urma_delete_jfce 校验 JFCE 无效导致删除流程拒绝继续执行,关键日志：匹配 Invalid parameter；日志路径：URMA_LOG_PATH,urma_delete_jfce 在执行删除前发现调用方传入的 JFCE 不满足当前操作要求，通常是对象为空、状态不匹配或与 provider 能力不一致，因此直接返回错误以避免继续访问非法资源。,当前不会触发
urma_785,urma_delete_jfce 执行删除 JFCE 失败导致当前资源状态无法推进,"关键日志：匹配 `Jfce is still used by at least one jfc, refcnt:`；日志路径：URMA_LOG_PATH",urma_delete_jfce 调用下层 provider、bond 组件或系统接口处理 JFCE 时返回失败，当前分支携带 ret/errno 等错误结果退出，导致该资源的创建、导入、修改、投递或清理状态无法继续推进。,当前不会触发
urma_786,urma_delete_jfce 校验 context 无效导致删除流程拒绝继续执行,关键日志：匹配 Invalid parameter；日志路径：URMA_LOG_PATH,urma_delete_jfce 在执行删除前发现调用方传入的 context 不满足当前操作要求，通常是对象为空、状态不匹配或与 provider 能力不一致，因此直接返回错误以避免继续访问非法资源。,当前不会触发
urma_787,urma_delete_jfce 执行删除 JFCE 失败导致当前资源状态无法推进,"关键日志：匹配 `[DRV_ERR]Failed to delete jfce, ret:`；日志路径：URMA_LOG_PATH",urma_delete_jfce 调用下层 provider、bond 组件或系统接口处理 JFCE 时返回失败，当前分支携带 ret/errno 等错误结果退出，导致该资源的创建、导入、修改、投递或清理状态无法继续推进。,当前不会触发
urma_788,urma_delete_jetty_to_jetty_grp 读取或解析 sysfs 设备/EID/端口信息失败导致设备信息不可用,关键日志：匹配 failed to delete jetty to jetty_grp；日志路径：URMA_LOG_PATH,urma_delete_jetty_to_jetty_grp 依赖 sysfs 中的设备、EID、端口、能力或 cdev 路径信息枚举 URMA 设备并构建设备属性，但文件打开、读取、格式化路径或内容解析失败，导致设备、端口或 EID 信息无法被用户态正确使用。,无
urma_789,urma_free_jetty 校验 Jetty 无效导致释放流程拒绝继续执行,关键日志：匹配 Invalid parameter；日志路径：URMA_LOG_PATH,urma_free_jetty 在执行释放前发现调用方传入的 Jetty 不满足当前操作要求，通常是对象为空、状态不匹配或与 provider 能力不一致，因此直接返回错误以避免继续访问非法资源。,无
urma_790,urma_free_jetty 执行释放 Jetty 失败导致当前资源状态无法推进,"关键日志：匹配 jetty still actived, please deactived first；日志路径：URMA_LOG_PATH",urma_free_jetty 调用下层 provider、bond 组件或系统接口处理 Jetty 时返回失败，当前分支携带 ret/errno 等错误结果退出，导致该资源的创建、导入、修改、投递或清理状态无法继续推进。,无
urma_791,urma_free_jetty 执行释放 Jetty 失败导致当前资源状态无法推进,"关键日志：匹配 Failed to delete jetty because it has remote jetty, try unbind first；日志路径：URMA_LOG_PATH",urma_free_jetty 调用下层 provider、bond 组件或系统接口处理 Jetty 时返回失败，当前分支携带 ret/errno 等错误结果退出，导致该资源的创建、导入、修改、投递或清理状态无法继续推进。,无
urma_792,urma_free_jetty 校验 context 无效导致释放流程拒绝继续执行,关键日志：匹配 Invalid parameter；日志路径：URMA_LOG_PATH,urma_free_jetty 在执行释放前发现调用方传入的 context 不满足当前操作要求，通常是对象为空、状态不匹配或与 provider 能力不一致，因此直接返回错误以避免继续访问非法资源。,无
urma_793,urma_delete_jetty 校验 Jetty 无效导致删除流程拒绝继续执行,关键日志：匹配 Invalid parameter；日志路径：URMA_LOG_PATH,urma_delete_jetty 在执行删除前发现调用方传入的 Jetty 不满足当前操作要求，通常是对象为空、状态不匹配或与 provider 能力不一致，因此直接返回错误以避免继续访问非法资源。,无
urma_794,urma_delete_jetty 执行删除 Jetty 失败导致当前资源状态无法推进,"关键日志：匹配 jetty still deactived, can not delete；日志路径：URMA_LOG_PATH",urma_delete_jetty 调用下层 provider、bond 组件或系统接口处理 Jetty 时返回失败，当前分支携带 ret/errno 等错误结果退出，导致该资源的创建、导入、修改、投递或清理状态无法继续推进。,无
urma_795,urma_delete_jetty 执行删除 Jetty 失败导致当前资源状态无法推进,"关键日志：匹配 Failed to delete jetty because it has remote jetty, try unbind first；日志路径：URMA_LOG_PATH",urma_delete_jetty 调用下层 provider、bond 组件或系统接口处理 Jetty 时返回失败，当前分支携带 ret/errno 等错误结果退出，导致该资源的创建、导入、修改、投递或清理状态无法继续推进。,无
urma_796,urma_delete_jetty 校验 context 无效导致删除流程拒绝继续执行,关键日志：匹配 Invalid parameter；日志路径：URMA_LOG_PATH,urma_delete_jetty 在执行删除前发现调用方传入的 context 不满足当前操作要求，通常是对象为空、状态不匹配或与 provider 能力不一致，因此直接返回错误以避免继续访问非法资源。,无
urma_797,urma_delete_jetty 执行删除 设备 失败导致当前资源状态无法推进,"关键日志：依次匹配 `[DRV_ERR]Failed to delete jetty, dev_name:`、`, eid_idx:`、`, id:`、`, ret:`；日志路径：URMA_LOG_PATH",urma_delete_jetty 调用下层 provider、bond 组件或系统接口处理 设备 时返回失败，当前分支携带 ret/errno 等错误结果退出，导致该资源的创建、导入、修改、投递或清理状态无法继续推进。,无
urma_798,urma_delete_jetty_batch 读取或解析 sysfs 设备/EID/端口信息失败导致设备信息不可用,"关键日志：匹配 `Failed to delete as jetty has remote jetty, try unbind, index:`；日志路径：URMA_LOG_PATH",urma_delete_jetty_batch 依赖 sysfs 中的设备、EID、端口、能力或 cdev 路径信息枚举 URMA 设备并构建设备属性，但文件打开、读取、格式化路径或内容解析失败，导致设备、端口或 EID 信息无法被用户态正确使用。,无
urma_799,urma_delete_jetty_batch 校验 context 无效导致删除流程拒绝继续执行,"关键日志：匹配 `Invalid parameter, index:`；日志路径：URMA_LOG_PATH",urma_delete_jetty_batch 在执行删除前发现调用方传入的 context 不满足当前操作要求，通常是对象为空、状态不匹配或与 provider 能力不一致，因此直接返回错误以避免继续访问非法资源。,无
urma_800,urma_delete_jetty_batch 执行删除 Jetty 失败导致当前资源状态无法推进,"关键日志：匹配 `Failed to delete jetty batch, ret:`；日志路径：URMA_LOG_PATH",urma_delete_jetty_batch 调用下层 provider、bond 组件或系统接口处理 Jetty 时返回失败，当前分支携带 ret/errno 等错误结果退出，导致该资源的创建、导入、修改、投递或清理状态无法继续推进。,无
urma_801,urma_delete_notifier 校验 URMA 对象 无效导致删除流程拒绝继续执行,关键日志：匹配 Invalid parameter；日志路径：URMA_LOG_PATH,urma_delete_notifier 在执行删除前发现调用方传入的 URMA 对象 不满足当前操作要求，通常是对象为空、状态不匹配或与 provider 能力不一致，因此直接返回错误以避免继续访问非法资源。,无
urma_802,urma_delete_notifier 校验 context 无效导致删除流程拒绝继续执行,关键日志：匹配 Invalid parameter；日志路径：URMA_LOG_PATH,urma_delete_notifier 在执行删除前发现调用方传入的 context 不满足当前操作要求，通常是对象为空、状态不匹配或与 provider 能力不一致，因此直接返回错误以避免继续访问非法资源。,无
urma_803,urma_delete_notifier 校验 context 无效导致删除流程拒绝继续执行,关键日志：匹配 Invalid parameter；日志路径：URMA_LOG_PATH,urma_delete_notifier 在执行删除前发现调用方传入的 context 不满足当前操作要求，通常是对象为空、状态不匹配或与 provider 能力不一致，因此直接返回错误以避免继续访问非法资源。,无
urma_804,urma_delete_notifier 执行删除 URMA 对象 失败导致当前资源状态无法推进,"关键日志：匹配 `Failed to delete notifier, ret:`；日志路径：URMA_LOG_PATH",urma_delete_notifier 调用下层 provider、bond 组件或系统接口处理 URMA 对象 时返回失败，当前分支携带 ret/errno 等错误结果退出，导致该资源的创建、导入、修改、投递或清理状态无法继续推进。,无
urma_805,urma_delete_jetty_grp 校验 Jetty 无效导致删除流程拒绝继续执行,关键日志：匹配 Invalid parameter；日志路径：URMA_LOG_PATH,urma_delete_jetty_grp 在执行删除前发现调用方传入的 Jetty 不满足当前操作要求，通常是对象为空、状态不匹配或与 provider 能力不一致，因此直接返回错误以避免继续访问非法资源。,无
urma_806,urma_delete_jetty_grp 校验 context 无效导致删除流程拒绝继续执行,关键日志：匹配 Invalid parameter；日志路径：URMA_LOG_PATH,urma_delete_jetty_grp 在执行删除前发现调用方传入的 context 不满足当前操作要求，通常是对象为空、状态不匹配或与 provider 能力不一致，因此直接返回错误以避免继续访问非法资源。,无
urma_807,urma_delete_jetty_grp 校验 Jetty 无效导致删除流程拒绝继续执行,关键日志：匹配 Invalid parameter: jetty_list；日志路径：URMA_LOG_PATH,urma_delete_jetty_grp 在执行删除前发现调用方传入的 Jetty 不满足当前操作要求，通常是对象为空、状态不匹配或与 provider 能力不一致，因此直接返回错误以避免继续访问非法资源。,无
urma_808,urma_delete_jetty_grp 执行删除 Jetty group 失败导致当前资源状态无法推进,"关键日志：匹配 jetty grp in use, jetty_cnt；日志路径：URMA_LOG_PATH",urma_delete_jetty_grp 调用下层 provider、bond 组件或系统接口处理 Jetty group 时返回失败，当前分支携带 ret/errno 等错误结果退出，导致该资源的创建、导入、修改、投递或清理状态无法继续推进。,无
urma_809,urma_delete_context 校验 context 无效导致删除流程拒绝继续执行,关键日志：匹配 Invalid parameter；日志路径：URMA_LOG_PATH,urma_delete_context 在执行删除前发现调用方传入的 context 不满足当前操作要求，通常是对象为空、状态不匹配或与 provider 能力不一致，因此直接返回错误以避免继续访问非法资源。,当前不会触发
urma_810,设备/驱动交互失败,向下级匹配。,向下级匹配。,向下级匹配。
urma_811,urma_cmd_modify_jfs 校验 context 无效导致修改流程拒绝继续执行,关键日志：匹配 Invalid parameter；日志路径：URMA_LOG_PATH,urma_cmd_modify_jfs 在执行修改前发现调用方传入的 context 不满足当前操作要求，通常是对象为空、状态不匹配或与 provider 能力不一致，因此直接返回错误以避免继续访问非法资源。,无
urma_812,urma_cmd_modify_jfs URMA 控制面命令 ioctl 下发内核驱动失败导致用户态操作中断,"关键日志：依次匹配 `ioctl failed in urma_cmd_modify_jfs, ret:`、`, errno:`；日志路径：URMA_LOG_PATH",urma_cmd_modify_jfs 通过 fd 向内核驱动下发URMA 控制面命令请求时，ioctl 返回失败，说明内核驱动没有完成对应控制面动作，用户态无法取得或更新 JFS 状态。,无
urma_813,urma_cmd_modify_jfr 校验 context 无效导致修改流程拒绝继续执行,关键日志：匹配 Invalid parameter；日志路径：URMA_LOG_PATH,urma_cmd_modify_jfr 在执行修改前发现调用方传入的 context 不满足当前操作要求，通常是对象为空、状态不匹配或与 provider 能力不一致，因此直接返回错误以避免继续访问非法资源。,无
urma_814,urma_cmd_modify_jfr URMA 控制面命令 ioctl 下发内核驱动失败导致用户态操作中断,"关键日志：依次匹配 `ioctl failed in urma_cmd_modify_jfr, ret:`、`, errno:`；日志路径：URMA_LOG_PATH",urma_cmd_modify_jfr 通过 fd 向内核驱动下发URMA 控制面命令请求时，ioctl 返回失败，说明内核驱动没有完成对应控制面动作，用户态无法取得或更新 JFR 状态。,无
urma_815,urma_cmd_modify_jfc 校验 context 无效导致修改流程拒绝继续执行,关键日志：匹配 Invalid parameter；日志路径：URMA_LOG_PATH,urma_cmd_modify_jfc 在执行修改前发现调用方传入的 context 不满足当前操作要求，通常是对象为空、状态不匹配或与 provider 能力不一致，因此直接返回错误以避免继续访问非法资源。,无
urma_816,urma_cmd_modify_jfc URMA 控制面命令 ioctl 下发内核驱动失败导致用户态操作中断,"关键日志：依次匹配 `ioctl failed in urma_cmd_modify_jfc, ret:`、`, errno:`；日志路径：URMA_LOG_PATH",urma_cmd_modify_jfc 通过 fd 向内核驱动下发URMA 控制面命令请求时，ioctl 返回失败，说明内核驱动没有完成对应控制面动作，用户态无法取得或更新 JFC 状态。,无
urma_817,urma_cmd_advise_jfr 校验 context 无效导致处理流程拒绝继续执行,关键日志：匹配 Invalid parameter；日志路径：URMA_LOG_PATH,urma_cmd_advise_jfr 在执行处理前发现调用方传入的 context 不满足当前操作要求，通常是对象为空、状态不匹配或与 provider 能力不一致，因此直接返回错误以避免继续访问非法资源。,无
urma_818,urma_cmd_unadvise_jfr 校验 context 无效导致处理流程拒绝继续执行,关键日志：匹配 Invalid parameter；日志路径：URMA_LOG_PATH,urma_cmd_unadvise_jfr 在执行处理前发现调用方传入的 context 不满足当前操作要求，通常是对象为空、状态不匹配或与 provider 能力不一致，因此直接返回错误以避免继续访问非法资源。,无
urma_819,urma_cmd_unadvise_jetty 校验 context 无效导致处理流程拒绝继续执行,关键日志：匹配 Invalid parameter；日志路径：URMA_LOG_PATH,urma_cmd_unadvise_jetty 在执行处理前发现调用方传入的 context 不满足当前操作要求，通常是对象为空、状态不匹配或与 provider 能力不一致，因此直接返回错误以避免继续访问非法资源。,无
urma_820,urma_cmd_modify_jetty 校验 context 无效导致修改流程拒绝继续执行,关键日志：匹配 Invalid parameter；日志路径：URMA_LOG_PATH,urma_cmd_modify_jetty 在执行修改前发现调用方传入的 context 不满足当前操作要求，通常是对象为空、状态不匹配或与 provider 能力不一致，因此直接返回错误以避免继续访问非法资源。,无
urma_821,urma_check_jetty_cfg_with_jetty_grp 校验 Jetty 无效导致校验流程拒绝继续执行,关键日志：匹配 Invalid token with unshared jfr；日志路径：URMA_LOG_PATH,urma_check_jetty_cfg_with_jetty_grp 在执行校验前发现调用方传入的 Jetty 不满足当前操作要求，通常是对象为空、状态不匹配或与 provider 能力不一致，因此直接返回错误以避免继续访问非法资源。,无
urma_822,urma_add_jetty_to_jetty_grp 读取或解析 sysfs 设备/EID/端口信息失败导致设备信息不可用,关键日志：匹配 failed to add jetty to jetty_grp；日志路径：URMA_LOG_PATH,urma_add_jetty_to_jetty_grp 依赖 sysfs 中的设备、EID、端口、能力或 cdev 路径信息枚举 URMA 设备并构建设备属性，但文件打开、读取、格式化路径或内容解析失败，导致设备、端口或 EID 信息无法被用户态正确使用。,无
urma_823,urma_discover_devices 读取或解析 sysfs 设备/EID/端口信息失败导致设备信息不可用,"关键日志：匹配 `open failed, errno:`；日志路径：URMA_LOG_PATH",urma_discover_devices 依赖 sysfs 中的设备、EID、端口、能力或 cdev 路径信息枚举 URMA 设备并构建设备属性，但文件打开、读取、格式化路径或内容解析失败，导致设备、端口或 EID 信息无法被用户态正确使用。,无
urma_824,urma_close_provider 打开 provider 失败导致处理无法访问底层资源,"关键日志：匹配 close failed, err；日志路径：URMA_LOG_PATH",urma_close_provider 需要访问 provider 对应的文件、目录、provider 动态库或字符设备，但路径不存在、权限不足或系统调用失败，导致后续 URMA 设备枚举、provider 装载或上下文创建无法进行。,无
urma_825,urma_validate_driver 校验 URMA 对象 无效导致处理流程拒绝继续执行,关键日志：匹配 Invalid driver name length；日志路径：URMA_LOG_PATH,urma_validate_driver 在执行处理前发现调用方传入的 URMA 对象 不满足当前操作要求，通常是对象为空、状态不匹配或与 provider 能力不一致，因此直接返回错误以避免继续访问非法资源。,无
urma_826,urma_open_drivers 装载或匹配 provider 失败导致设备驱动能力不可用,关键日志：匹配 Failed to get dl addr；日志路径：URMA_LOG_PATH,urma_open_drivers 在初始化或注册设备时未能打开 provider 动态库、获取动态库路径、匹配驱动名称或完成 provider 注册，导致 URMA 用户态无法绑定对应设备的 provider 操作集。,无
urma_827,urma_open_drivers 装载或匹配 provider 失败导致设备驱动能力不可用,关键日志：匹配 Failed to prepare dli_fname；日志路径：URMA_LOG_PATH,urma_open_drivers 在初始化或注册设备时未能打开 provider 动态库、获取动态库路径、匹配驱动名称或完成 provider 注册，导致 URMA 用户态无法绑定对应设备的 provider 操作集。,无
urma_828,urma_open_drivers 装载或匹配 provider 失败导致设备驱动能力不可用,"关键日志：依次匹配 `strrchr`、`failed, errno:`；日志路径：URMA_LOG_PATH",urma_open_drivers 在初始化或注册设备时未能打开 provider 动态库、获取动态库路径、匹配驱动名称或完成 provider 注册，导致 URMA 用户态无法绑定对应设备的 provider 操作集。,无
urma_829,urma_open_drivers 装载或匹配 provider 失败导致设备驱动能力不可用,关键日志：匹配 Failed to open liburma dir；日志路径：URMA_LOG_PATH,urma_open_drivers 在初始化或注册设备时未能打开 provider 动态库、获取动态库路径、匹配驱动名称或完成 provider 注册，导致 URMA 用户态无法绑定对应设备的 provider 操作集。,无
urma_830,urma_open_drivers 装载或匹配 provider 失败导致设备驱动能力不可用,关键日志：依次匹配 `snprintf_s`、`failed`；日志路径：URMA_LOG_PATH,urma_open_drivers 在初始化或注册设备时未能打开 provider 动态库、获取动态库路径、匹配驱动名称或完成 provider 注册，导致 URMA 用户态无法绑定对应设备的 provider 操作集。,无
urma_831,urma_open_drivers 装载或匹配 provider 失败导致设备驱动能力不可用,关键日志：匹配 Failed to open provider；日志路径：URMA_LOG_PATH,urma_open_drivers 在初始化或注册设备时未能打开 provider 动态库、获取动态库路径、匹配驱动名称或完成 provider 注册，导致 URMA 用户态无法绑定对应设备的 provider 操作集。,无
urma_832,urma_open_cdev 读取或解析 sysfs 设备/EID/端口信息失败导致设备信息不可用,关键日志：依次匹配 `file_path:`、`is not standardize`；日志路径：URMA_LOG_PATH,urma_open_cdev 依赖 sysfs 中的设备、EID、端口、能力或 cdev 路径信息枚举 URMA 设备并构建设备属性，但文件打开、读取、格式化路径或内容解析失败，导致设备、端口或 EID 信息无法被用户态正确使用。,无
urma_833,其他URMA故障,向下级匹配。,向下级匹配。,向下级匹配。
urma_834,bondp_modify_jfc 执行修改 JFC 失败导致当前资源状态无法推进,"关键日志：依次匹配 `modify pjfc fail, index:`、`, ret:`；日志路径：URMA_LOG_PATH",bondp_modify_jfc 调用下层 provider、bond 组件或系统接口处理 JFC 时返回失败，当前分支携带 ret/errno 等错误结果退出，导致该资源的创建、导入、修改、投递或清理状态无法继续推进。,无
urma_835,bondp_add_jfs_p_vjetty_id_info 执行处理 Jetty 失败导致当前资源状态无法推进,"关键日志：依次匹配 `Failed to add p_vjfs_id[`、`]: ret:`、`, p_jfs_id:`、`, v_jfs_id:`；日志路径：URMA_LOG_PATH",bondp_add_jfs_p_vjetty_id_info 调用下层 provider、bond 组件或系统接口处理 Jetty 时返回失败，当前分支携带 ret/errno 等错误结果退出，导致该资源的创建、导入、修改、投递或清理状态无法继续推进。,无
urma_836,bondp_del_jfs_p_vjetty_info_without_lock 执行处理 Jetty 失败导致当前资源状态无法推进,关键日志：依次匹配 `Failed to delete p_vjfs_id node[`、`]: ret:`、`pjfs_id:`；日志路径：URMA_LOG_PATH,bondp_del_jfs_p_vjetty_info_without_lock 调用下层 provider、bond 组件或系统接口处理 Jetty 时返回失败，当前分支携带 ret/errno 等错误结果退出，导致该资源的创建、导入、修改、投递或清理状态无法继续推进。,无
urma_837,bondp_modify_jfs 执行修改 JFS 失败导致当前资源状态无法推进,"关键日志：依次匹配 `modify pjfs fail, index:`、`, ret:`；日志路径：URMA_LOG_PATH",bondp_modify_jfs 调用下层 provider、bond 组件或系统接口处理 JFS 时返回失败，当前分支携带 ret/errno 等错误结果退出，导致该资源的创建、导入、修改、投递或清理状态无法继续推进。,无
urma_838,bondp_add_jfr_p_vjetty_id_info 执行处理 Jetty 失败导致当前资源状态无法推进,"关键日志：依次匹配 `Failed to add p_vjfr_id[`、`]: ret:`、`, p_jfr_id:`、`, v_jfr_id:`；日志路径：URMA_LOG_PATH",bondp_add_jfr_p_vjetty_id_info 调用下层 provider、bond 组件或系统接口处理 Jetty 时返回失败，当前分支携带 ret/errno 等错误结果退出，导致该资源的创建、导入、修改、投递或清理状态无法继续推进。,无
urma_839,bondp_del_jfr_p_vjetty_info_without_lock 执行处理 Jetty 失败导致当前资源状态无法推进,关键日志：依次匹配 `Failed to delete p_vjfr_id node[`、`]: ret`、`pjfr_id:`；日志路径：URMA_LOG_PATH,bondp_del_jfr_p_vjetty_info_without_lock 调用下层 provider、bond 组件或系统接口处理 Jetty 时返回失败，当前分支携带 ret/errno 等错误结果退出，导致该资源的创建、导入、修改、投递或清理状态无法继续推进。,无
urma_840,bondp_modify_jfr 执行修改 JFR 失败导致当前资源状态无法推进,"关键日志：依次匹配 `modify pjfr fail, index:`、`, ret:`；日志路径：URMA_LOG_PATH",bondp_modify_jfr 调用下层 provider、bond 组件或系统接口处理 JFR 时返回失败，当前分支携带 ret/errno 等错误结果退出，导致该资源的创建、导入、修改、投递或清理状态无法继续推进。,无
urma_841,bondp_add_jetty_p_vjetty_id_info 执行处理 Jetty 失败导致当前资源状态无法推进,"关键日志：依次匹配 `Failed to add p_vjetty_id[`、`]: ret:`、`, p_jetty_id:`、`, v_jetty_id:`；日志路径：URMA_LOG_PATH",bondp_add_jetty_p_vjetty_id_info 调用下层 provider、bond 组件或系统接口处理 Jetty 时返回失败，当前分支携带 ret/errno 等错误结果退出，导致该资源的创建、导入、修改、投递或清理状态无法继续推进。,无
urma_842,bondp_del_jetty_p_vjetty_info_without_lock 执行处理 Jetty 失败导致当前资源状态无法推进,关键日志：依次匹配 `Failed to delete p_vjetty_id node: ret:`、`pjetty_id:`；日志路径：URMA_LOG_PATH,bondp_del_jetty_p_vjetty_info_without_lock 调用下层 provider、bond 组件或系统接口处理 Jetty 时返回失败，当前分支携带 ret/errno 等错误结果退出，导致该资源的创建、导入、修改、投递或清理状态无法继续推进。,无
urma_843,bondp_modify_jetty 执行修改 Jetty 失败导致当前资源状态无法推进,"关键日志：依次匹配 `modify pjetty fail, index:`、`, ret:`；日志路径：URMA_LOG_PATH",bondp_modify_jetty 调用下层 provider、bond 组件或系统接口处理 Jetty 时返回失败，当前分支携带 ret/errno 等错误结果退出，导致该资源的创建、导入、修改、投递或清理状态无法继续推进。,无
urma_844,bondp_user_ctl 校验 context 无效导致处理流程拒绝继续执行,关键日志：匹配 Invalid len；日志路径：URMA_LOG_PATH,bondp_user_ctl 在执行处理前发现调用方传入的 context 不满足当前操作要求，通常是对象为空、状态不匹配或与 provider 能力不一致，因此直接返回错误以避免继续访问非法资源。,无
urma_845,bondp_user_ctl 执行处理 context 失败导致当前资源状态无法推进,"关键日志：匹配 `Unsupported opcode, opcode:`；日志路径：URMA_LOG_PATH",bondp_user_ctl 调用下层 provider、bond 组件或系统接口处理 context 时返回失败，当前分支携带 ret/errno 等错误结果退出，导致该资源的创建、导入、修改、投递或清理状态无法继续推进。,无
urma_846,add_remote_jetty_id_info 执行处理 Jetty 失败导致当前资源状态无法推进,"关键日志：依次匹配 `Failed to add bdp_r_p2v_vjetty_id[`、`]: ret:`、`, jetty_id: (`、`, uasid:`、`, id:`；日志路径：URMA_LOG_PATH",add_remote_jetty_id_info 调用下层 provider、bond 组件或系统接口处理 Jetty 时返回失败，当前分支携带 ret/errno 等错误结果退出，导致该资源的创建、导入、修改、投递或清理状态无法继续推进。,无
urma_847,bondp_insert_p_jfce 管理 epoll fd 失败导致 JFCE 事件聚合不可用,关键日志：依次匹配 `Fail to add fd:`、`to epoll fd`；日志路径：URMA_LOG_PATH,bondp_insert_p_jfce 在 bond 模式下需要把物理 JFCE fd 加入或移出虚拟 JFCE 的 epoll 集合，但 epoll 系统调用失败，完成事件无法被统一监听和分发。,无
urma_848,BDP_V_CONN_HASH_BASIS 校验 Jetty 无效导致处理流程拒绝继续执行,关键日志：匹配 Invalid param；日志路径：URMA_LOG_PATH,BDP_V_CONN_HASH_BASIS 在执行处理前发现调用方传入的 Jetty 不满足当前操作要求，通常是对象为空、状态不匹配或与 provider 能力不一致，因此直接返回错误以避免继续访问非法资源。,无
urma_849,encode_jfs_wr_reliable_info 执行处理 JFS 失败导致当前资源状态无法推进,关键日志：匹配 Unsupported send opcode；日志路径：URMA_LOG_PATH,encode_jfs_wr_reliable_info 调用下层 provider、bond 组件或系统接口处理 JFS 时返回失败，当前分支携带 ret/errno 等错误结果退出，导致该资源的创建、导入、修改、投递或清理状态无法继续推进。,无
urma_850,restore_cr_local_id 执行处理 Jetty 失败导致当前资源状态无法推进,"关键日志：依次匹配 `Failed to get vjetty.id of local_id:`、`, ret:`；日志路径：URMA_LOG_PATH",restore_cr_local_id 调用下层 provider、bond 组件或系统接口处理 Jetty 时返回失败，当前分支携带 ret/errno 等错误结果退出，导致该资源的创建、导入、修改、投递或清理状态无法继续推进。,无
urma_851,bondp_handle_cr_no_store 校验 WR 无效导致处理流程拒绝继续执行,关键日志：匹配 `Invalid cr error status:`；日志路径：URMA_LOG_PATH,bondp_handle_cr_no_store 在执行处理前发现调用方传入的 WR 不满足当前操作要求，通常是对象为空、状态不匹配或与 provider 能力不一致，因此直接返回错误以避免继续访问非法资源。,无
urma_852,bondp_flush_jetty 装载或匹配 provider 失败导致设备驱动能力不可用,关键日志：依次匹配 `Failed to flush pjetty[`、`]:`；日志路径：URMA_LOG_PATH,bondp_flush_jetty 在初始化或注册设备时未能打开 provider 动态库、获取动态库路径、匹配驱动名称或完成 provider 注册，导致 URMA 用户态无法绑定对应设备的 provider 操作集。,无
urma_853,bdp_queue_front 执行处理 URMA 对象 失败导致当前资源状态无法推进,关键日志：匹配 data is NULL；日志路径：URMA_LOG_PATH,bdp_queue_front 调用下层 provider、bond 组件或系统接口处理 URMA 对象 时返回失败，当前分支携带 ret/errno 等错误结果退出，导致该资源的创建、导入、修改、投递或清理状态无法继续推进。,无
urma_854,bdp_queue_pop_head 执行处理 URMA 对象 失败导致当前资源状态无法推进,关键日志：匹配 data is NULL；日志路径：URMA_LOG_PATH,bdp_queue_pop_head 调用下层 provider、bond 组件或系统接口处理 URMA 对象 时返回失败，当前分支携带 ret/errno 等错误结果退出，导致该资源的创建、导入、修改、投递或清理状态无法继续推进。,无
urma_855,bdp_queue_pop_tail 执行处理 URMA 对象 失败导致当前资源状态无法推进,关键日志：匹配 data is NULL；日志路径：URMA_LOG_PATH,bdp_queue_pop_tail 调用下层 provider、bond 组件或系统接口处理 URMA 对象 时返回失败，当前分支携带 ret/errno 等错误结果退出，导致该资源的创建、导入、修改、投递或清理状态无法继续推进。,无
urma_856,bdp_slide_wnd_seq_in_window 校验 URMA 对象 无效导致处理流程拒绝继续执行,关键日志：匹配 Invalid param wnd；日志路径：URMA_LOG_PATH,bdp_slide_wnd_seq_in_window 在执行处理前发现调用方传入的 URMA 对象 不满足当前操作要求，通常是对象为空、状态不匹配或与 provider 能力不一致，因此直接返回错误以避免继续访问非法资源。,无
urma_857,bdp_slide_wnd_seq_in_window 更新 URMA 对象 映射结构失败导致资源索引不可用,关键日志：匹配 Seq larger than total size of bitmap；日志路径：URMA_LOG_PATH,bdp_slide_wnd_seq_in_window 需要维护 URMA 对象 到物理资源或虚拟资源的映射关系，但哈希表创建、插入、删除或查找失败，后续无法通过标识定位正确资源。,无
urma_858,bdp_slide_wnd_has 校验 URMA 对象 无效导致处理流程拒绝继续执行,关键日志：匹配 Invalid param wnd；日志路径：URMA_LOG_PATH,bdp_slide_wnd_has 在执行处理前发现调用方传入的 URMA 对象 不满足当前操作要求，通常是对象为空、状态不匹配或与 provider 能力不一致，因此直接返回错误以避免继续访问非法资源。,无
urma_859,bdp_slide_wnd_has 更新 URMA 对象 映射结构失败导致资源索引不可用,关键日志：匹配 Seq larger than total size of bitmap；日志路径：URMA_LOG_PATH,bdp_slide_wnd_has 需要维护 URMA 对象 到物理资源或虚拟资源的映射关系，但哈希表创建、插入、删除或查找失败，后续无法通过标识定位正确资源。,无
urma_860,bdp_slide_wnd_add 校验 URMA 对象 无效导致处理流程拒绝继续执行,关键日志：匹配 Invalid param wnd；日志路径：URMA_LOG_PATH,bdp_slide_wnd_add 在执行处理前发现调用方传入的 URMA 对象 不满足当前操作要求，通常是对象为空、状态不匹配或与 provider 能力不一致，因此直接返回错误以避免继续访问非法资源。,无
urma_861,update_mapping_hash_table 更新 设备 映射结构失败导致资源索引不可用,关键日志：匹配 Failed to add agg eid to mapping hash table；日志路径：URMA_LOG_PATH,update_mapping_hash_table 需要维护 设备 到物理资源或虚拟资源的映射关系，但哈希表创建、插入、删除或查找失败，后续无法通过标识定位正确资源。,无
urma_862,update_mapping_hash_table 更新 设备 映射结构失败导致资源索引不可用,关键日志：匹配 Failed to add primary eid to mapping hash table；日志路径：URMA_LOG_PATH,update_mapping_hash_table 需要维护 设备 到物理资源或虚拟资源的映射关系，但哈希表创建、插入、删除或查找失败，后续无法通过标识定位正确资源。,无
urma_863,update_mapping_hash_table 更新 设备 映射结构失败导致资源索引不可用,关键日志：匹配 Failed to add port eid to mapping hash table；日志路径：URMA_LOG_PATH,update_mapping_hash_table 需要维护 设备 到物理资源或虚拟资源的映射关系，但哈希表创建、插入、删除或查找失败，后续无法通过标识定位正确资源。,无
urma_864,deepcopy_jfs_wr_node 执行复制 JFS 失败导致当前资源状态无法推进,关键日志：匹配 Deepcopy src sg failed；日志路径：URMA_LOG_PATH,deepcopy_jfs_wr_node 调用下层 provider、bond 组件或系统接口处理 JFS 时返回失败，当前分支携带 ret/errno 等错误结果退出，导致该资源的创建、导入、修改、投递或清理状态无法继续推进。,无
urma_865,deepcopy_jfs_wr_node 执行复制 JFS 失败导致当前资源状态无法推进,关键日志：匹配 Deepcopy dst sg failed；日志路径：URMA_LOG_PATH,deepcopy_jfs_wr_node 调用下层 provider、bond 组件或系统接口处理 JFS 时返回失败，当前分支携带 ret/errno 等错误结果退出，导致该资源的创建、导入、修改、投递或清理状态无法继续推进。,无
urma_866,deepcopy_jfs_wr_node 执行复制 JFS 失败导致当前资源状态无法推进,关键日志：匹配 Deepcopy cas failed；日志路径：URMA_LOG_PATH,deepcopy_jfs_wr_node 调用下层 provider、bond 组件或系统接口处理 JFS 时返回失败，当前分支携带 ret/errno 等错误结果退出，导致该资源的创建、导入、修改、投递或清理状态无法继续推进。,无
urma_867,deepcopy_jfs_wr_node 执行复制 JFS 失败导致当前资源状态无法推进,关键日志：匹配 Deepcopy faa failed；日志路径：URMA_LOG_PATH,deepcopy_jfs_wr_node 调用下层 provider、bond 组件或系统接口处理 JFS 时返回失败，当前分支携带 ret/errno 等错误结果退出，导致该资源的创建、导入、修改、投递或清理状态无法继续推进。,无
urma_868,deepcopy_jfs_wr_node 校验 JFS 业务条件不满足导致复制流程拒绝继续执行,关键日志：匹配 `Not support opcode`；日志路径：URMA_LOG_PATH,deepcopy_jfs_wr_node 在执行复制时发现 JFS 的传输模式、绑定关系、路由选择、数量限制或设备属性与当前操作要求不一致，因此直接返回错误，避免建立错误的资源关系或下发不被支持的请求。,无
urma_869,deepcopy_jfs_wr_inner 校验 JFS 无效导致复制流程拒绝继续执行,关键日志：匹配 Invalid jfs wr to deepcopy；日志路径：URMA_LOG_PATH,deepcopy_jfs_wr_inner 在执行复制前发现调用方传入的 JFS 不满足当前操作要求，通常是对象为空、状态不匹配或与 provider 能力不一致，因此直接返回错误以避免继续访问非法资源。,无
urma_870,deepcopy_jfs_wr_inner 执行复制 JFS 失败导致当前资源状态无法推进,关键日志：匹配 Failed to copy in wr->next；日志路径：URMA_LOG_PATH,deepcopy_jfs_wr_inner 调用下层 provider、bond 组件或系统接口处理 JFS 时返回失败，当前分支携带 ret/errno 等错误结果退出，导致该资源的创建、导入、修改、投递或清理状态无法继续推进。,无
urma_871,deepcopy_jfr_wr_inner 校验 JFR 无效导致复制流程拒绝继续执行,关键日志：匹配 Invalid jfr wr to deepcopy；日志路径：URMA_LOG_PATH,deepcopy_jfr_wr_inner 在执行复制前发现调用方传入的 JFR 不满足当前操作要求，通常是对象为空、状态不匹配或与 provider 能力不一致，因此直接返回错误以避免继续访问非法资源。,无
urma_872,deepcopy_jfr_wr_inner 执行复制 JFR 失败导致当前资源状态无法推进,关键日志：匹配 Failed to copy in wr->next；日志路径：URMA_LOG_PATH,deepcopy_jfr_wr_inner 调用下层 provider、bond 组件或系统接口处理 JFR 时返回失败，当前分支携带 ret/errno 等错误结果退出，导致该资源的创建、导入、修改、投递或清理状态无法继续推进。,无
urma_873,urma_cmd_user_ctl 校验 context 无效导致处理流程拒绝继续执行,关键日志：匹配 Invalid parameter；日志路径：URMA_LOG_PATH,urma_cmd_user_ctl 在执行处理前发现调用方传入的 context 不满足当前操作要求，通常是对象为空、状态不匹配或与 provider 能力不一致，因此直接返回错误以避免继续访问非法资源。,无
urma_874,urma_check_opt_valid 校验 映射表 无效导致校验流程拒绝继续执行,关键日志：匹配 invalid opt len；日志路径：URMA_LOG_PATH,urma_check_opt_valid 在执行校验前发现调用方传入的 映射表 不满足当前操作要求，通常是对象为空、状态不匹配或与 provider 能力不一致，因此直接返回错误以避免继续访问非法资源。,无
urma_875,urma_modify_jfc 校验 JFC 无效导致修改流程拒绝继续执行,关键日志：匹配 Invalid parameter；日志路径：URMA_LOG_PATH,urma_modify_jfc 在执行修改前发现调用方传入的 JFC 不满足当前操作要求，通常是对象为空、状态不匹配或与 provider 能力不一致，因此直接返回错误以避免继续访问非法资源。,无
urma_876,urma_modify_jfc 校验 context 无效导致修改流程拒绝继续执行,关键日志：匹配 Invalid parameter；日志路径：URMA_LOG_PATH,urma_modify_jfc 在执行修改前发现调用方传入的 context 不满足当前操作要求，通常是对象为空、状态不匹配或与 provider 能力不一致，因此直接返回错误以避免继续访问非法资源。,无
urma_877,urma_modify_jfs 校验 JFS 无效导致修改流程拒绝继续执行,关键日志：匹配 Invalid parameter；日志路径：URMA_LOG_PATH,urma_modify_jfs 在执行修改前发现调用方传入的 JFS 不满足当前操作要求，通常是对象为空、状态不匹配或与 provider 能力不一致，因此直接返回错误以避免继续访问非法资源。,无
urma_878,urma_modify_jfs 校验 context 无效导致修改流程拒绝继续执行,关键日志：匹配 Invalid parameter；日志路径：URMA_LOG_PATH,urma_modify_jfs 在执行修改前发现调用方传入的 context 不满足当前操作要求，通常是对象为空、状态不匹配或与 provider 能力不一致，因此直接返回错误以避免继续访问非法资源。,无
urma_879,urma_modify_jfr 校验 JFR 无效导致修改流程拒绝继续执行,关键日志：匹配 Invalid parameter；日志路径：URMA_LOG_PATH,urma_modify_jfr 在执行修改前发现调用方传入的 JFR 不满足当前操作要求，通常是对象为空、状态不匹配或与 provider 能力不一致，因此直接返回错误以避免继续访问非法资源。,无
urma_880,urma_modify_jfr 校验 context 无效导致修改流程拒绝继续执行,关键日志：匹配 Invalid parameter；日志路径：URMA_LOG_PATH,urma_modify_jfr 在执行修改前发现调用方传入的 context 不满足当前操作要求，通常是对象为空、状态不匹配或与 provider 能力不一致，因此直接返回错误以避免继续访问非法资源。,无
urma_881,urma_check_jetty_cfg_with_jetty_grp 校验 Jetty 无效导致校验流程拒绝继续执行,关键日志：匹配 Invalid token with share_jfr；日志路径：URMA_LOG_PATH,urma_check_jetty_cfg_with_jetty_grp 在执行校验前发现调用方传入的 Jetty 不满足当前操作要求，通常是对象为空、状态不匹配或与 provider 能力不一致，因此直接返回错误以避免继续访问非法资源。,无
urma_882,urma_modify_jetty 校验 Jetty 无效导致修改流程拒绝继续执行,关键日志：匹配 Invalid parameter；日志路径：URMA_LOG_PATH,urma_modify_jetty 在执行修改前发现调用方传入的 Jetty 不满足当前操作要求，通常是对象为空、状态不匹配或与 provider 能力不一致，因此直接返回错误以避免继续访问非法资源。,无
urma_883,urma_modify_jetty 校验 context 无效导致修改流程拒绝继续执行,关键日志：匹配 Invalid parameter；日志路径：URMA_LOG_PATH,urma_modify_jetty 在执行修改前发现调用方传入的 context 不满足当前操作要求，通常是对象为空、状态不匹配或与 provider 能力不一致，因此直接返回错误以避免继续访问非法资源。,无
urma_884,urma_flush_jetty 校验 Jetty 无效导致处理流程拒绝继续执行,关键日志：匹配 Invalid parameter；日志路径：URMA_LOG_PATH,urma_flush_jetty 在执行处理前发现调用方传入的 Jetty 不满足当前操作要求，通常是对象为空、状态不匹配或与 provider 能力不一致，因此直接返回错误以避免继续访问非法资源。,无
urma_885,urma_advise_jetty 校验 目标 Jetty 无效导致处理流程拒绝继续执行,关键日志：匹配 Invalid parameter；日志路径：URMA_LOG_PATH,urma_advise_jetty 在执行处理前发现调用方传入的 目标 Jetty 不满足当前操作要求，通常是对象为空、状态不匹配或与 provider 能力不一致，因此直接返回错误以避免继续访问非法资源。,无
urma_886,urma_advise_jetty 校验 context 无效导致处理流程拒绝继续执行,关键日志：匹配 Invalid parameter；日志路径：URMA_LOG_PATH,urma_advise_jetty 在执行处理前发现调用方传入的 context 不满足当前操作要求，通常是对象为空、状态不匹配或与 provider 能力不一致，因此直接返回错误以避免继续访问非法资源。,无
urma_887,urma_advise_jetty 校验 Jetty 无效导致处理流程拒绝继续执行,关键日志：匹配 Invalid parameter；日志路径：URMA_LOG_PATH,urma_advise_jetty 在执行处理前发现调用方传入的 Jetty 不满足当前操作要求，通常是对象为空、状态不匹配或与 provider 能力不一致，因此直接返回错误以避免继续访问非法资源。,无
urma_888,urma_unadvise_jetty 校验 目标 Jetty 无效导致处理流程拒绝继续执行,关键日志：匹配 Invalid parameter；日志路径：URMA_LOG_PATH,urma_unadvise_jetty 在执行处理前发现调用方传入的 目标 Jetty 不满足当前操作要求，通常是对象为空、状态不匹配或与 provider 能力不一致，因此直接返回错误以避免继续访问非法资源。,无
urma_889,urma_unadvise_jetty 校验 context 无效导致处理流程拒绝继续执行,关键日志：匹配 Invalid parameter；日志路径：URMA_LOG_PATH,urma_unadvise_jetty 在执行处理前发现调用方传入的 context 不满足当前操作要求，通常是对象为空、状态不匹配或与 provider 能力不一致，因此直接返回错误以避免继续访问非法资源。,无
urma_890,urma_unadvise_jetty 校验 Jetty 无效导致处理流程拒绝继续执行,关键日志：匹配 Invalid parameter；日志路径：URMA_LOG_PATH,urma_unadvise_jetty 在执行处理前发现调用方传入的 Jetty 不满足当前操作要求，通常是对象为空、状态不匹配或与 provider 能力不一致，因此直接返回错误以避免继续访问非法资源。,无
urma_891,urma_check_seg_cfg 校验 segment 无效导致校验流程拒绝继续执行,"关键日志：匹配 token_id must set when token_id_valid is true, or must NULL when token_id_valid is false；日志路径：URMA_LOG_PATH",urma_check_seg_cfg 在执行校验前发现调用方传入的 segment 不满足当前操作要求，通常是对象为空、状态不匹配或与 provider 能力不一致，因此直接返回错误以避免继续访问非法资源。,无
urma_892,urma_check_seg_cfg 执行校验 segment 失败导致当前资源状态无法推进,关键日志：匹配 Local only access is not allowed to config with other accesses；日志路径：URMA_LOG_PATH,urma_check_seg_cfg 调用下层 provider、bond 组件或系统接口处理 segment 时返回失败，当前分支携带 ret/errno 等错误结果退出，导致该资源的创建、导入、修改、投递或清理状态无法继续推进。,无
urma_893,urma_check_seg_cfg 执行校验 segment 失败导致当前资源状态无法推进,关键日志：匹配 Write access should be config with read access；日志路径：URMA_LOG_PATH,urma_check_seg_cfg 调用下层 provider、bond 组件或系统接口处理 segment 时返回失败，当前分支携带 ret/errno 等错误结果退出，导致该资源的创建、导入、修改、投递或清理状态无法继续推进。,无
urma_894,urma_check_seg_cfg 执行校验 segment 失败导致当前资源状态无法推进,关键日志：匹配 Atomic access should be config with read and write access；日志路径：URMA_LOG_PATH,urma_check_seg_cfg 调用下层 provider、bond 组件或系统接口处理 segment 时返回失败，当前分支携带 ret/errno 等错误结果退出，导致该资源的创建、导入、修改、投递或清理状态无法继续推进。,无
urma_895,urma_advise_jfr 校验 JFS 无效导致处理流程拒绝继续执行,关键日志：匹配 Invalid parameter；日志路径：URMA_LOG_PATH,urma_advise_jfr 在执行处理前发现调用方传入的 JFS 不满足当前操作要求，通常是对象为空、状态不匹配或与 provider 能力不一致，因此直接返回错误以避免继续访问非法资源。,无
urma_896,urma_advise_jfr 校验 context 无效导致处理流程拒绝继续执行,关键日志：匹配 Invalid parameter；日志路径：URMA_LOG_PATH,urma_advise_jfr 在执行处理前发现调用方传入的 context 不满足当前操作要求，通常是对象为空、状态不匹配或与 provider 能力不一致，因此直接返回错误以避免继续访问非法资源。,无
urma_897,urma_advise_jfr 校验 JFR 无效导致处理流程拒绝继续执行,关键日志：匹配 Invalid parameter；日志路径：URMA_LOG_PATH,urma_advise_jfr 在执行处理前发现调用方传入的 JFR 不满足当前操作要求，通常是对象为空、状态不匹配或与 provider 能力不一致，因此直接返回错误以避免继续访问非法资源。,无
urma_898,urma_unadvise_jfr 校验 JFS 无效导致处理流程拒绝继续执行,关键日志：匹配 Invalid parameter；日志路径：URMA_LOG_PATH,urma_unadvise_jfr 在执行处理前发现调用方传入的 JFS 不满足当前操作要求，通常是对象为空、状态不匹配或与 provider 能力不一致，因此直接返回错误以避免继续访问非法资源。,无
urma_899,urma_unadvise_jfr 校验 context 无效导致处理流程拒绝继续执行,关键日志：匹配 Invalid parameter；日志路径：URMA_LOG_PATH,urma_unadvise_jfr 在执行处理前发现调用方传入的 context 不满足当前操作要求，通常是对象为空、状态不匹配或与 provider 能力不一致，因此直接返回错误以避免继续访问非法资源。,无
urma_900,urma_unadvise_jfr 校验 JFR 无效导致处理流程拒绝继续执行,关键日志：匹配 Invalid parameter；日志路径：URMA_LOG_PATH,urma_unadvise_jfr 在执行处理前发现调用方传入的 JFR 不满足当前操作要求，通常是对象为空、状态不匹配或与 provider 能力不一致，因此直接返回错误以避免继续访问非法资源。,无
urma_901,urma_advise_jfr_async 校验 context 无效导致处理流程拒绝继续执行,关键日志：匹配 Invalid parameter；日志路径：URMA_LOG_PATH,urma_advise_jfr_async 在执行处理前发现调用方传入的 context 不满足当前操作要求，通常是对象为空、状态不匹配或与 provider 能力不一致，因此直接返回错误以避免继续访问非法资源。,无
urma_902,urma_advise_jfr_async 校验 context 无效导致处理流程拒绝继续执行,关键日志：匹配 Invalid parameter；日志路径：URMA_LOG_PATH,urma_advise_jfr_async 在执行处理前发现调用方传入的 context 不满足当前操作要求，通常是对象为空、状态不匹配或与 provider 能力不一致，因此直接返回错误以避免继续访问非法资源。,无
urma_903,urma_advise_jfr_async 校验 JFR 无效导致处理流程拒绝继续执行,关键日志：匹配 Invalid parameter；日志路径：URMA_LOG_PATH,urma_advise_jfr_async 在执行处理前发现调用方传入的 JFR 不满足当前操作要求，通常是对象为空、状态不匹配或与 provider 能力不一致，因此直接返回错误以避免继续访问非法资源。,无
urma_904,urma_user_ctl 校验 context 无效导致处理流程拒绝继续执行,关键日志：匹配 Invalid parameter；日志路径：URMA_LOG_PATH,urma_user_ctl 在执行处理前发现调用方传入的 context 不满足当前操作要求，通常是对象为空、状态不匹配或与 provider 能力不一致，因此直接返回错误以避免继续访问非法资源。,无
urma_905,urma_user_ctl 校验 context 无效导致处理流程拒绝继续执行,关键日志：匹配 Invalid parameter；日志路径：URMA_LOG_PATH,urma_user_ctl 在执行处理前发现调用方传入的 context 不满足当前操作要求，通常是对象为空、状态不匹配或与 provider 能力不一致，因此直接返回错误以避免继续访问非法资源。,无
urma_906,check_valid_sgl 校验 SGL 无效导致校验流程拒绝继续执行,关键日志：匹配 sge is a null pointer；日志路径：URMA_LOG_PATH,check_valid_sgl 在执行校验前发现调用方传入的 SGL 不满足当前操作要求，通常是对象为空、状态不匹配或与 provider 能力不一致，因此直接返回错误以避免继续访问非法资源。,无
urma_907,check_valid_jfr_wr 校验 JFR 无效导致校验流程拒绝继续执行,关键日志：匹配 There are invalid parameters；日志路径：URMA_LOG_PATH,check_valid_jfr_wr 在执行校验前发现调用方传入的 JFR 不满足当前操作要求，通常是对象为空、状态不匹配或与 provider 能力不一致，因此直接返回错误以避免继续访问非法资源。,无
urma_908,urma_write 校验 JFS 无效导致处理流程拒绝继续执行,关键日志：匹配 Invalid parameter；日志路径：URMA_LOG_PATH,urma_write 在执行处理前发现调用方传入的 JFS 不满足当前操作要求，通常是对象为空、状态不匹配或与 provider 能力不一致，因此直接返回错误以避免继续访问非法资源。,无
urma_909,urma_str_to_eid 校验 EID 无效导致处理流程拒绝继续执行,关键日志：匹配 Invalid argument；日志路径：URMA_LOG_PATH,urma_str_to_eid 在执行处理前发现调用方传入的 EID 不满足当前操作要求，通常是对象为空、状态不匹配或与 provider 能力不一致，因此直接返回错误以避免继续访问非法资源。,无
urma_910,urma_str_to_eid 执行处理 EID 失败导致当前资源状态无法推进,关键日志：匹配 format error；日志路径：URMA_LOG_PATH,urma_str_to_eid 调用下层 provider、bond 组件或系统接口处理 EID 时返回失败，当前分支携带 ret/errno 等错误结果退出，导致该资源的创建、导入、修改、投递或清理状态无法继续推进。,无
